{
  "type": "FeatureCollection",
  "attribution": "© OpenStreetMap contributors (ODbL)",
  "features": [
    {
      "type": "Feature",
      "properties": { "district": null, "kind": "major" },
      "geometry": {
        "type": "LineString",
        "coordinates": [
          [63.65277, 53.20704],
          [63.64909, 53.20823]
        ]
      }
    },
    {
      "type": "Feature",
      "properties": { "district": "vokzal", "kind": "minor" },
      "geometry": {
        "type": "LineString",
        "coordinates": [
          [63.58694, 53.2125],
          [63.58564, 53.21272],
          [63.5836, 53.21305],
          [63.5833, 53.2131],
          [63.58247, 53.21323]
        ]
      }
    },
    {
      "type": "Feature",
      "properties": { "district": null, "kind": "major" },
      "geometry": {
        "type": "LineString",
        "coordinates": [
          [63.68801, 53.19568],
          [63.68884, 53.19553]
        ]
      }
    },
    {
      "type": "Feature",
      "properties": { "district": "center", "kind": "major" },
      "geometry": {
        "type": "LineString",
        "coordinates": [
          [63.62533, 53.23232],
          [63.62455, 53.23178],
          [63.62319, 53.23084],
          [63.62308, 53.23076],
          [63.62299, 53.2307],
          [63.62285, 53.2306],
          [63.62253, 53.23038],
          [63.62219, 53.23014],
          [63.62115, 53.22943],
          [63.62058, 53.22902],
          [63.61962, 53.22835],
          [63.61938, 53.22817],
          [63.61915, 53.22801],
          [63.6191, 53.22798],
          [63.61835, 53.22744],
          [63.61798, 53.22718],
          [63.61736, 53.22674],
          [63.61733, 53.22672]
        ]
      }
    },
    {
      "type": "Feature",
      "properties": { "district": "vokzal", "kind": "major" },
      "geometry": {
        "type": "LineString",
        "coordinates": [
          [63.61733, 53.22672],
          [63.61727, 53.22668],
          [63.61723, 53.22665],
          [63.61672, 53.22629],
          [63.61635, 53.22602],
          [63.61581, 53.22563],
          [63.61547, 53.22539]
        ]
      }
    },
    {
      "type": "Feature",
      "properties": { "district": "center", "kind": "major" },
      "geometry": {
        "type": "LineString",
        "coordinates": [
          [63.61547, 53.22539],
          [63.61532, 53.22527]
        ]
      }
    },
    {
      "type": "Feature",
      "properties": { "district": "vokzal", "kind": "major" },
      "geometry": {
        "type": "LineString",
        "coordinates": [
          [63.61532, 53.22527],
          [63.61517, 53.22517],
          [63.61482, 53.22492]
        ]
      }
    },
    {
      "type": "Feature",
      "properties": { "district": "center", "kind": "major" },
      "geometry": {
        "type": "LineString",
        "coordinates": [
          [63.61482, 53.22492],
          [63.6147, 53.22483],
          [63.61459, 53.22475],
          [63.61441, 53.22463]
        ]
      }
    },
    {
      "type": "Feature",
      "properties": { "district": "vokzal", "kind": "major" },
      "geometry": {
        "type": "LineString",
        "coordinates": [
          [63.61441, 53.22463],
          [63.6141, 53.22441],
          [63.61382, 53.22421]
        ]
      }
    },
    {
      "type": "Feature",
      "properties": { "district": "center", "kind": "major" },
      "geometry": {
        "type": "LineString",
        "coordinates": [
          [63.61382, 53.22421],
          [63.61361, 53.22407]
        ]
      }
    },
    {
      "type": "Feature",
      "properties": { "district": "vokzal", "kind": "major" },
      "geometry": {
        "type": "LineString",
        "coordinates": [
          [63.61361, 53.22407],
          [63.61347, 53.22398],
          [63.61325, 53.22382],
          [63.61312, 53.22373],
          [63.61307, 53.22369],
          [63.61242, 53.22324],
          [63.61238, 53.22321],
          [63.61191, 53.22288],
          [63.61158, 53.22265],
          [63.61138, 53.22251],
          [63.61103, 53.22227],
          [63.61078, 53.2221],
          [63.61069, 53.22204],
          [63.6104, 53.22183],
          [63.61006, 53.2216],
          [63.6097, 53.22134]
        ]
      }
    },
    {
      "type": "Feature",
      "properties": { "district": "center", "kind": "major" },
      "geometry": {
        "type": "LineString",
        "coordinates": [
          [63.6097, 53.22134],
          [63.6096, 53.22127]
        ]
      }
    },
    {
      "type": "Feature",
      "properties": { "district": "vokzal", "kind": "major" },
      "geometry": {
        "type": "LineString",
        "coordinates": [
          [63.6096, 53.22127],
          [63.60938, 53.22112]
        ]
      }
    },
    {
      "type": "Feature",
      "properties": { "district": "center", "kind": "major" },
      "geometry": {
        "type": "LineString",
        "coordinates": [
          [63.60938, 53.22112],
          [63.60916, 53.22096]
        ]
      }
    },
    {
      "type": "Feature",
      "properties": { "district": "vokzal", "kind": "major" },
      "geometry": {
        "type": "LineString",
        "coordinates": [
          [63.60916, 53.22096],
          [63.60907, 53.2209],
          [63.60848, 53.22051],
          [63.6076, 53.21991],
          [63.60757, 53.21989],
          [63.60717, 53.21963],
          [63.60646, 53.21925],
          [63.60625, 53.21913]
        ]
      }
    },
    {
      "type": "Feature",
      "properties": { "district": null, "kind": "major" },
      "geometry": {
        "type": "LineString",
        "coordinates": [
          [63.56322, 53.22703],
          [63.56289, 53.22725],
          [63.55944, 53.22938],
          [63.55463, 53.23235],
          [63.55369, 53.23295],
          [63.5529, 53.23343],
          [63.54963, 53.23546],
          [63.54758, 53.2367],
          [63.5459, 53.23774],
          [63.5442, 53.23883],
          [63.54093, 53.24081],
          [63.53653, 53.24359],
          [63.5351, 53.2445],
          [63.53478, 53.2447],
          [63.52879, 53.24842]
        ]
      }
    },
    {
      "type": "Feature",
      "properties": { "district": null, "kind": "major" },
      "geometry": {
        "type": "LineString",
        "coordinates": [
          [63.58277, 53.26378],
          [63.58367, 53.26325],
          [63.5848, 53.26275],
          [63.58598, 53.26228],
          [63.58741, 53.26174],
          [63.59981, 53.2571],
          [63.60082, 53.25671],
          [63.60104, 53.25663],
          [63.60218, 53.2562],
          [63.60892, 53.25367],
          [63.60931, 53.25352],
          [63.60962, 53.2534],
          [63.62273, 53.24849]
        ]
      }
    },
    {
      "type": "Feature",
      "properties": { "district": null, "kind": "major" },
      "geometry": {
        "type": "LineString",
        "coordinates": [
          [63.65735, 53.16066],
          [63.65726, 53.16017]
        ]
      }
    },
    {
      "type": "Feature",
      "properties": { "district": null, "kind": "major" },
      "geometry": {
        "type": "LineString",
        "coordinates": [
          [63.61606, 53.16384],
          [63.61187, 53.16513]
        ]
      }
    },
    {
      "type": "Feature",
      "properties": { "district": "khimik", "kind": "major" },
      "geometry": {
        "type": "LineString",
        "coordinates": [
          [63.61187, 53.16513],
          [63.60972, 53.16581]
        ]
      }
    },
    {
      "type": "Feature",
      "properties": { "district": "kzhbi", "kind": "major" },
      "geometry": {
        "type": "LineString",
        "coordinates": [
          [63.60972, 53.16581],
          [63.60917, 53.16595],
          [63.60868, 53.16605],
          [63.60825, 53.16607]
        ]
      }
    },
    {
      "type": "Feature",
      "properties": { "district": null, "kind": "major" },
      "geometry": {
        "type": "LineString",
        "coordinates": [
          [63.68631, 53.19482],
          [63.68663, 53.19532],
          [63.68702, 53.19553]
        ]
      }
    },
    {
      "type": "Feature",
      "properties": { "district": null, "kind": "major" },
      "geometry": {
        "type": "LineString",
        "coordinates": [
          [63.68719, 53.19558],
          [63.68734, 53.19567],
          [63.68742, 53.19579],
          [63.68743, 53.19591],
          [63.68737, 53.19603],
          [63.68726, 53.19613],
          [63.68713, 53.19618],
          [63.68697, 53.19622],
          [63.68681, 53.19623],
          [63.68665, 53.19621],
          [63.68653, 53.19617],
          [63.68639, 53.1961],
          [63.68629, 53.19601],
          [63.68625, 53.1959],
          [63.68626, 53.19579],
          [63.68633, 53.19569],
          [63.68646, 53.1956],
          [63.68663, 53.19554],
          [63.68683, 53.19552],
          [63.68702, 53.19553],
          [63.68719, 53.19558]
        ]
      }
    },
    {
      "type": "Feature",
      "properties": { "district": null, "kind": "minor" },
      "geometry": {
        "type": "LineString",
        "coordinates": [
          [63.68693, 53.19659],
          [63.68665, 53.19621]
        ]
      }
    },
    {
      "type": "Feature",
      "properties": { "district": null, "kind": "major" },
      "geometry": {
        "type": "LineString",
        "coordinates": [
          [63.68375, 53.19689],
          [63.68355, 53.19695],
          [63.66617, 53.20262],
          [63.66202, 53.20398],
          [63.6563, 53.20586],
          [63.65611, 53.20593],
          [63.65587, 53.20601],
          [63.65277, 53.20704]
        ]
      }
    },
    {
      "type": "Feature",
      "properties": { "district": null, "kind": "major" },
      "geometry": {
        "type": "LineString",
        "coordinates": [
          [63.68552, 53.19632],
          [63.68542, 53.19635],
          [63.68533, 53.19638],
          [63.68454, 53.19663],
          [63.68375, 53.19689]
        ]
      }
    },
    {
      "type": "Feature",
      "properties": { "district": null, "kind": "major" },
      "geometry": {
        "type": "LineString",
        "coordinates": [
          [63.68801, 53.19568],
          [63.68763, 53.19585],
          [63.68737, 53.19603]
        ]
      }
    },
    {
      "type": "Feature",
      "properties": { "district": "vokzal", "kind": "major" },
      "geometry": {
        "type": "LineString",
        "coordinates": [
          [63.61127, 53.22743],
          [63.61142, 53.22735],
          [63.61188, 53.2271],
          [63.61206, 53.22701],
          [63.61226, 53.22691],
          [63.61256, 53.22676],
          [63.61358, 53.22623],
          [63.61377, 53.22614],
          [63.61387, 53.22608],
          [63.61518, 53.22535],
          [63.61532, 53.22527]
        ]
      }
    },
    {
      "type": "Feature",
      "properties": { "district": "center", "kind": "major" },
      "geometry": {
        "type": "LineString",
        "coordinates": [
          [63.61532, 53.22527],
          [63.61543, 53.22522],
          [63.61696, 53.22445],
          [63.61718, 53.22434],
          [63.61737, 53.22424],
          [63.6188, 53.22353],
          [63.61893, 53.22346],
          [63.61917, 53.22334],
          [63.61971, 53.22307],
          [63.62057, 53.22264],
          [63.62066, 53.22259],
          [63.62085, 53.22249],
          [63.62234, 53.22169],
          [63.62254, 53.22159],
          [63.6226, 53.22156],
          [63.62346, 53.22112],
          [63.62396, 53.22086],
          [63.62408, 53.2208],
          [63.62422, 53.22073],
          [63.62431, 53.22068],
          [63.6257, 53.22]
        ]
      }
    },
    {
      "type": "Feature",
      "properties": { "district": "ksk", "kind": "major" },
      "geometry": {
        "type": "LineString",
        "coordinates": [
          [63.68517, 53.22788],
          [63.68198, 53.22925]
        ]
      }
    },
    {
      "type": "Feature",
      "properties": { "district": "narimanovka", "kind": "minor" },
      "geometry": {
        "type": "LineString",
        "coordinates": [
          [63.61917, 53.2082],
          [63.62092, 53.20727],
          [63.62249, 53.20655],
          [63.62258, 53.20651],
          [63.62269, 53.20646],
          [63.62428, 53.20574],
          [63.62438, 53.20569],
          [63.62505, 53.20536],
          [63.6253, 53.20523],
          [63.62596, 53.20491],
          [63.62596, 53.20491],
          [63.62626, 53.20478],
          [63.62666, 53.20458],
          [63.62681, 53.2045],
          [63.62685, 53.20449],
          [63.62756, 53.20412],
          [63.62763, 53.20409],
          [63.62775, 53.20404],
          [63.62784, 53.20399],
          [63.62878, 53.20355],
          [63.62958, 53.20318],
          [63.63085, 53.20253],
          [63.63163, 53.2022],
          [63.63257, 53.20178],
          [63.63328, 53.20142],
          [63.63417, 53.20098],
          [63.63583, 53.20027]
        ]
      }
    },
    {
      "type": "Feature",
      "properties": { "district": "center", "kind": "major" },
      "geometry": {
        "type": "LineString",
        "coordinates": [
          [63.62533, 53.23232],
          [63.62415, 53.23288],
          [63.62364, 53.23317]
        ]
      }
    },
    {
      "type": "Feature",
      "properties": { "district": "zapadny", "kind": "minor" },
      "geometry": {
        "type": "LineString",
        "coordinates": [
          [63.5862, 53.18771],
          [63.58734, 53.18763],
          [63.58748, 53.18762],
          [63.58921, 53.18748],
          [63.58982, 53.18744],
          [63.59006, 53.18741],
          [63.59126, 53.18731],
          [63.59266, 53.18719],
          [63.5929, 53.18717],
          [63.59456, 53.18704],
          [63.59587, 53.18694],
          [63.59661, 53.18688],
          [63.59683, 53.18686],
          [63.59712, 53.18682],
          [63.5983, 53.18667],
          [63.6001, 53.1864],
          [63.60097, 53.18627],
          [63.60142, 53.1862]
        ]
      }
    },
    {
      "type": "Feature",
      "properties": { "district": "kzhbi", "kind": "minor" },
      "geometry": {
        "type": "LineString",
        "coordinates": [
          [63.60142, 53.1862],
          [63.60164, 53.18617]
        ]
      }
    },
    {
      "type": "Feature",
      "properties": { "district": "zapadny", "kind": "minor" },
      "geometry": {
        "type": "LineString",
        "coordinates": [
          [63.60164, 53.18617],
          [63.60186, 53.18614],
          [63.60231, 53.18608],
          [63.6029, 53.18599],
          [63.60371, 53.18586],
          [63.60383, 53.18585],
          [63.60433, 53.18577],
          [63.60485, 53.18569]
        ]
      }
    },
    {
      "type": "Feature",
      "properties": { "district": "kzhbi", "kind": "minor" },
      "geometry": {
        "type": "LineString",
        "coordinates": [
          [63.59481, 53.18175],
          [63.59477, 53.18165],
          [63.59455, 53.18112],
          [63.59441, 53.18076],
          [63.59427, 53.18042],
          [63.59413, 53.18006],
          [63.59402, 53.1798],
          [63.59385, 53.17946]
        ]
      }
    },
    {
      "type": "Feature",
      "properties": { "district": "narimanovka", "kind": "minor" },
      "geometry": {
        "type": "LineString",
        "coordinates": [
          [63.62381, 53.20112],
          [63.62372, 53.20117],
          [63.62263, 53.2017],
          [63.62212, 53.20195],
          [63.62175, 53.20213],
          [63.62113, 53.20243],
          [63.62025, 53.20287],
          [63.61871, 53.20367],
          [63.61851, 53.20377],
          [63.61683, 53.20463],
          [63.61524, 53.20543]
        ]
      }
    },
    {
      "type": "Feature",
      "properties": { "district": "zapadny", "kind": "minor" },
      "geometry": {
        "type": "LineString",
        "coordinates": [
          [63.61524, 53.20543],
          [63.6151, 53.2055],
          [63.61432, 53.20591],
          [63.61354, 53.20631],
          [63.61259, 53.2068],
          [63.61243, 53.20689],
          [63.61175, 53.20723],
          [63.61166, 53.20728]
        ]
      }
    },
    {
      "type": "Feature",
      "properties": { "district": "center", "kind": "minor" },
      "geometry": {
        "type": "LineString",
        "coordinates": [
          [63.61166, 53.20728],
          [63.61038, 53.20794]
        ]
      }
    },
    {
      "type": "Feature",
      "properties": { "district": "zapadny", "kind": "minor" },
      "geometry": {
        "type": "LineString",
        "coordinates": [
          [63.61038, 53.20794],
          [63.61015, 53.20807],
          [63.60972, 53.20828],
          [63.60863, 53.20883]
        ]
      }
    },
    {
      "type": "Feature",
      "properties": { "district": "center", "kind": "minor" },
      "geometry": {
        "type": "LineString",
        "coordinates": [
          [63.60863, 53.20883],
          [63.60828, 53.20901],
          [63.60777, 53.20927]
        ]
      }
    },
    {
      "type": "Feature",
      "properties": { "district": "zapadny", "kind": "minor" },
      "geometry": {
        "type": "LineString",
        "coordinates": [
          [63.60777, 53.20927],
          [63.60747, 53.20943],
          [63.6067, 53.20982],
          [63.60599, 53.21018]
        ]
      }
    },
    {
      "type": "Feature",
      "properties": { "district": "center", "kind": "minor" },
      "geometry": {
        "type": "LineString",
        "coordinates": [
          [63.60599, 53.21018],
          [63.60438, 53.21099]
        ]
      }
    },
    {
      "type": "Feature",
      "properties": { "district": "zapadny", "kind": "minor" },
      "geometry": {
        "type": "LineString",
        "coordinates": [
          [63.60438, 53.21099],
          [63.604, 53.2112]
        ]
      }
    },
    {
      "type": "Feature",
      "properties": { "district": "center", "kind": "minor" },
      "geometry": {
        "type": "LineString",
        "coordinates": [
          [63.604, 53.2112],
          [63.60309, 53.21169]
        ]
      }
    },
    {
      "type": "Feature",
      "properties": { "district": "zapadny", "kind": "minor" },
      "geometry": {
        "type": "LineString",
        "coordinates": [
          [63.60309, 53.21169],
          [63.6023, 53.21209],
          [63.60227, 53.21211]
        ]
      }
    },
    {
      "type": "Feature",
      "properties": { "district": "center", "kind": "minor" },
      "geometry": {
        "type": "LineString",
        "coordinates": [
          [63.60227, 53.21211],
          [63.60121, 53.21265],
          [63.60102, 53.21275]
        ]
      }
    },
    {
      "type": "Feature",
      "properties": { "district": "vokzal", "kind": "major" },
      "geometry": {
        "type": "LineString",
        "coordinates": [
          [63.58247, 53.21323],
          [63.58284, 53.21309],
          [63.58309, 53.21295],
          [63.58328, 53.21283],
          [63.58355, 53.2126]
        ]
      }
    },
    {
      "type": "Feature",
      "properties": { "district": "aeroport", "kind": "major" },
      "geometry": {
        "type": "LineString",
        "coordinates": [
          [63.58355, 53.2126],
          [63.58374, 53.21235],
          [63.58393, 53.21196],
          [63.58472, 53.21034]
        ]
      }
    },
    {
      "type": "Feature",
      "properties": { "district": "center", "kind": "minor" },
      "geometry": {
        "type": "LineString",
        "coordinates": [
          [63.60777, 53.20927],
          [63.60794, 53.20939],
          [63.60807, 53.20948],
          [63.60831, 53.20965],
          [63.6084, 53.20971],
          [63.60862, 53.20986],
          [63.60888, 53.21004],
          [63.60891, 53.21006],
          [63.61059, 53.21122],
          [63.61079, 53.21136],
          [63.61231, 53.21241],
          [63.61239, 53.21247],
          [63.61267, 53.21265],
          [63.61273, 53.2127],
          [63.61341, 53.21317],
          [63.61373, 53.21339],
          [63.61387, 53.21348],
          [63.61435, 53.21381],
          [63.61452, 53.21394]
        ]
      }
    },
    {
      "type": "Feature",
      "properties": { "district": "vokzal", "kind": "major" },
      "geometry": {
        "type": "LineString",
        "coordinates": [
          [63.59344, 53.2084],
          [63.59374, 53.20859]
        ]
      }
    },
    {
      "type": "Feature",
      "properties": { "district": "zapadny", "kind": "major" },
      "geometry": {
        "type": "LineString",
        "coordinates": [
          [63.59374, 53.20859],
          [63.59385, 53.20867]
        ]
      }
    },
    {
      "type": "Feature",
      "properties": { "district": "vokzal", "kind": "major" },
      "geometry": {
        "type": "LineString",
        "coordinates": [
          [63.59385, 53.20867],
          [63.59411, 53.20883]
        ]
      }
    },
    {
      "type": "Feature",
      "properties": { "district": "zapadny", "kind": "major" },
      "geometry": {
        "type": "LineString",
        "coordinates": [
          [63.59411, 53.20883],
          [63.59494, 53.20933],
          [63.59535, 53.20958],
          [63.59555, 53.2097]
        ]
      }
    },
    {
      "type": "Feature",
      "properties": { "district": "vokzal", "kind": "major" },
      "geometry": {
        "type": "LineString",
        "coordinates": [
          [63.59555, 53.2097],
          [63.59664, 53.21036]
        ]
      }
    },
    {
      "type": "Feature",
      "properties": { "district": "zapadny", "kind": "major" },
      "geometry": {
        "type": "LineString",
        "coordinates": [
          [63.59664, 53.21036],
          [63.59689, 53.2105]
        ]
      }
    },
    {
      "type": "Feature",
      "properties": { "district": "vokzal", "kind": "major" },
      "geometry": {
        "type": "LineString",
        "coordinates": [
          [63.60832, 53.21703],
          [63.60781, 53.2167]
        ]
      }
    },
    {
      "type": "Feature",
      "properties": { "district": "center", "kind": "major" },
      "geometry": {
        "type": "LineString",
        "coordinates": [
          [63.60781, 53.2167],
          [63.60762, 53.21657]
        ]
      }
    },
    {
      "type": "Feature",
      "properties": { "district": "vokzal", "kind": "major" },
      "geometry": {
        "type": "LineString",
        "coordinates": [
          [63.60762, 53.21657],
          [63.60718, 53.21629],
          [63.60574, 53.21529],
          [63.60551, 53.21513],
          [63.60488, 53.21471],
          [63.60461, 53.21457]
        ]
      }
    },
    {
      "type": "Feature",
      "properties": { "district": "center", "kind": "major" },
      "geometry": {
        "type": "LineString",
        "coordinates": [
          [63.60461, 53.21457],
          [63.60454, 53.21454]
        ]
      }
    },
    {
      "type": "Feature",
      "properties": { "district": "vokzal", "kind": "major" },
      "geometry": {
        "type": "LineString",
        "coordinates": [
          [63.60454, 53.21454],
          [63.60444, 53.21449],
          [63.60401, 53.21429]
        ]
      }
    },
    {
      "type": "Feature",
      "properties": { "district": "center", "kind": "major" },
      "geometry": {
        "type": "LineString",
        "coordinates": [
          [63.60401, 53.21429],
          [63.60332, 53.21394]
        ]
      }
    },
    {
      "type": "Feature",
      "properties": { "district": "vokzal", "kind": "major" },
      "geometry": {
        "type": "LineString",
        "coordinates": [
          [63.60332, 53.21394],
          [63.60295, 53.21375],
          [63.60189, 53.2132],
          [63.60107, 53.21277],
          [63.60102, 53.21275]
        ]
      }
    },
    {
      "type": "Feature",
      "properties": { "district": "zapadny", "kind": "major" },
      "geometry": {
        "type": "LineString",
        "coordinates": [
          [63.60102, 53.21275],
          [63.60044, 53.21245]
        ]
      }
    },
    {
      "type": "Feature",
      "properties": { "district": "vokzal", "kind": "major" },
      "geometry": {
        "type": "LineString",
        "coordinates": [
          [63.60044, 53.21245],
          [63.59994, 53.2122],
          [63.59945, 53.21196],
          [63.59905, 53.21176]
        ]
      }
    },
    {
      "type": "Feature",
      "properties": { "district": "zapadny", "kind": "major" },
      "geometry": {
        "type": "LineString",
        "coordinates": [
          [63.59905, 53.21176],
          [63.59846, 53.21147]
        ]
      }
    },
    {
      "type": "Feature",
      "properties": { "district": "vokzal", "kind": "minor" },
      "geometry": {
        "type": "LineString",
        "coordinates": [
          [63.60341, 53.22293],
          [63.60347, 53.22285],
          [63.604, 53.22208],
          [63.60425, 53.22172],
          [63.60452, 53.22131],
          [63.60492, 53.22072],
          [63.60514, 53.22041],
          [63.6054, 53.22008],
          [63.60601, 53.2194],
          [63.60606, 53.21935],
          [63.60625, 53.21913]
        ]
      }
    },
    {
      "type": "Feature",
      "properties": { "district": "center", "kind": "major" },
      "geometry": {
        "type": "LineString",
        "coordinates": [
          [63.65423, 53.21882],
          [63.65404, 53.21891],
          [63.65263, 53.21956]
        ]
      }
    },
    {
      "type": "Feature",
      "properties": { "district": "perevalovka", "kind": "major" },
      "geometry": {
        "type": "LineString",
        "coordinates": [
          [63.65263, 53.21956],
          [63.65233, 53.2197],
          [63.65074, 53.22043]
        ]
      }
    },
    {
      "type": "Feature",
      "properties": { "district": "vokzal", "kind": "minor" },
      "geometry": {
        "type": "LineString",
        "coordinates": [
          [63.62108, 53.23139],
          [63.6214, 53.23162],
          [63.62181, 53.2319],
          [63.62207, 53.2321],
          [63.62244, 53.23236],
          [63.6229, 53.23269],
          [63.62349, 53.23307],
          [63.62364, 53.23317]
        ]
      }
    },
    {
      "type": "Feature",
      "properties": { "district": "perevalovka", "kind": "minor" },
      "geometry": {
        "type": "LineString",
        "coordinates": [
          [63.66087, 53.23051],
          [63.66067, 53.23041],
          [63.65975, 53.22999],
          [63.65941, 53.22983],
          [63.65832, 53.22932],
          [63.65805, 53.22919],
          [63.65561, 53.22806]
        ]
      }
    },
    {
      "type": "Feature",
      "properties": { "district": null, "kind": "major" },
      "geometry": {
        "type": "LineString",
        "coordinates": [
          [63.75365, 53.31466],
          [63.75313, 53.31406],
          [63.75072, 53.31088],
          [63.74869, 53.30851],
          [63.74576, 53.30512],
          [63.74108, 53.30151],
          [63.74016, 53.30083],
          [63.7369, 53.29888],
          [63.73235, 53.29519],
          [63.72812, 53.28983],
          [63.72777, 53.28936],
          [63.72428, 53.28492]
        ]
      }
    },
    {
      "type": "Feature",
      "properties": { "district": "zelenstroy", "kind": "major" },
      "geometry": {
        "type": "LineString",
        "coordinates": [
          [63.72428, 53.28492],
          [63.72089, 53.28047],
          [63.72016, 53.27952],
          [63.71974, 53.27897],
          [63.71896, 53.27793],
          [63.715, 53.27265],
          [63.7117, 53.26824],
          [63.71153, 53.26801],
          [63.71142, 53.26787]
        ]
      }
    },
    {
      "type": "Feature",
      "properties": { "district": "narimanovka", "kind": "major" },
      "geometry": {
        "type": "LineString",
        "coordinates": [
          [63.61779, 53.19098],
          [63.61768, 53.19016]
        ]
      }
    },
    {
      "type": "Feature",
      "properties": { "district": "vokzal", "kind": "minor" },
      "geometry": {
        "type": "LineString",
        "coordinates": [
          [63.60341, 53.22293],
          [63.60354, 53.22301],
          [63.60493, 53.2238],
          [63.60553, 53.22414],
          [63.60657, 53.22474],
          [63.60678, 53.22486],
          [63.60787, 53.22548],
          [63.60795, 53.22553],
          [63.60817, 53.22566],
          [63.6084, 53.22579],
          [63.60855, 53.22588],
          [63.60893, 53.22611],
          [63.60907, 53.22619]
        ]
      }
    },
    {
      "type": "Feature",
      "properties": { "district": "zapadny", "kind": "minor" },
      "geometry": {
        "type": "LineString",
        "coordinates": [
          [63.58641, 53.20387],
          [63.58664, 53.20385],
          [63.58694, 53.20382],
          [63.58767, 53.20374],
          [63.58783, 53.20372],
          [63.58927, 53.20358],
          [63.58948, 53.20355],
          [63.58965, 53.20354],
          [63.59089, 53.20343],
          [63.59162, 53.20337],
          [63.59189, 53.20334],
          [63.59283, 53.20326],
          [63.59392, 53.20316],
          [63.59397, 53.20316],
          [63.59421, 53.20314],
          [63.59481, 53.20308],
          [63.59537, 53.20303],
          [63.59648, 53.20294],
          [63.59661, 53.20292],
          [63.59893, 53.2027],
          [63.59924, 53.20267],
          [63.60189, 53.20242],
          [63.60458, 53.20218],
          [63.60587, 53.20206],
          [63.60691, 53.20196],
          [63.6078, 53.20188],
          [63.60916, 53.20172],
          [63.60941, 53.2017]
        ]
      }
    },
    {
      "type": "Feature",
      "properties": { "district": "vokzal", "kind": "major" },
      "geometry": {
        "type": "LineString",
        "coordinates": [
          [63.65587, 53.23427],
          [63.65563, 53.23416]
        ]
      }
    },
    {
      "type": "Feature",
      "properties": { "district": "perevalovka", "kind": "major" },
      "geometry": {
        "type": "LineString",
        "coordinates": [
          [63.65563, 53.23416],
          [63.65475, 53.23373]
        ]
      }
    },
    {
      "type": "Feature",
      "properties": { "district": "vokzal", "kind": "major" },
      "geometry": {
        "type": "LineString",
        "coordinates": [
          [63.65475, 53.23373],
          [63.65423, 53.2335],
          [63.65383, 53.23332]
        ]
      }
    },
    {
      "type": "Feature",
      "properties": { "district": "perevalovka", "kind": "major" },
      "geometry": {
        "type": "LineString",
        "coordinates": [
          [63.65383, 53.23332],
          [63.65255, 53.23274]
        ]
      }
    },
    {
      "type": "Feature",
      "properties": { "district": "vokzal", "kind": "major" },
      "geometry": {
        "type": "LineString",
        "coordinates": [
          [63.65255, 53.23274],
          [63.65126, 53.23207],
          [63.65063, 53.23168],
          [63.64934, 53.23087],
          [63.64874, 53.23044],
          [63.6487, 53.23041],
          [63.64797, 53.2298],
          [63.64726, 53.22919],
          [63.64638, 53.22842]
        ]
      }
    },
    {
      "type": "Feature",
      "properties": { "district": "perevalovka", "kind": "major" },
      "geometry": {
        "type": "LineString",
        "coordinates": [
          [63.64638, 53.22842],
          [63.64557, 53.22773]
        ]
      }
    },
    {
      "type": "Feature",
      "properties": { "district": "vokzal", "kind": "major" },
      "geometry": {
        "type": "LineString",
        "coordinates": [
          [63.64557, 53.22773],
          [63.64406, 53.22645],
          [63.64371, 53.22615],
          [63.64188, 53.22461]
        ]
      }
    },
    {
      "type": "Feature",
      "properties": { "district": "center", "kind": "major" },
      "geometry": {
        "type": "LineString",
        "coordinates": [
          [63.64188, 53.22461],
          [63.64018, 53.22308],
          [63.64005, 53.22295],
          [63.63926, 53.22227],
          [63.63842, 53.22153]
        ]
      }
    },
    {
      "type": "Feature",
      "properties": { "district": "kzhbi", "kind": "major" },
      "geometry": {
        "type": "LineString",
        "coordinates": [
          [63.6188, 53.18095],
          [63.61761, 53.18126],
          [63.61619, 53.18164],
          [63.61612, 53.18166],
          [63.61507, 53.18193]
        ]
      }
    },
    {
      "type": "Feature",
      "properties": { "district": "kzhbi", "kind": "minor" },
      "geometry": {
        "type": "LineString",
        "coordinates": [
          [63.61334, 53.17415],
          [63.61278, 53.17432],
          [63.6127, 53.17434],
          [63.61093, 53.17489],
          [63.61054, 53.17502],
          [63.60988, 53.17524],
          [63.60946, 53.17537],
          [63.6091, 53.17549],
          [63.60791, 53.17589],
          [63.60769, 53.17596],
          [63.6059, 53.17655],
          [63.60579, 53.17658],
          [63.60433, 53.17707],
          [63.60381, 53.17724],
          [63.60293, 53.17753],
          [63.60277, 53.17758],
          [63.60252, 53.17767],
          [63.60243, 53.1777],
          [63.60235, 53.17772],
          [63.60227, 53.17775],
          [63.60216, 53.17778]
        ]
      }
    },
    {
      "type": "Feature",
      "properties": { "district": "kzhbi", "kind": "minor" },
      "geometry": {
        "type": "LineString",
        "coordinates": [
          [63.59975, 53.17451],
          [63.59986, 53.17448],
          [63.59997, 53.17445],
          [63.60007, 53.17442],
          [63.60054, 53.17428],
          [63.6011, 53.17411],
          [63.60208, 53.17384],
          [63.60272, 53.17368],
          [63.60286, 53.17365],
          [63.60379, 53.17342],
          [63.60432, 53.17339],
          [63.60516, 53.17337],
          [63.60536, 53.17338],
          [63.60565, 53.17338],
          [63.60638, 53.17339],
          [63.60712, 53.1734],
          [63.60718, 53.1734],
          [63.60739, 53.1734],
          [63.60868, 53.17341],
          [63.60887, 53.17342],
          [63.60974, 53.17343],
          [63.61134, 53.17345],
          [63.61152, 53.17346],
          [63.612, 53.17358],
          [63.61239, 53.17372],
          [63.61273, 53.17385],
          [63.61312, 53.17405],
          [63.61334, 53.17415]
        ]
      }
    },
    {
      "type": "Feature",
      "properties": { "district": "kzhbi", "kind": "major" },
      "geometry": {
        "type": "LineString",
        "coordinates": [
          [63.6139, 53.17442],
          [63.61412, 53.17455],
          [63.61441, 53.17477],
          [63.61476, 53.17507],
          [63.61524, 53.17571],
          [63.61571, 53.17636],
          [63.61667, 53.17774],
          [63.61685, 53.17803],
          [63.61704, 53.17832],
          [63.61732, 53.17875],
          [63.6177, 53.1793],
          [63.61801, 53.17973],
          [63.6182, 53.18003],
          [63.61854, 53.18056],
          [63.61874, 53.18086],
          [63.6188, 53.18095]
        ]
      }
    },
    {
      "type": "Feature",
      "properties": { "district": "kzhbi", "kind": "minor" },
      "geometry": {
        "type": "LineString",
        "coordinates": [
          [63.61667, 53.17774],
          [63.61614, 53.17788],
          [63.6157, 53.178],
          [63.61565, 53.17801],
          [63.61412, 53.17842],
          [63.6137, 53.17853],
          [63.61297, 53.17872],
          [63.61236, 53.17888],
          [63.61195, 53.17898],
          [63.61073, 53.17925]
        ]
      }
    },
    {
      "type": "Feature",
      "properties": { "district": "kzhbi", "kind": "minor" },
      "geometry": {
        "type": "LineString",
        "coordinates": [
          [63.58731, 53.17392],
          [63.58793, 53.17405],
          [63.58826, 53.17411],
          [63.58869, 53.1742],
          [63.58911, 53.17429],
          [63.59005, 53.17448],
          [63.59068, 53.1746],
          [63.5909, 53.17465],
          [63.59187, 53.17484],
          [63.59395, 53.17524]
        ]
      }
    },
    {
      "type": "Feature",
      "properties": { "district": "center", "kind": "minor" },
      "geometry": {
        "type": "LineString",
        "coordinates": [
          [63.62066, 53.22259],
          [63.6208, 53.22269],
          [63.62129, 53.22303],
          [63.62252, 53.22389],
          [63.62263, 53.22396],
          [63.62271, 53.22401],
          [63.62277, 53.22406],
          [63.62449, 53.22525],
          [63.62466, 53.22537],
          [63.62587, 53.22621],
          [63.62639, 53.22658],
          [63.62653, 53.22667],
          [63.62665, 53.22676],
          [63.62847, 53.22802],
          [63.62862, 53.22812],
          [63.62941, 53.22867],
          [63.62959, 53.2288],
          [63.63072, 53.22959],
          [63.63088, 53.2297]
        ]
      }
    },
    {
      "type": "Feature",
      "properties": { "district": "center", "kind": "minor" },
      "geometry": {
        "type": "LineString",
        "coordinates": [
          [63.63315, 53.21854],
          [63.6333, 53.21847],
          [63.63406, 53.21807],
          [63.63451, 53.21784],
          [63.6349, 53.21764],
          [63.63525, 53.21746],
          [63.63538, 53.21739],
          [63.63584, 53.21716],
          [63.63593, 53.21711],
          [63.63655, 53.21679],
          [63.63663, 53.21675],
          [63.63678, 53.21667],
          [63.63686, 53.21663],
          [63.63856, 53.21576]
        ]
      }
    },
    {
      "type": "Feature",
      "properties": { "district": "narimanovka", "kind": "minor" },
      "geometry": {
        "type": "LineString",
        "coordinates": [
          [63.61942, 53.19715],
          [63.61925, 53.19724]
        ]
      }
    },
    {
      "type": "Feature",
      "properties": { "district": "narimanovka", "kind": "minor" },
      "geometry": {
        "type": "LineString",
        "coordinates": [
          [63.64694, 53.2088],
          [63.64658, 53.20855],
          [63.64614, 53.20825],
          [63.64535, 53.20769],
          [63.64534, 53.20769],
          [63.64522, 53.2076],
          [63.64506, 53.20749],
          [63.64505, 53.20748],
          [63.64447, 53.2071],
          [63.64334, 53.20634],
          [63.64312, 53.20619],
          [63.64253, 53.20579],
          [63.64193, 53.20539],
          [63.64148, 53.20508],
          [63.64134, 53.20503],
          [63.64121, 53.20503],
          [63.64107, 53.20507]
        ]
      }
    },
    {
      "type": "Feature",
      "properties": { "district": "narimanovka", "kind": "minor" },
      "geometry": {
        "type": "LineString",
        "coordinates": [
          [63.64698, 53.20594],
          [63.64694, 53.20589],
          [63.64666, 53.2056],
          [63.64652, 53.20545],
          [63.64634, 53.20528],
          [63.64599, 53.20499],
          [63.64483, 53.20415],
          [63.64448, 53.20384],
          [63.64382, 53.2033],
          [63.64362, 53.20314],
          [63.64255, 53.20237],
          [63.64203, 53.20199]
        ]
      }
    },
    {
      "type": "Feature",
      "properties": { "district": "narimanovka", "kind": "minor" },
      "geometry": {
        "type": "LineString",
        "coordinates": [
          [63.62349, 53.21173],
          [63.62407, 53.21141],
          [63.6245, 53.21119],
          [63.62507, 53.2109],
          [63.62539, 53.21074],
          [63.62582, 53.21052],
          [63.62585, 53.2105]
        ]
      }
    },
    {
      "type": "Feature",
      "properties": { "district": "center", "kind": "minor" },
      "geometry": {
        "type": "LineString",
        "coordinates": [
          [63.62585, 53.2105],
          [63.62616, 53.21034],
          [63.62678, 53.21003]
        ]
      }
    },
    {
      "type": "Feature",
      "properties": { "district": "narimanovka", "kind": "minor" },
      "geometry": {
        "type": "LineString",
        "coordinates": [
          [63.62678, 53.21003],
          [63.62685, 53.20999],
          [63.62718, 53.20983],
          [63.62723, 53.2098],
          [63.62775, 53.20953]
        ]
      }
    },
    {
      "type": "Feature",
      "properties": { "district": "center", "kind": "minor" },
      "geometry": {
        "type": "LineString",
        "coordinates": [
          [63.62775, 53.20953],
          [63.62884, 53.20898],
          [63.62937, 53.20872]
        ]
      }
    },
    {
      "type": "Feature",
      "properties": { "district": "narimanovka", "kind": "minor" },
      "geometry": {
        "type": "LineString",
        "coordinates": [
          [63.62937, 53.20872],
          [63.62974, 53.20854]
        ]
      }
    },
    {
      "type": "Feature",
      "properties": { "district": "center", "kind": "minor" },
      "geometry": {
        "type": "LineString",
        "coordinates": [
          [63.62974, 53.20854],
          [63.63015, 53.20834]
        ]
      }
    },
    {
      "type": "Feature",
      "properties": { "district": "narimanovka", "kind": "minor" },
      "geometry": {
        "type": "LineString",
        "coordinates": [
          [63.63015, 53.20834],
          [63.6305, 53.20816]
        ]
      }
    },
    {
      "type": "Feature",
      "properties": { "district": "center", "kind": "minor" },
      "geometry": {
        "type": "LineString",
        "coordinates": [
          [63.6305, 53.20816],
          [63.63062, 53.20811],
          [63.63102, 53.2079],
          [63.63228, 53.20725]
        ]
      }
    },
    {
      "type": "Feature",
      "properties": { "district": "narimanovka", "kind": "minor" },
      "geometry": {
        "type": "LineString",
        "coordinates": [
          [63.63228, 53.20725],
          [63.63237, 53.2072]
        ]
      }
    },
    {
      "type": "Feature",
      "properties": { "district": "narimanovka", "kind": "minor" },
      "geometry": {
        "type": "LineString",
        "coordinates": [
          [63.64107, 53.20507],
          [63.63961, 53.2058],
          [63.63945, 53.20589],
          [63.63784, 53.20671],
          [63.63758, 53.20684],
          [63.63617, 53.20756],
          [63.63609, 53.2076],
          [63.63438, 53.20848],
          [63.6343, 53.20852],
          [63.63426, 53.20854]
        ]
      }
    },
    {
      "type": "Feature",
      "properties": { "district": "center", "kind": "minor" },
      "geometry": {
        "type": "LineString",
        "coordinates": [
          [63.63426, 53.20854],
          [63.63421, 53.20857],
          [63.63399, 53.20868],
          [63.63321, 53.20908],
          [63.63255, 53.20942],
          [63.63243, 53.20948],
          [63.63229, 53.20955],
          [63.63193, 53.20974],
          [63.63167, 53.20987],
          [63.63074, 53.21035],
          [63.62946, 53.211],
          [63.62904, 53.21122],
          [63.62811, 53.21169],
          [63.62753, 53.21199],
          [63.62727, 53.21213],
          [63.62712, 53.2122],
          [63.62684, 53.21235],
          [63.62677, 53.21239],
          [63.6263, 53.21263],
          [63.6254, 53.21308],
          [63.62493, 53.21333],
          [63.62446, 53.21357],
          [63.62402, 53.21379],
          [63.62363, 53.21399],
          [63.62355, 53.21403],
          [63.62348, 53.21407],
          [63.622, 53.21483],
          [63.62187, 53.21489],
          [63.62058, 53.21556],
          [63.62029, 53.2157],
          [63.62011, 53.21579],
          [63.62001, 53.21585],
          [63.61997, 53.21587],
          [63.61984, 53.21593],
          [63.61849, 53.21663],
          [63.61838, 53.21669],
          [63.61827, 53.21674],
          [63.61751, 53.21713],
          [63.61679, 53.2175],
          [63.61665, 53.21757],
          [63.61652, 53.21764],
          [63.61502, 53.21841],
          [63.61475, 53.21854],
          [63.61429, 53.21878],
          [63.61348, 53.2192],
          [63.61335, 53.21924],
          [63.61321, 53.21926]
        ]
      }
    },
    {
      "type": "Feature",
      "properties": { "district": "zapadny", "kind": "minor" },
      "geometry": {
        "type": "LineString",
        "coordinates": [
          [63.60847, 53.1952],
          [63.60759, 53.19526],
          [63.60677, 53.19532],
          [63.60607, 53.19537],
          [63.60479, 53.19545],
          [63.60459, 53.19547],
          [63.60364, 53.19553],
          [63.6033, 53.19556],
          [63.6032, 53.19557],
          [63.60305, 53.19558],
          [63.60259, 53.19561],
          [63.60191, 53.19564],
          [63.60122, 53.19572],
          [63.60044, 53.1957],
          [63.60035, 53.1957],
          [63.59966, 53.19568],
          [63.59916, 53.19567],
          [63.59731, 53.19562],
          [63.59628, 53.19558],
          [63.59539, 53.19554],
          [63.59452, 53.1955],
          [63.5944, 53.1955],
          [63.59416, 53.19549],
          [63.59338, 53.19546],
          [63.5923, 53.19541],
          [63.5912, 53.19537],
          [63.59018, 53.19532],
          [63.58979, 53.19531],
          [63.58918, 53.19528],
          [63.58847, 53.19524],
          [63.5883, 53.19523],
          [63.58767, 53.1952]
        ]
      }
    },
    {
      "type": "Feature",
      "properties": { "district": "center", "kind": "minor" },
      "geometry": {
        "type": "LineString",
        "coordinates": [
          [63.62929, 53.21813],
          [63.62942, 53.21823],
          [63.62974, 53.21845],
          [63.62989, 53.21856],
          [63.63049, 53.21898],
          [63.63118, 53.21946],
          [63.63125, 53.21952],
          [63.63135, 53.21959],
          [63.63254, 53.22043],
          [63.63308, 53.22081]
        ]
      }
    },
    {
      "type": "Feature",
      "properties": { "district": "kzhbi", "kind": "minor" },
      "geometry": {
        "type": "LineString",
        "coordinates": [
          [63.59379, 53.17933],
          [63.59361, 53.17935],
          [63.59284, 53.17943],
          [63.59138, 53.17954],
          [63.59032, 53.17949],
          [63.58949, 53.17943],
          [63.58827, 53.17923],
          [63.58778, 53.17915],
          [63.58764, 53.17912]
        ]
      }
    },
    {
      "type": "Feature",
      "properties": { "district": "center", "kind": "minor" },
      "geometry": {
        "type": "LineString",
        "coordinates": [
          [63.60919, 53.21663],
          [63.60961, 53.21691],
          [63.61059, 53.21756],
          [63.61082, 53.21772],
          [63.6111, 53.21791],
          [63.61124, 53.218],
          [63.61136, 53.21808],
          [63.61209, 53.21857],
          [63.61284, 53.21911],
          [63.61294, 53.21917],
          [63.61302, 53.21921],
          [63.61312, 53.21925],
          [63.61321, 53.21926]
        ]
      }
    },
    {
      "type": "Feature",
      "properties": { "district": "center", "kind": "minor" },
      "geometry": {
        "type": "LineString",
        "coordinates": [
          [63.63695, 53.22122],
          [63.63637, 53.22156],
          [63.63532, 53.22211],
          [63.6352, 53.22217],
          [63.63519, 53.22218],
          [63.6351, 53.22223],
          [63.63368, 53.22299],
          [63.6336, 53.22303],
          [63.6335, 53.22308],
          [63.63291, 53.22339],
          [63.63279, 53.22345],
          [63.63168, 53.22403],
          [63.63095, 53.22441],
          [63.63004, 53.22489],
          [63.62994, 53.22494],
          [63.62964, 53.2251],
          [63.62911, 53.22537],
          [63.62842, 53.22574],
          [63.62823, 53.22583],
          [63.62804, 53.22593],
          [63.62739, 53.22625],
          [63.62653, 53.22667]
        ]
      }
    },
    {
      "type": "Feature",
      "properties": { "district": "center", "kind": "minor" },
      "geometry": {
        "type": "LineString",
        "coordinates": [
          [63.62356, 53.2223],
          [63.62444, 53.22294],
          [63.62456, 53.22303],
          [63.62466, 53.2231],
          [63.62504, 53.22337],
          [63.62529, 53.22353],
          [63.62594, 53.224],
          [63.62635, 53.22429]
        ]
      }
    },
    {
      "type": "Feature",
      "properties": { "district": "vokzal", "kind": "minor" },
      "geometry": {
        "type": "LineString",
        "coordinates": [
          [63.64336, 53.23779],
          [63.64399, 53.23734],
          [63.6461, 53.23583],
          [63.64656, 53.2355],
          [63.6471, 53.23511],
          [63.64828, 53.23427],
          [63.64968, 53.23326],
          [63.64985, 53.23314],
          [63.65019, 53.23289],
          [63.65044, 53.23272],
          [63.65104, 53.23228],
          [63.65113, 53.23219],
          [63.65126, 53.23207]
        ]
      }
    },
    {
      "type": "Feature",
      "properties": { "district": "perevalovka", "kind": "minor" },
      "geometry": {
        "type": "LineString",
        "coordinates": [
          [63.65126, 53.23207],
          [63.65249, 53.23064],
          [63.6528, 53.2303],
          [63.65363, 53.22962],
          [63.65437, 53.22901],
          [63.65494, 53.22858],
          [63.65537, 53.22824],
          [63.65561, 53.22806],
          [63.65628, 53.22756],
          [63.65639, 53.22748],
          [63.65707, 53.22696],
          [63.6573, 53.22678],
          [63.65767, 53.2265],
          [63.65782, 53.22639],
          [63.65811, 53.22619],
          [63.65899, 53.22557]
        ]
      }
    },
    {
      "type": "Feature",
      "properties": { "district": "vokzal", "kind": "major" },
      "geometry": {
        "type": "LineString",
        "coordinates": [
          [63.65854, 53.23226],
          [63.65793, 53.23272],
          [63.65743, 53.23312]
        ]
      }
    },
    {
      "type": "Feature",
      "properties": { "district": "perevalovka", "kind": "major" },
      "geometry": {
        "type": "LineString",
        "coordinates": [
          [63.65743, 53.23312],
          [63.65723, 53.23324],
          [63.65705, 53.23338],
          [63.65675, 53.23361]
        ]
      }
    },
    {
      "type": "Feature",
      "properties": { "district": "vokzal", "kind": "major" },
      "geometry": {
        "type": "LineString",
        "coordinates": [
          [63.65675, 53.23361],
          [63.65587, 53.23427]
        ]
      }
    },
    {
      "type": "Feature",
      "properties": { "district": "vokzal", "kind": "major" },
      "geometry": {
        "type": "LineString",
        "coordinates": [
          [63.66964, 53.2381],
          [63.66957, 53.23796],
          [63.66948, 53.23786],
          [63.66938, 53.23778],
          [63.66896, 53.23751],
          [63.66873, 53.23736],
          [63.66811, 53.23698],
          [63.66723, 53.23647],
          [63.66704, 53.23636],
          [63.66696, 53.23632],
          [63.66693, 53.2363],
          [63.66664, 53.23613],
          [63.6665, 53.23605],
          [63.66561, 53.23552],
          [63.66425, 53.23471],
          [63.66407, 53.2346],
          [63.66378, 53.23443],
          [63.66344, 53.23424],
          [63.66291, 53.23394],
          [63.66216, 53.23351],
          [63.6616, 53.2332],
          [63.66134, 53.23305],
          [63.66056, 53.23261]
        ]
      }
    },
    {
      "type": "Feature",
      "properties": { "district": "perevalovka", "kind": "major" },
      "geometry": {
        "type": "LineString",
        "coordinates": [
          [63.66056, 53.23261],
          [63.66029, 53.23249],
          [63.65995, 53.23238],
          [63.65956, 53.23231]
        ]
      }
    },
    {
      "type": "Feature",
      "properties": { "district": "perevalovka", "kind": "major" },
      "geometry": {
        "type": "LineString",
        "coordinates": [
          [63.6671, 53.23623],
          [63.66735, 53.23604],
          [63.66804, 53.23551],
          [63.66863, 53.23508],
          [63.66896, 53.23483],
          [63.66937, 53.23455],
          [63.66958, 53.2344],
          [63.66979, 53.23424]
        ]
      }
    },
    {
      "type": "Feature",
      "properties": { "district": "ksk", "kind": "major" },
      "geometry": {
        "type": "LineString",
        "coordinates": [
          [63.66979, 53.23424],
          [63.67021, 53.23396]
        ]
      }
    },
    {
      "type": "Feature",
      "properties": { "district": "perevalovka", "kind": "major" },
      "geometry": {
        "type": "LineString",
        "coordinates": [
          [63.67021, 53.23396],
          [63.67046, 53.23377],
          [63.67112, 53.2333],
          [63.67202, 53.23261]
        ]
      }
    },
    {
      "type": "Feature",
      "properties": { "district": "ksk", "kind": "major" },
      "geometry": {
        "type": "LineString",
        "coordinates": [
          [63.67202, 53.23261],
          [63.67209, 53.23253]
        ]
      }
    },
    {
      "type": "Feature",
      "properties": { "district": "perevalovka", "kind": "major" },
      "geometry": {
        "type": "LineString",
        "coordinates": [
          [63.67209, 53.23253],
          [63.67219, 53.23239]
        ]
      }
    },
    {
      "type": "Feature",
      "properties": { "district": "center", "kind": "minor" },
      "geometry": {
        "type": "LineString",
        "coordinates": [
          [63.62575, 53.21984],
          [63.62551, 53.21967],
          [63.62527, 53.2195],
          [63.62476, 53.21913],
          [63.62454, 53.21897],
          [63.6241, 53.21866],
          [63.62398, 53.21857],
          [63.62386, 53.21849],
          [63.62289, 53.21779],
          [63.62217, 53.21727],
          [63.62123, 53.2166],
          [63.62104, 53.21646],
          [63.62095, 53.2164],
          [63.62024, 53.21589],
          [63.6202, 53.21586],
          [63.62011, 53.21579],
          [63.61997, 53.21569],
          [63.61953, 53.21538],
          [63.61927, 53.21519],
          [63.61838, 53.21455],
          [63.61829, 53.21449],
          [63.61809, 53.21435],
          [63.61761, 53.214],
          [63.61639, 53.21313],
          [63.61627, 53.21304]
        ]
      }
    },
    {
      "type": "Feature",
      "properties": { "district": "ksk", "kind": "minor" },
      "geometry": {
        "type": "LineString",
        "coordinates": [
          [63.67953, 53.25229],
          [63.67968, 53.25222],
          [63.68321, 53.25051],
          [63.68391, 53.25017],
          [63.68424, 53.25002],
          [63.68449, 53.2499],
          [63.68474, 53.24978],
          [63.68517, 53.24957]
        ]
      }
    },
    {
      "type": "Feature",
      "properties": { "district": "ksk", "kind": "minor" },
      "geometry": {
        "type": "LineString",
        "coordinates": [
          [63.67594, 53.24244],
          [63.67579, 53.24252],
          [63.67569, 53.24257],
          [63.67561, 53.24261],
          [63.67542, 53.2427],
          [63.67366, 53.24348],
          [63.67255, 53.24397],
          [63.67143, 53.24447],
          [63.67041, 53.24492],
          [63.66952, 53.24537],
          [63.66922, 53.24552],
          [63.66875, 53.24578],
          [63.66833, 53.24601],
          [63.66746, 53.24649],
          [63.66737, 53.24653],
          [63.66566, 53.24714],
          [63.66386, 53.24778],
          [63.66123, 53.24871],
          [63.66104, 53.24878],
          [63.66039, 53.24903],
          [63.6602, 53.2491],
          [63.66012, 53.24921],
          [63.65509, 53.25094]
        ]
      }
    },
    {
      "type": "Feature",
      "properties": { "district": "ksk", "kind": "major" },
      "geometry": {
        "type": "LineString",
        "coordinates": [
          [63.67006, 53.23794],
          [63.67017, 53.23797],
          [63.67025, 53.23802],
          [63.6703, 53.23809],
          [63.6703, 53.23816],
          [63.67029, 53.23818],
          [63.67024, 53.23825],
          [63.67016, 53.2383],
          [63.67005, 53.23833],
          [63.66994, 53.23833],
          [63.66989, 53.23833],
          [63.66979, 53.2383]
        ]
      }
    },
    {
      "type": "Feature",
      "properties": { "district": "vokzal", "kind": "major" },
      "geometry": {
        "type": "LineString",
        "coordinates": [
          [63.66979, 53.2383],
          [63.66971, 53.23826],
          [63.66965, 53.2382],
          [63.66963, 53.23813],
          [63.66964, 53.2381],
          [63.66968, 53.23803],
          [63.66977, 53.23797]
        ]
      }
    },
    {
      "type": "Feature",
      "properties": { "district": "ksk", "kind": "major" },
      "geometry": {
        "type": "LineString",
        "coordinates": [
          [63.66977, 53.23797],
          [63.66988, 53.23794],
          [63.67, 53.23793],
          [63.67006, 53.23794]
        ]
      }
    },
    {
      "type": "Feature",
      "properties": { "district": "ksk", "kind": "major" },
      "geometry": {
        "type": "LineString",
        "coordinates": [
          [63.65511, 53.24587],
          [63.65546, 53.24569],
          [63.65583, 53.24555],
          [63.65671, 53.24526],
          [63.65729, 53.24506]
        ]
      }
    },
    {
      "type": "Feature",
      "properties": { "district": "vokzal", "kind": "major" },
      "geometry": {
        "type": "LineString",
        "coordinates": [
          [63.65729, 53.24506],
          [63.6577, 53.24492]
        ]
      }
    },
    {
      "type": "Feature",
      "properties": { "district": "ksk", "kind": "major" },
      "geometry": {
        "type": "LineString",
        "coordinates": [
          [63.6577, 53.24492],
          [63.65935, 53.24437],
          [63.66017, 53.2441],
          [63.66096, 53.24384],
          [63.66204, 53.24348],
          [63.66308, 53.24313],
          [63.66334, 53.24302],
          [63.66346, 53.24297],
          [63.66355, 53.2429],
          [63.66382, 53.24271]
        ]
      }
    },
    {
      "type": "Feature",
      "properties": { "district": "vokzal", "kind": "major" },
      "geometry": {
        "type": "LineString",
        "coordinates": [
          [63.66382, 53.24271],
          [63.66438, 53.2422],
          [63.66465, 53.24198],
          [63.66507, 53.24162],
          [63.66551, 53.24127],
          [63.66615, 53.24071],
          [63.66737, 53.23987],
          [63.66741, 53.23984],
          [63.66808, 53.23937],
          [63.66925, 53.23852]
        ]
      }
    },
    {
      "type": "Feature",
      "properties": { "district": "vokzal", "kind": "minor" },
      "geometry": {
        "type": "LineString",
        "coordinates": [
          [63.63296, 53.23117],
          [63.63281, 53.23127],
          [63.63157, 53.23214],
          [63.63079, 53.23276],
          [63.63035, 53.23312],
          [63.63, 53.2334],
          [63.62965, 53.23368],
          [63.62951, 53.23379],
          [63.62928, 53.23403],
          [63.62917, 53.23424],
          [63.62915, 53.2343],
          [63.62904, 53.23478],
          [63.62898, 53.235],
          [63.62877, 53.23579],
          [63.62874, 53.23591],
          [63.62864, 53.23632],
          [63.62852, 53.23675],
          [63.62848, 53.23691],
          [63.62846, 53.23697],
          [63.62834, 53.23745],
          [63.6281, 53.23836],
          [63.62802, 53.23867],
          [63.62794, 53.23899],
          [63.62791, 53.2391]
        ]
      }
    },
    {
      "type": "Feature",
      "properties": { "district": "vokzal", "kind": "minor" },
      "geometry": {
        "type": "LineString",
        "coordinates": [
          [63.63589, 53.23315],
          [63.63573, 53.23323],
          [63.63543, 53.23338],
          [63.63462, 53.23379],
          [63.6344, 53.23389],
          [63.6341, 53.23403],
          [63.63325, 53.23447],
          [63.63256, 53.23484]
        ]
      }
    },
    {
      "type": "Feature",
      "properties": { "district": "vokzal", "kind": "minor" },
      "geometry": {
        "type": "LineString",
        "coordinates": [
          [63.64528, 53.23432],
          [63.64341, 53.23277],
          [63.64203, 53.23165],
          [63.64084, 53.2307]
        ]
      }
    },
    {
      "type": "Feature",
      "properties": { "district": "vokzal", "kind": "minor" },
      "geometry": {
        "type": "LineString",
        "coordinates": [
          [63.63813, 53.22875],
          [63.63844, 53.22861]
        ]
      }
    },
    {
      "type": "Feature",
      "properties": { "district": "vokzal", "kind": "minor" },
      "geometry": {
        "type": "LineString",
        "coordinates": [
          [63.64215, 53.22931],
          [63.64037, 53.22785],
          [63.64029, 53.22778],
          [63.64015, 53.22766],
          [63.63911, 53.22681],
          [63.63879, 53.22656],
          [63.63849, 53.22631]
        ]
      }
    },
    {
      "type": "Feature",
      "properties": { "district": "center", "kind": "minor" },
      "geometry": {
        "type": "LineString",
        "coordinates": [
          [63.63849, 53.22631],
          [63.63836, 53.2262]
        ]
      }
    },
    {
      "type": "Feature",
      "properties": { "district": "center", "kind": "minor" },
      "geometry": {
        "type": "LineString",
        "coordinates": [
          [63.62671, 53.22909],
          [63.62508, 53.22988],
          [63.62481, 53.23002],
          [63.62319, 53.23084]
        ]
      }
    },
    {
      "type": "Feature",
      "properties": { "district": "perevalovka", "kind": "minor" },
      "geometry": {
        "type": "LineString",
        "coordinates": [
          [63.66608, 53.22895],
          [63.66578, 53.22936],
          [63.66558, 53.22966],
          [63.66544, 53.22986],
          [63.66521, 53.23013],
          [63.66508, 53.23025],
          [63.66446, 53.23077],
          [63.66407, 53.23107],
          [63.66346, 53.23156],
          [63.66335, 53.23163],
          [63.66309, 53.23182],
          [63.66223, 53.23241]
        ]
      }
    },
    {
      "type": "Feature",
      "properties": { "district": "khimik", "kind": "major" },
      "geometry": {
        "type": "LineString",
        "coordinates": [
          [63.59236, 53.16459],
          [63.5926, 53.16466],
          [63.5928, 53.16468],
          [63.59311, 53.16467]
        ]
      }
    },
    {
      "type": "Feature",
      "properties": { "district": "center", "kind": "minor" },
      "geometry": {
        "type": "LineString",
        "coordinates": [
          [63.61532, 53.22302],
          [63.61545, 53.22311],
          [63.61596, 53.22347],
          [63.61654, 53.22388],
          [63.61675, 53.22403],
          [63.61703, 53.22423],
          [63.61718, 53.22434],
          [63.61733, 53.22444],
          [63.61764, 53.22465],
          [63.6181, 53.22498],
          [63.61861, 53.22533],
          [63.61866, 53.22536],
          [63.61905, 53.2257]
        ]
      }
    },
    {
      "type": "Feature",
      "properties": { "district": "center", "kind": "minor" },
      "geometry": {
        "type": "LineString",
        "coordinates": [
          [63.62886, 53.23066],
          [63.62875, 53.23057],
          [63.62764, 53.22974],
          [63.62671, 53.22909],
          [63.62649, 53.22895]
        ]
      }
    },
    {
      "type": "Feature",
      "properties": { "district": "kzhbi", "kind": "minor" },
      "geometry": {
        "type": "LineString",
        "coordinates": [
          [63.6059, 53.17655],
          [63.60581, 53.1764],
          [63.6057, 53.17625],
          [63.60557, 53.17605],
          [63.60554, 53.17601],
          [63.60523, 53.17555],
          [63.60494, 53.17513],
          [63.60462, 53.17466],
          [63.60455, 53.17456],
          [63.60437, 53.17428],
          [63.60398, 53.17371],
          [63.60379, 53.17342]
        ]
      }
    },
    {
      "type": "Feature",
      "properties": { "district": "zapadny", "kind": "major" },
      "geometry": {
        "type": "LineString",
        "coordinates": [
          [63.59121, 53.20775],
          [63.5913, 53.20767],
          [63.59139, 53.2076],
          [63.59145, 53.20758],
          [63.59153, 53.20755],
          [63.59161, 53.20753],
          [63.5917, 53.20752],
          [63.59179, 53.20753],
          [63.59188, 53.20754],
          [63.59207, 53.20756],
          [63.59236, 53.20773],
          [63.59232, 53.20791],
          [63.59229, 53.20801],
          [63.5922, 53.20811],
          [63.59211, 53.20816],
          [63.59197, 53.20821],
          [63.59184, 53.20823],
          [63.5917, 53.20823],
          [63.59151, 53.20818],
          [63.59135, 53.20812],
          [63.59124, 53.20802],
          [63.59117, 53.20792],
          [63.59118, 53.20783],
          [63.59121, 53.20775]
        ]
      }
    },
    {
      "type": "Feature",
      "properties": { "district": "vokzal", "kind": "major" },
      "geometry": {
        "type": "LineString",
        "coordinates": [
          [63.58247, 53.21323],
          [63.58219, 53.21329]
        ]
      }
    },
    {
      "type": "Feature",
      "properties": { "district": "aeroport", "kind": "major" },
      "geometry": {
        "type": "LineString",
        "coordinates": [
          [63.58219, 53.21329],
          [63.5814, 53.21342],
          [63.58111, 53.21347],
          [63.58031, 53.21364],
          [63.57965, 53.21384],
          [63.57872, 53.21419],
          [63.57825, 53.21442],
          [63.57806, 53.21451],
          [63.57741, 53.21484],
          [63.57678, 53.21526],
          [63.57622, 53.21569],
          [63.57576, 53.21608],
          [63.57537, 53.21648],
          [63.57516, 53.2167],
          [63.57494, 53.21698],
          [63.57472, 53.21735],
          [63.57452, 53.21777],
          [63.57398, 53.21896],
          [63.57396, 53.21902],
          [63.57372, 53.21962],
          [63.57346, 53.22011],
          [63.57332, 53.22032]
        ]
      }
    },
    {
      "type": "Feature",
      "properties": { "district": "kostanay-2", "kind": "major" },
      "geometry": {
        "type": "LineString",
        "coordinates": [
          [63.57332, 53.22032],
          [63.573, 53.22078],
          [63.57275, 53.22104],
          [63.57236, 53.22134],
          [63.57197, 53.22158],
          [63.57091, 53.22225]
        ]
      }
    },
    {
      "type": "Feature",
      "properties": { "district": "aeroport", "kind": "major" },
      "geometry": {
        "type": "LineString",
        "coordinates": [
          [63.57091, 53.22225],
          [63.5699, 53.22287],
          [63.56942, 53.22317],
          [63.56901, 53.22342],
          [63.56797, 53.22407],
          [63.56772, 53.22422]
        ]
      }
    },
    {
      "type": "Feature",
      "properties": { "district": "kostanay-2", "kind": "major" },
      "geometry": {
        "type": "LineString",
        "coordinates": [
          [63.56772, 53.22422],
          [63.56748, 53.22437],
          [63.56549, 53.2256]
        ]
      }
    },
    {
      "type": "Feature",
      "properties": { "district": "kzhbi", "kind": "major" },
      "geometry": {
        "type": "LineString",
        "coordinates": [
          [63.62023, 53.18317],
          [63.62022, 53.18322],
          [63.62016, 53.18326],
          [63.62003, 53.18331],
          [63.61951, 53.18345],
          [63.61923, 53.18352],
          [63.619, 53.18358],
          [63.61753, 53.18397],
          [63.61732, 53.18403],
          [63.61727, 53.18404],
          [63.61689, 53.18414],
          [63.61451, 53.18477]
        ]
      }
    },
    {
      "type": "Feature",
      "properties": { "district": "narimanovka", "kind": "minor" },
      "geometry": {
        "type": "LineString",
        "coordinates": [
          [63.63416, 53.19845],
          [63.63376, 53.19864],
          [63.63221, 53.19941],
          [63.63149, 53.19976],
          [63.6305, 53.20024],
          [63.62889, 53.20099],
          [63.62749, 53.20169],
          [63.62609, 53.20242],
          [63.62582, 53.20255],
          [63.62573, 53.2026],
          [63.62559, 53.20267],
          [63.62499, 53.20297],
          [63.62483, 53.20305],
          [63.62438, 53.20327],
          [63.62394, 53.20348],
          [63.62312, 53.20388],
          [63.62289, 53.204],
          [63.62225, 53.20431],
          [63.62216, 53.20435],
          [63.6221, 53.20438]
        ]
      }
    },
    {
      "type": "Feature",
      "properties": { "district": "center", "kind": "minor" },
      "geometry": {
        "type": "LineString",
        "coordinates": [
          [63.61548, 53.20764],
          [63.61357, 53.20634],
          [63.61354, 53.20631]
        ]
      }
    },
    {
      "type": "Feature",
      "properties": { "district": "zapadny", "kind": "minor" },
      "geometry": {
        "type": "LineString",
        "coordinates": [
          [63.61354, 53.20631],
          [63.61338, 53.20621],
          [63.61157, 53.205],
          [63.61139, 53.20488],
          [63.60833, 53.20286],
          [63.60691, 53.20196]
        ]
      }
    },
    {
      "type": "Feature",
      "properties": { "district": "zapadny", "kind": "minor" },
      "geometry": {
        "type": "LineString",
        "coordinates": [
          [63.60971, 53.20587],
          [63.60811, 53.20673],
          [63.60661, 53.20756],
          [63.60652, 53.20761],
          [63.60477, 53.20858],
          [63.60426, 53.20883],
          [63.60377, 53.20898],
          [63.60336, 53.20905],
          [63.60259, 53.20912],
          [63.60153, 53.20918],
          [63.60059, 53.20924],
          [63.6001, 53.20928],
          [63.59824, 53.2094],
          [63.59809, 53.20941]
        ]
      }
    },
    {
      "type": "Feature",
      "properties": { "district": "khimik", "kind": "minor" },
      "geometry": {
        "type": "LineString",
        "coordinates": [
          [63.59174, 53.16518],
          [63.5916, 53.165],
          [63.59042, 53.16368],
          [63.59004, 53.16329],
          [63.58958, 53.16284],
          [63.58913, 53.16239],
          [63.58896, 53.16222],
          [63.58871, 53.16196],
          [63.58822, 53.16145],
          [63.5881, 53.16132],
          [63.58799, 53.16121],
          [63.58655, 53.15973],
          [63.58527, 53.15846],
          [63.58406, 53.15717],
          [63.5831, 53.15625],
          [63.58268, 53.15577]
        ]
      }
    },
    {
      "type": "Feature",
      "properties": { "district": null, "kind": "minor" },
      "geometry": {
        "type": "LineString",
        "coordinates": [
          [63.67474, 53.18665],
          [63.67519, 53.18714],
          [63.67531, 53.18726],
          [63.67587, 53.18788],
          [63.67647, 53.18853],
          [63.67704, 53.18916],
          [63.67755, 53.18971]
        ]
      }
    },
    {
      "type": "Feature",
      "properties": { "district": "center", "kind": "minor" },
      "geometry": {
        "type": "LineString",
        "coordinates": [
          [63.65129, 53.21389],
          [63.6497, 53.21471],
          [63.64956, 53.21478],
          [63.6493, 53.21491],
          [63.64827, 53.21545],
          [63.64804, 53.21556],
          [63.64791, 53.21563],
          [63.64767, 53.21575],
          [63.64601, 53.21662],
          [63.64426, 53.21754]
        ]
      }
    },
    {
      "type": "Feature",
      "properties": { "district": "vokzal", "kind": "minor" },
      "geometry": {
        "type": "LineString",
        "coordinates": [
          [63.6281, 53.23836],
          [63.63283, 53.23877],
          [63.63363, 53.23884],
          [63.63691, 53.23908],
          [63.63732, 53.23911],
          [63.63768, 53.23913],
          [63.6382, 53.23916],
          [63.63842, 53.23918],
          [63.63922, 53.23922],
          [63.63959, 53.23922],
          [63.63966, 53.23922],
          [63.64024, 53.23924],
          [63.64174, 53.23933],
          [63.64478, 53.23954]
        ]
      }
    },
    {
      "type": "Feature",
      "properties": { "district": "vokzal", "kind": "minor" },
      "geometry": {
        "type": "LineString",
        "coordinates": [
          [63.64478, 53.23954],
          [63.64489, 53.23903],
          [63.64501, 53.2384]
        ]
      }
    },
    {
      "type": "Feature",
      "properties": { "district": "zapadny", "kind": "minor" },
      "geometry": {
        "type": "LineString",
        "coordinates": [
          [63.61015, 53.20807],
          [63.60998, 53.20796],
          [63.60811, 53.20673],
          [63.60747, 53.2063],
          [63.60687, 53.20591],
          [63.60664, 53.20576],
          [63.606, 53.20533],
          [63.60597, 53.20531],
          [63.60546, 53.20498],
          [63.60512, 53.20475],
          [63.60509, 53.20459],
          [63.60501, 53.20429],
          [63.60487, 53.20371],
          [63.60483, 53.20354],
          [63.6047, 53.20301],
          [63.60467, 53.2029],
          [63.60458, 53.20253],
          [63.60464, 53.2023],
          [63.60458, 53.20218]
        ]
      }
    },
    {
      "type": "Feature",
      "properties": { "district": "kzhbi", "kind": "minor" },
      "geometry": {
        "type": "LineString",
        "coordinates": [
          [63.58905, 53.18346],
          [63.58932, 53.18344]
        ]
      }
    },
    {
      "type": "Feature",
      "properties": { "district": "zapadny", "kind": "minor" },
      "geometry": {
        "type": "LineString",
        "coordinates": [
          [63.59893, 53.2027],
          [63.59875, 53.20195],
          [63.59865, 53.20149],
          [63.59861, 53.20135],
          [63.59834, 53.20013],
          [63.59817, 53.19938],
          [63.59806, 53.1989],
          [63.59795, 53.19844],
          [63.59784, 53.19794],
          [63.59761, 53.19693],
          [63.59731, 53.19562]
        ]
      }
    },
    {
      "type": "Feature",
      "properties": { "district": "zapadny", "kind": "minor" },
      "geometry": {
        "type": "LineString",
        "coordinates": [
          [63.59831, 53.19245],
          [63.59807, 53.1914],
          [63.5979, 53.19068],
          [63.59778, 53.19014],
          [63.59753, 53.18901],
          [63.59747, 53.18875],
          [63.59733, 53.18829],
          [63.59719, 53.18786],
          [63.597, 53.18736],
          [63.5969, 53.18706],
          [63.59683, 53.18686]
        ]
      }
    },
    {
      "type": "Feature",
      "properties": { "district": "vokzal", "kind": "minor" },
      "geometry": {
        "type": "LineString",
        "coordinates": [
          [63.61238, 53.22936],
          [63.61251, 53.22932],
          [63.61261, 53.22927],
          [63.61271, 53.22921],
          [63.61341, 53.22873],
          [63.61404, 53.22836],
          [63.61424, 53.22825],
          [63.6143, 53.22822],
          [63.61567, 53.22752]
        ]
      }
    },
    {
      "type": "Feature",
      "properties": { "district": "vokzal", "kind": "minor" },
      "geometry": {
        "type": "LineString",
        "coordinates": [
          [63.6096, 53.22127],
          [63.60946, 53.22135],
          [63.60916, 53.22151],
          [63.60792, 53.22216],
          [63.60651, 53.2229],
          [63.60636, 53.22299],
          [63.60503, 53.22375],
          [63.60493, 53.2238]
        ]
      }
    },
    {
      "type": "Feature",
      "properties": { "district": "narimanovka", "kind": "minor" },
      "geometry": {
        "type": "LineString",
        "coordinates": [
          [63.63961, 53.2058],
          [63.64052, 53.20645],
          [63.64142, 53.20709],
          [63.64162, 53.20723],
          [63.64192, 53.20743],
          [63.64306, 53.20821],
          [63.64331, 53.20839],
          [63.64334, 53.2084],
          [63.64349, 53.2085],
          [63.64358, 53.20855],
          [63.64456, 53.20918],
          [63.64533, 53.20974],
          [63.64545, 53.20983]
        ]
      }
    },
    {
      "type": "Feature",
      "properties": { "district": "center", "kind": "minor" },
      "geometry": {
        "type": "LineString",
        "coordinates": [
          [63.64545, 53.20983],
          [63.64559, 53.20993],
          [63.64587, 53.21014],
          [63.6473, 53.21113],
          [63.6475, 53.21127],
          [63.64925, 53.21248],
          [63.64946, 53.21262],
          [63.65129, 53.21389],
          [63.65197, 53.21452],
          [63.65238, 53.2149],
          [63.65404, 53.21633],
          [63.65422, 53.21648],
          [63.6549, 53.21706],
          [63.65598, 53.21799],
          [63.65782, 53.21954],
          [63.65962, 53.22106]
        ]
      }
    },
    {
      "type": "Feature",
      "properties": { "district": "center", "kind": "minor" },
      "geometry": {
        "type": "LineString",
        "coordinates": [
          [63.62187, 53.21489],
          [63.62174, 53.2148],
          [63.62161, 53.21469],
          [63.62153, 53.21457],
          [63.62115, 53.21429],
          [63.62048, 53.2138],
          [63.62043, 53.21376],
          [63.62006, 53.21353]
        ]
      }
    },
    {
      "type": "Feature",
      "properties": { "district": null, "kind": "minor" },
      "geometry": {
        "type": "LineString",
        "coordinates": [
          [63.73281, 53.23002],
          [63.72884, 53.2273],
          [63.72806, 53.22676],
          [63.72609, 53.22541],
          [63.72575, 53.22517],
          [63.72361, 53.22369],
          [63.72342, 53.22356],
          [63.72034, 53.22145],
          [63.71968, 53.22101],
          [63.71882, 53.22042],
          [63.7179, 53.21978],
          [63.71742, 53.21947],
          [63.71643, 53.21885],
          [63.71543, 53.21819]
        ]
      }
    },
    {
      "type": "Feature",
      "properties": { "district": null, "kind": "minor" },
      "geometry": {
        "type": "LineString",
        "coordinates": [
          [63.5459, 53.23774],
          [63.54146, 53.23644],
          [63.51715, 53.22768],
          [63.51697, 53.22762],
          [63.513, 53.22624],
          [63.50518, 53.22353],
          [63.49901, 53.22139],
          [63.49872, 53.22131],
          [63.4985, 53.22131],
          [63.49831, 53.22137],
          [63.4953, 53.22275],
          [63.4941, 53.2233]
        ]
      }
    },
    {
      "type": "Feature",
      "properties": { "district": "zapadny", "kind": "minor" },
      "geometry": {
        "type": "LineString",
        "coordinates": [
          [63.59661, 53.20292],
          [63.59677, 53.20359],
          [63.5969, 53.20414],
          [63.59695, 53.20436],
          [63.59709, 53.20498],
          [63.59727, 53.20581],
          [63.59729, 53.20589],
          [63.59741, 53.20648],
          [63.59747, 53.20671],
          [63.59757, 53.20714],
          [63.5977, 53.20769],
          [63.59771, 53.20776],
          [63.59783, 53.20826],
          [63.59798, 53.20889],
          [63.59809, 53.20941],
          [63.59807, 53.20963],
          [63.59806, 53.20977],
          [63.59796, 53.21026],
          [63.59792, 53.21043],
          [63.59791, 53.21047]
        ]
      }
    },
    {
      "type": "Feature",
      "properties": { "district": null, "kind": "major" },
      "geometry": {
        "type": "LineString",
        "coordinates": [
          [63.6771, 53.15871],
          [63.67698, 53.15823],
          [63.67578, 53.15333],
          [63.67574, 53.15237],
          [63.67577, 53.15132],
          [63.67589, 53.1503],
          [63.67625, 53.14874],
          [63.67674, 53.14745],
          [63.67876, 53.14317],
          [63.67921, 53.14221],
          [63.67929, 53.14205],
          [63.67935, 53.14193],
          [63.68461, 53.13085],
          [63.68878, 53.12201],
          [63.6941, 53.1107]
        ]
      }
    },
    {
      "type": "Feature",
      "properties": { "district": "narimanovka", "kind": "minor" },
      "geometry": {
        "type": "LineString",
        "coordinates": [
          [63.61349, 53.19301],
          [63.61336, 53.19301],
          [63.61295, 53.1931],
          [63.61268, 53.19323],
          [63.61258, 53.19335],
          [63.61017, 53.19604],
          [63.60957, 53.19673]
        ]
      }
    },
    {
      "type": "Feature",
      "properties": { "district": "vokzal", "kind": "minor" },
      "geometry": {
        "type": "LineString",
        "coordinates": [
          [63.6372, 53.23407],
          [63.63728, 53.23403],
          [63.63774, 53.23381],
          [63.63875, 53.2333],
          [63.64029, 53.23253],
          [63.64112, 53.23212],
          [63.64203, 53.23165],
          [63.64291, 53.23121],
          [63.64397, 53.23069],
          [63.64477, 53.23031],
          [63.64555, 53.22994],
          [63.64726, 53.22919]
        ]
      }
    },
    {
      "type": "Feature",
      "properties": { "district": "perevalovka", "kind": "minor" },
      "geometry": {
        "type": "LineString",
        "coordinates": [
          [63.64726, 53.22919],
          [63.64912, 53.22838],
          [63.64998, 53.228],
          [63.65086, 53.22761],
          [63.65285, 53.22677]
        ]
      }
    },
    {
      "type": "Feature",
      "properties": { "district": "center", "kind": "minor" },
      "geometry": {
        "type": "LineString",
        "coordinates": [
          [63.64015, 53.22071],
          [63.6404, 53.22059],
          [63.64171, 53.21994],
          [63.64201, 53.2198],
          [63.64318, 53.21925],
          [63.64351, 53.2191]
        ]
      }
    },
    {
      "type": "Feature",
      "properties": { "district": "center", "kind": "minor" },
      "geometry": {
        "type": "LineString",
        "coordinates": [
          [63.64411, 53.21743],
          [63.64346, 53.21701],
          [63.64297, 53.21667],
          [63.64236, 53.21627],
          [63.64214, 53.21612]
        ]
      }
    },
    {
      "type": "Feature",
      "properties": { "district": "center", "kind": "minor" },
      "geometry": {
        "type": "LineString",
        "coordinates": [
          [63.64015, 53.22071],
          [63.64178, 53.22213],
          [63.64191, 53.22228],
          [63.64255, 53.22282],
          [63.64367, 53.22376]
        ]
      }
    },
    {
      "type": "Feature",
      "properties": { "district": "center", "kind": "minor" },
      "geometry": {
        "type": "LineString",
        "coordinates": [
          [63.63827, 53.22386],
          [63.63839, 53.2237],
          [63.64005, 53.22295],
          [63.64178, 53.22213],
          [63.64346, 53.22137],
          [63.6436, 53.2213],
          [63.64373, 53.22124],
          [63.64529, 53.22052]
        ]
      }
    },
    {
      "type": "Feature",
      "properties": { "district": "narimanovka", "kind": "minor" },
      "geometry": {
        "type": "LineString",
        "coordinates": [
          [63.64698, 53.20594],
          [63.6473, 53.20622],
          [63.64747, 53.20635]
        ]
      }
    },
    {
      "type": "Feature",
      "properties": { "district": "zapadny", "kind": "minor" },
      "geometry": {
        "type": "LineString",
        "coordinates": [
          [63.60153, 53.20918],
          [63.60176, 53.20932],
          [63.6026, 53.20982],
          [63.60363, 53.2105],
          [63.6043, 53.21094],
          [63.60438, 53.21099]
        ]
      }
    },
    {
      "type": "Feature",
      "properties": { "district": "vokzal", "kind": "minor" },
      "geometry": {
        "type": "LineString",
        "coordinates": [
          [63.62848, 53.23691],
          [63.63362, 53.23742],
          [63.63376, 53.23742],
          [63.63387, 53.23742],
          [63.63423, 53.23742],
          [63.63722, 53.23772],
          [63.63734, 53.23773],
          [63.63768, 53.23776],
          [63.63857, 53.23785],
          [63.63964, 53.23796],
          [63.64006, 53.23797]
        ]
      }
    },
    {
      "type": "Feature",
      "properties": { "district": "ksk", "kind": "major" },
      "geometry": {
        "type": "LineString",
        "coordinates": [
          [63.67602, 53.23517],
          [63.67589, 53.23526],
          [63.67503, 53.23569],
          [63.67455, 53.23594],
          [63.67358, 53.23642],
          [63.67104, 53.23768],
          [63.6709, 53.23775]
        ]
      }
    },
    {
      "type": "Feature",
      "properties": { "district": "zelenstroy", "kind": "major" },
      "geometry": {
        "type": "LineString",
        "coordinates": [
          [63.71142, 53.26787],
          [63.70894, 53.26448],
          [63.70626, 53.26093],
          [63.70454, 53.25863],
          [63.7043, 53.2583],
          [63.70411, 53.25804],
          [63.70377, 53.25762],
          [63.70294, 53.2565],
          [63.70276, 53.25628],
          [63.7022, 53.25553],
          [63.70206, 53.2553],
          [63.70116, 53.25425],
          [63.70065, 53.25371],
          [63.70006, 53.25313],
          [63.69973, 53.25281],
          [63.69916, 53.25232],
          [63.69908, 53.25225],
          [63.69753, 53.25104],
          [63.6973, 53.25088],
          [63.69631, 53.25015]
        ]
      }
    },
    {
      "type": "Feature",
      "properties": { "district": "ksk", "kind": "major" },
      "geometry": {
        "type": "LineString",
        "coordinates": [
          [63.69631, 53.25015],
          [63.69387, 53.24838],
          [63.69355, 53.24815],
          [63.69315, 53.24784],
          [63.69288, 53.24764],
          [63.6922, 53.24713],
          [63.69149, 53.24658],
          [63.69107, 53.24626]
        ]
      }
    },
    {
      "type": "Feature",
      "properties": { "district": "zapadny", "kind": "minor" },
      "geometry": {
        "type": "LineString",
        "coordinates": [
          [63.60364, 53.19553],
          [63.60362, 53.19537],
          [63.60336, 53.1938],
          [63.6033, 53.19346],
          [63.6033, 53.19341],
          [63.60317, 53.19264],
          [63.60317, 53.19258],
          [63.60308, 53.19208]
        ]
      }
    },
    {
      "type": "Feature",
      "properties": { "district": "narimanovka", "kind": "minor" },
      "geometry": {
        "type": "LineString",
        "coordinates": [
          [63.61268, 53.1975],
          [63.61356, 53.19704],
          [63.61433, 53.19664],
          [63.61514, 53.19622],
          [63.61586, 53.19585]
        ]
      }
    },
    {
      "type": "Feature",
      "properties": { "district": "kzhbi", "kind": "minor" },
      "geometry": {
        "type": "LineString",
        "coordinates": [
          [63.59681, 53.174],
          [63.59674, 53.1739],
          [63.59645, 53.1735],
          [63.59607, 53.173],
          [63.59594, 53.1728],
          [63.59542, 53.17211],
          [63.59528, 53.1719],
          [63.59493, 53.17142],
          [63.59462, 53.17101],
          [63.5942, 53.1704],
          [63.59356, 53.16948]
        ]
      }
    },
    {
      "type": "Feature",
      "properties": { "district": "ksk", "kind": "minor" },
      "geometry": {
        "type": "LineString",
        "coordinates": [
          [63.6932, 53.23898],
          [63.68997, 53.24054],
          [63.68943, 53.2408],
          [63.68865, 53.24119]
        ]
      }
    },
    {
      "type": "Feature",
      "properties": { "district": null, "kind": "minor" },
      "geometry": {
        "type": "LineString",
        "coordinates": [
          [63.70639, 53.2122],
          [63.7068, 53.21195],
          [63.70705, 53.21183],
          [63.70831, 53.21115],
          [63.70844, 53.21108],
          [63.70885, 53.21085],
          [63.7094, 53.21053],
          [63.71036, 53.21001],
          [63.71162, 53.20965],
          [63.71234, 53.20943],
          [63.71287, 53.20927],
          [63.71415, 53.20889],
          [63.71538, 53.20853],
          [63.71657, 53.20817],
          [63.71755, 53.20788],
          [63.71783, 53.20779]
        ]
      }
    },
    {
      "type": "Feature",
      "properties": { "district": null, "kind": "minor" },
      "geometry": {
        "type": "LineString",
        "coordinates": [
          [63.72089, 53.21601],
          [63.71714, 53.21389]
        ]
      }
    },
    {
      "type": "Feature",
      "properties": { "district": null, "kind": "minor" },
      "geometry": {
        "type": "LineString",
        "coordinates": [
          [63.71811, 53.20077],
          [63.71735, 53.201],
          [63.71657, 53.20125],
          [63.71594, 53.20145],
          [63.71572, 53.20152],
          [63.71516, 53.20169],
          [63.71397, 53.20209],
          [63.71167, 53.20286]
        ]
      }
    },
    {
      "type": "Feature",
      "properties": { "district": null, "kind": "minor" },
      "geometry": {
        "type": "LineString",
        "coordinates": [
          [63.71415, 53.20507],
          [63.71402, 53.20495],
          [63.71369, 53.20466],
          [63.71293, 53.20399],
          [63.71251, 53.20361],
          [63.71222, 53.20335],
          [63.71167, 53.20286]
        ]
      }
    },
    {
      "type": "Feature",
      "properties": { "district": null, "kind": "minor" },
      "geometry": {
        "type": "LineString",
        "coordinates": [
          [63.70027, 53.19675],
          [63.70149, 53.19861],
          [63.70218, 53.19969],
          [63.70258, 53.20032]
        ]
      }
    },
    {
      "type": "Feature",
      "properties": { "district": null, "kind": "minor" },
      "geometry": {
        "type": "LineString",
        "coordinates": [
          [63.68563, 53.20173],
          [63.68799, 53.20117],
          [63.68973, 53.20072]
        ]
      }
    },
    {
      "type": "Feature",
      "properties": { "district": "kzhbi", "kind": "major" },
      "geometry": {
        "type": "LineString",
        "coordinates": [
          [63.6139, 53.17442],
          [63.61416, 53.17427],
          [63.6143, 53.17418],
          [63.61437, 53.17409],
          [63.61443, 53.17395],
          [63.61442, 53.17381],
          [63.61438, 53.17369],
          [63.61424, 53.17355],
          [63.61394, 53.1733],
          [63.61176, 53.17163],
          [63.6112, 53.17119],
          [63.61065, 53.17064],
          [63.6102, 53.17011],
          [63.60953, 53.16914]
        ]
      }
    },
    {
      "type": "Feature",
      "properties": { "district": "khimik", "kind": "minor" },
      "geometry": {
        "type": "LineString",
        "coordinates": [
          [63.58597, 53.15822],
          [63.58587, 53.15826],
          [63.58527, 53.15846]
        ]
      }
    },
    {
      "type": "Feature",
      "properties": { "district": "khimik", "kind": "minor" },
      "geometry": {
        "type": "LineString",
        "coordinates": [
          [63.58711, 53.15951],
          [63.58655, 53.15973],
          [63.58622, 53.15988],
          [63.58493, 53.1605],
          [63.58357, 53.16118],
          [63.5835, 53.16123],
          [63.58345, 53.16129],
          [63.58322, 53.1616],
          [63.58309, 53.16173],
          [63.58292, 53.16186],
          [63.58284, 53.16192],
          [63.58266, 53.16198],
          [63.58253, 53.16201],
          [63.5824, 53.16204]
        ]
      }
    },
    {
      "type": "Feature",
      "properties": { "district": "kzhbi", "kind": "minor" },
      "geometry": {
        "type": "LineString",
        "coordinates": [
          [63.59429, 53.17478],
          [63.59344, 53.1746],
          [63.59336, 53.17449],
          [63.59311, 53.17414],
          [63.59283, 53.17376],
          [63.59263, 53.17348],
          [63.59226, 53.17296],
          [63.59209, 53.17273]
        ]
      }
    },
    {
      "type": "Feature",
      "properties": { "district": "amangeldy", "kind": "minor" },
      "geometry": {
        "type": "LineString",
        "coordinates": [
          [63.57063, 53.14357],
          [63.57017, 53.14349],
          [63.56974, 53.14352]
        ]
      }
    },
    {
      "type": "Feature",
      "properties": { "district": "amangeldy", "kind": "minor" },
      "geometry": {
        "type": "LineString",
        "coordinates": [
          [63.56974, 53.14352],
          [63.57006, 53.14335],
          [63.57025, 53.14311]
        ]
      }
    },
    {
      "type": "Feature",
      "properties": { "district": "dostyk", "kind": "minor" },
      "geometry": {
        "type": "LineString",
        "coordinates": [
          [63.55058, 53.15713],
          [63.54705, 53.15595],
          [63.54684, 53.15589],
          [63.54664, 53.1558]
        ]
      }
    },
    {
      "type": "Feature",
      "properties": { "district": "dostyk", "kind": "minor" },
      "geometry": {
        "type": "LineString",
        "coordinates": [
          [63.5478, 53.15763],
          [63.54736, 53.15808],
          [63.54734, 53.15811],
          [63.54682, 53.15864],
          [63.54641, 53.15906],
          [63.54557, 53.15992],
          [63.5447, 53.16075],
          [63.54406, 53.16134]
        ]
      }
    },
    {
      "type": "Feature",
      "properties": { "district": "amangeldy", "kind": "minor" },
      "geometry": {
        "type": "LineString",
        "coordinates": [
          [63.59229, 53.14798],
          [63.5934, 53.1486],
          [63.59374, 53.14879],
          [63.59492, 53.14944]
        ]
      }
    },
    {
      "type": "Feature",
      "properties": { "district": "amangeldy", "kind": "minor" },
      "geometry": {
        "type": "LineString",
        "coordinates": [
          [63.59828, 53.15058],
          [63.59802, 53.15037],
          [63.59759, 53.15008],
          [63.59567, 53.14896],
          [63.59501, 53.14856],
          [63.59328, 53.14751]
        ]
      }
    },
    {
      "type": "Feature",
      "properties": { "district": "amangeldy", "kind": "minor" },
      "geometry": {
        "type": "LineString",
        "coordinates": [
          [63.59593, 53.15115],
          [63.59404, 53.15],
          [63.59361, 53.14975],
          [63.59226, 53.14895]
        ]
      }
    },
    {
      "type": "Feature",
      "properties": { "district": "amangeldy", "kind": "minor" },
      "geometry": {
        "type": "LineString",
        "coordinates": [
          [63.58035, 53.15271],
          [63.58047, 53.15266],
          [63.58083, 53.15258],
          [63.58119, 53.15255],
          [63.583, 53.15239],
          [63.58344, 53.15235],
          [63.58369, 53.15233],
          [63.58389, 53.15232],
          [63.58602, 53.15216],
          [63.58667, 53.15212],
          [63.58752, 53.15206],
          [63.58908, 53.15195],
          [63.5893, 53.15193],
          [63.59167, 53.15177],
          [63.59306, 53.15168]
        ]
      }
    },
    {
      "type": "Feature",
      "properties": { "district": "amangeldy", "kind": "minor" },
      "geometry": {
        "type": "LineString",
        "coordinates": [
          [63.59514, 53.15159],
          [63.59538, 53.15148],
          [63.59593, 53.15115],
          [63.5967, 53.15065],
          [63.59682, 53.15057],
          [63.59759, 53.15008],
          [63.59809, 53.14984],
          [63.59824, 53.1498],
          [63.5984, 53.14979]
        ]
      }
    },
    {
      "type": "Feature",
      "properties": { "district": "narimanovka", "kind": "minor" },
      "geometry": {
        "type": "LineString",
        "coordinates": [
          [63.62043, 53.19663],
          [63.61993, 53.1962],
          [63.61979, 53.19609],
          [63.61923, 53.19565],
          [63.61892, 53.19545],
          [63.61869, 53.19524],
          [63.61803, 53.19465],
          [63.61721, 53.19398],
          [63.61656, 53.19319],
          [63.61647, 53.19308],
          [63.6162, 53.19275],
          [63.61577, 53.19287]
        ]
      }
    },
    {
      "type": "Feature",
      "properties": { "district": "zapadny", "kind": "minor" },
      "geometry": {
        "type": "LineString",
        "coordinates": [
          [63.58744, 53.19417],
          [63.58784, 53.19412],
          [63.58885, 53.19398],
          [63.5891, 53.19395],
          [63.59048, 53.19375],
          [63.59094, 53.19369],
          [63.59164, 53.19358],
          [63.59232, 53.19347],
          [63.59389, 53.19322],
          [63.5944, 53.19312],
          [63.59436, 53.19275]
        ]
      }
    },
    {
      "type": "Feature",
      "properties": { "district": "vokzal", "kind": "minor" },
      "geometry": {
        "type": "LineString",
        "coordinates": [
          [63.5897, 53.21137],
          [63.58988, 53.21135],
          [63.5912, 53.21116],
          [63.59275, 53.21092],
          [63.5929, 53.2109],
          [63.59514, 53.21058],
          [63.59548, 53.21053],
          [63.59664, 53.21036]
        ]
      }
    },
    {
      "type": "Feature",
      "properties": { "district": "vokzal", "kind": "minor" },
      "geometry": {
        "type": "LineString",
        "coordinates": [
          [63.59661, 53.21123],
          [63.59688, 53.21114],
          [63.59708, 53.21096]
        ]
      }
    },
    {
      "type": "Feature",
      "properties": { "district": null, "kind": "minor" },
      "geometry": {
        "type": "LineString",
        "coordinates": [
          [63.72626, 53.21385],
          [63.72593, 53.21357],
          [63.722, 53.2108],
          [63.71854, 53.20831],
          [63.71792, 53.20786],
          [63.71783, 53.20779]
        ]
      }
    },
    {
      "type": "Feature",
      "properties": { "district": "amangeldy", "kind": "minor" },
      "geometry": {
        "type": "LineString",
        "coordinates": [
          [63.58578, 53.1479],
          [63.58472, 53.14709],
          [63.58378, 53.14637],
          [63.58194, 53.14498],
          [63.58166, 53.14483],
          [63.58009, 53.14421],
          [63.57951, 53.14398],
          [63.57898, 53.14381],
          [63.57801, 53.14359],
          [63.57757, 53.14349]
        ]
      }
    },
    {
      "type": "Feature",
      "properties": { "district": null, "kind": "minor" },
      "geometry": {
        "type": "LineString",
        "coordinates": [
          [63.64398, 53.1392],
          [63.64029, 53.14016],
          [63.62643, 53.14378],
          [63.62504, 53.14414],
          [63.62404, 53.1444],
          [63.62245, 53.14481],
          [63.62113, 53.14518],
          [63.61928, 53.14569]
        ]
      }
    },
    {
      "type": "Feature",
      "properties": { "district": "ksk", "kind": "minor" },
      "geometry": {
        "type": "LineString",
        "coordinates": [
          [63.67872, 53.24468],
          [63.67888, 53.2446],
          [63.6791, 53.2445],
          [63.67931, 53.24439],
          [63.68184, 53.24315],
          [63.68441, 53.24192],
          [63.68485, 53.2417]
        ]
      }
    },
    {
      "type": "Feature",
      "properties": { "district": null, "kind": "minor" },
      "geometry": {
        "type": "LineString",
        "coordinates": [
          [63.68815, 53.20899],
          [63.68982, 53.20892],
          [63.69273, 53.20865]
        ]
      }
    },
    {
      "type": "Feature",
      "properties": { "district": "ksk", "kind": "major" },
      "geometry": {
        "type": "LineString",
        "coordinates": [
          [63.65511, 53.24587],
          [63.6548, 53.24609],
          [63.65421, 53.24651],
          [63.65386, 53.24676],
          [63.653, 53.24737],
          [63.65273, 53.24756],
          [63.65206, 53.24804],
          [63.65152, 53.24842],
          [63.65122, 53.24862],
          [63.65038, 53.24919],
          [63.64845, 53.25049]
        ]
      }
    },
    {
      "type": "Feature",
      "properties": { "district": "zapadny", "kind": "minor" },
      "geometry": {
        "type": "LineString",
        "coordinates": [
          [63.60231, 53.18608],
          [63.60238, 53.18623],
          [63.60243, 53.18634],
          [63.60261, 53.18677],
          [63.60268, 53.18691],
          [63.60219, 53.18728],
          [63.60227, 53.1877],
          [63.60249, 53.18886],
          [63.60253, 53.18909],
          [63.60271, 53.18993],
          [63.60282, 53.19048],
          [63.60308, 53.19208]
        ]
      }
    },
    {
      "type": "Feature",
      "properties": { "district": "zapadny", "kind": "minor" },
      "geometry": {
        "type": "LineString",
        "coordinates": [
          [63.60798, 53.18996],
          [63.60772, 53.18996],
          [63.60716, 53.18998],
          [63.60665, 53.19],
          [63.60657, 53.19002],
          [63.60645, 53.19009],
          [63.60637, 53.19011],
          [63.60563, 53.19022],
          [63.60486, 53.19032],
          [63.60432, 53.1904],
          [63.60282, 53.19048]
        ]
      }
    },
    {
      "type": "Feature",
      "properties": { "district": "perevalovka", "kind": "minor" },
      "geometry": {
        "type": "LineString",
        "coordinates": [
          [63.65607, 53.22037],
          [63.65588, 53.22046],
          [63.65448, 53.2211],
          [63.65418, 53.22124],
          [63.65257, 53.22201]
        ]
      }
    },
    {
      "type": "Feature",
      "properties": { "district": "kzhbi", "kind": "major" },
      "geometry": {
        "type": "LineString",
        "coordinates": [
          [63.59672, 53.17042],
          [63.59659, 53.17026],
          [63.59584, 53.16921],
          [63.59573, 53.16904],
          [63.59465, 53.16761]
        ]
      }
    },
    {
      "type": "Feature",
      "properties": { "district": "narimanovka", "kind": "minor" },
      "geometry": {
        "type": "LineString",
        "coordinates": [
          [63.63813, 53.21125],
          [63.63822, 53.2112],
          [63.63833, 53.21115],
          [63.63919, 53.2107],
          [63.63984, 53.21037],
          [63.63999, 53.2103],
          [63.64043, 53.21007],
          [63.64056, 53.21001],
          [63.64156, 53.20951],
          [63.64175, 53.20941],
          [63.6419, 53.20933],
          [63.64342, 53.20854],
          [63.64349, 53.2085],
          [63.64439, 53.20803],
          [63.64508, 53.20767],
          [63.64522, 53.2076],
          [63.64537, 53.20752],
          [63.64612, 53.20712]
        ]
      }
    },
    {
      "type": "Feature",
      "properties": { "district": "center", "kind": "minor" },
      "geometry": {
        "type": "LineString",
        "coordinates": [
          [63.62083, 53.22714],
          [63.62105, 53.22704],
          [63.6226, 53.22623],
          [63.62279, 53.22613],
          [63.62436, 53.22532],
          [63.62449, 53.22525],
          [63.62462, 53.22518],
          [63.62616, 53.22439],
          [63.62626, 53.22434],
          [63.62635, 53.22429],
          [63.62783, 53.22352],
          [63.62786, 53.22351],
          [63.6281, 53.22338],
          [63.62956, 53.22263],
          [63.62969, 53.22256],
          [63.63158, 53.22158],
          [63.63308, 53.22081],
          [63.63318, 53.22076],
          [63.6333, 53.22069],
          [63.63481, 53.21991],
          [63.63498, 53.21982]
        ]
      }
    },
    {
      "type": "Feature",
      "properties": { "district": "center", "kind": "minor" },
      "geometry": {
        "type": "LineString",
        "coordinates": [
          [63.6405, 53.21711],
          [63.6405, 53.21698],
          [63.64058, 53.21694],
          [63.6414, 53.21651]
        ]
      }
    },
    {
      "type": "Feature",
      "properties": { "district": "center", "kind": "minor" },
      "geometry": {
        "type": "LineString",
        "coordinates": [
          [63.64396, 53.21546],
          [63.64269, 53.2161],
          [63.64248, 53.21621]
        ]
      }
    },
    {
      "type": "Feature",
      "properties": { "district": "center", "kind": "minor" },
      "geometry": {
        "type": "LineString",
        "coordinates": [
          [63.63518, 53.21997],
          [63.63502, 53.22005],
          [63.63349, 53.22082],
          [63.63338, 53.22088],
          [63.63327, 53.22094],
          [63.63182, 53.22168],
          [63.63176, 53.22171],
          [63.62987, 53.22269],
          [63.62974, 53.22275],
          [63.62835, 53.22347],
          [63.62828, 53.22351],
          [63.62803, 53.22364],
          [63.62801, 53.22365],
          [63.62652, 53.22441],
          [63.62633, 53.22451],
          [63.62466, 53.22537],
          [63.6229, 53.22628],
          [63.62121, 53.22715],
          [63.62099, 53.22727]
        ]
      }
    },
    {
      "type": "Feature",
      "properties": { "district": "center", "kind": "minor" },
      "geometry": {
        "type": "LineString",
        "coordinates": [
          [63.63509, 53.2199],
          [63.63559, 53.21964],
          [63.6358, 53.21953],
          [63.63655, 53.21914],
          [63.63753, 53.21862],
          [63.63853, 53.21812]
        ]
      }
    },
    {
      "type": "Feature",
      "properties": { "district": "center", "kind": "minor" },
      "geometry": {
        "type": "LineString",
        "coordinates": [
          [63.64054, 53.21933],
          [63.63936, 53.21854],
          [63.63865, 53.21805]
        ]
      }
    },
    {
      "type": "Feature",
      "properties": { "district": "center", "kind": "major" },
      "geometry": {
        "type": "LineString",
        "coordinates": [
          [63.62928, 53.21581],
          [63.62908, 53.21592],
          [63.62748, 53.21675],
          [63.6274, 53.21679],
          [63.62732, 53.21683],
          [63.62582, 53.21761],
          [63.62568, 53.21768],
          [63.62409, 53.2185],
          [63.62398, 53.21857],
          [63.62383, 53.21864],
          [63.62243, 53.21936],
          [63.62213, 53.21952],
          [63.62148, 53.21985],
          [63.62056, 53.22033],
          [63.61956, 53.22084],
          [63.61926, 53.221],
          [63.61849, 53.22139],
          [63.61782, 53.22173],
          [63.61764, 53.22182],
          [63.61698, 53.22217],
          [63.61578, 53.22278],
          [63.61549, 53.22293],
          [63.61532, 53.22302],
          [63.6152, 53.22309],
          [63.61514, 53.22312],
          [63.61461, 53.22339],
          [63.61355, 53.22394]
        ]
      }
    },
    {
      "type": "Feature",
      "properties": { "district": "vokzal", "kind": "major" },
      "geometry": {
        "type": "LineString",
        "coordinates": [
          [63.61355, 53.22394],
          [63.61347, 53.22398],
          [63.61331, 53.22406],
          [63.61221, 53.22461],
          [63.61127, 53.22509],
          [63.61109, 53.22518],
          [63.61021, 53.22563],
          [63.60977, 53.22585],
          [63.60921, 53.22612],
          [63.60907, 53.22619]
        ]
      }
    },
    {
      "type": "Feature",
      "properties": { "district": "center", "kind": "minor" },
      "geometry": {
        "type": "LineString",
        "coordinates": [
          [63.63482, 53.21532],
          [63.63495, 53.21541],
          [63.63529, 53.21566],
          [63.63573, 53.21596],
          [63.63664, 53.21658],
          [63.63678, 53.21667],
          [63.63689, 53.21675],
          [63.63763, 53.21726],
          [63.63857, 53.21793],
          [63.63865, 53.21805]
        ]
      }
    },
    {
      "type": "Feature",
      "properties": { "district": "center", "kind": "minor" },
      "geometry": {
        "type": "LineString",
        "coordinates": [
          [63.64546, 53.22066],
          [63.64389, 53.22138],
          [63.64361, 53.22151],
          [63.64191, 53.22228],
          [63.64018, 53.22308],
          [63.63835, 53.22392]
        ]
      }
    },
    {
      "type": "Feature",
      "properties": { "district": "center", "kind": "minor" },
      "geometry": {
        "type": "LineString",
        "coordinates": [
          [63.62408, 53.2208],
          [63.62425, 53.22092],
          [63.62435, 53.22099],
          [63.62487, 53.22135],
          [63.62536, 53.22169],
          [63.62609, 53.2222]
        ]
      }
    },
    {
      "type": "Feature",
      "properties": { "district": "center", "kind": "minor" },
      "geometry": {
        "type": "LineString",
        "coordinates": [
          [63.63135, 53.21959],
          [63.62989, 53.22029],
          [63.62982, 53.22032]
        ]
      }
    },
    {
      "type": "Feature",
      "properties": { "district": "narimanovka", "kind": "minor" },
      "geometry": {
        "type": "LineString",
        "coordinates": [
          [63.63987, 53.20813],
          [63.63971, 53.20822],
          [63.63896, 53.2086],
          [63.63817, 53.20901],
          [63.63803, 53.20908],
          [63.63708, 53.20958],
          [63.63647, 53.20988],
          [63.63637, 53.20993]
        ]
      }
    },
    {
      "type": "Feature",
      "properties": { "district": "center", "kind": "minor" },
      "geometry": {
        "type": "LineString",
        "coordinates": [
          [63.63637, 53.20993],
          [63.63628, 53.20998],
          [63.6347, 53.21081],
          [63.63451, 53.2109]
        ]
      }
    },
    {
      "type": "Feature",
      "properties": { "district": "center", "kind": "minor" },
      "geometry": {
        "type": "LineString",
        "coordinates": [
          [63.63261, 53.21165],
          [63.63277, 53.21157],
          [63.63442, 53.21072],
          [63.63516, 53.21034],
          [63.63611, 53.20986],
          [63.6362, 53.20982]
        ]
      }
    },
    {
      "type": "Feature",
      "properties": { "district": "narimanovka", "kind": "minor" },
      "geometry": {
        "type": "LineString",
        "coordinates": [
          [63.6362, 53.20982],
          [63.63631, 53.20976],
          [63.63785, 53.20896],
          [63.63798, 53.20888],
          [63.63903, 53.20833],
          [63.63969, 53.20799]
        ]
      }
    },
    {
      "type": "Feature",
      "properties": { "district": "uzkaya-koleya", "kind": "minor" },
      "geometry": {
        "type": "LineString",
        "coordinates": [
          [63.64033, 53.25558],
          [63.64573, 53.25851],
          [63.64654, 53.25897],
          [63.64734, 53.25943],
          [63.64929, 53.26049],
          [63.65001, 53.26088],
          [63.65211, 53.26201],
          [63.65296, 53.26247],
          [63.65315, 53.26258],
          [63.65509, 53.26363],
          [63.65539, 53.26379],
          [63.65599, 53.26411],
          [63.65645, 53.26436]
        ]
      }
    },
    {
      "type": "Feature",
      "properties": { "district": "ksk", "kind": "minor" },
      "geometry": {
        "type": "LineString",
        "coordinates": [
          [63.68485, 53.2417],
          [63.68696, 53.24061],
          [63.68717, 53.2405],
          [63.68817, 53.23999],
          [63.68824, 53.23995],
          [63.68947, 53.23931],
          [63.69025, 53.2389],
          [63.69203, 53.23799]
        ]
      }
    },
    {
      "type": "Feature",
      "properties": { "district": "ksk", "kind": "minor" },
      "geometry": {
        "type": "LineString",
        "coordinates": [
          [63.68828, 53.24136],
          [63.68855, 53.24155],
          [63.68886, 53.24176],
          [63.68924, 53.24204],
          [63.69291, 53.24473],
          [63.69603, 53.24701]
        ]
      }
    },
    {
      "type": "Feature",
      "properties": { "district": "amangeldy", "kind": "minor" },
      "geometry": {
        "type": "LineString",
        "coordinates": [
          [63.57139, 53.1438],
          [63.57112, 53.1438],
          [63.57088, 53.14372],
          [63.57063, 53.14357],
          [63.57036, 53.14335],
          [63.57025, 53.14311],
          [63.57028, 53.14296],
          [63.57038, 53.14279],
          [63.57054, 53.14274],
          [63.57083, 53.14277],
          [63.5711, 53.14285],
          [63.57139, 53.14303],
          [63.57158, 53.14331],
          [63.57163, 53.14359],
          [63.57154, 53.14375],
          [63.57139, 53.1438]
        ]
      }
    },
    {
      "type": "Feature",
      "properties": { "district": null, "kind": "major" },
      "geometry": {
        "type": "LineString",
        "coordinates": [
          [63.56135, 53.27842],
          [63.54842, 53.27355],
          [63.5457, 53.2726],
          [63.54454, 53.27226],
          [63.54176, 53.27152],
          [63.53873, 53.27085],
          [63.5299, 53.26923],
          [63.52756, 53.26858],
          [63.52582, 53.26792],
          [63.52481, 53.26751],
          [63.52444, 53.2673],
          [63.52354, 53.26682],
          [63.52136, 53.26558]
        ]
      }
    },
    {
      "type": "Feature",
      "properties": { "district": null, "kind": "major" },
      "geometry": {
        "type": "LineString",
        "coordinates": [
          [63.53959, 53.31189],
          [63.55729, 53.28898],
          [63.55806, 53.28822],
          [63.56051, 53.28633],
          [63.56123, 53.2857],
          [63.56355, 53.28326]
        ]
      }
    },
    {
      "type": "Feature",
      "properties": { "district": "amangeldy", "kind": "major" },
      "geometry": {
        "type": "LineString",
        "coordinates": [
          [63.5662, 53.1384],
          [63.56826, 53.14046],
          [63.56879, 53.14101],
          [63.57054, 53.14274]
        ]
      }
    },
    {
      "type": "Feature",
      "properties": { "district": "kzhbi", "kind": "major" },
      "geometry": {
        "type": "LineString",
        "coordinates": [
          [63.5889, 53.172],
          [63.5886, 53.17228],
          [63.58824, 53.17267],
          [63.5879, 53.17307],
          [63.58754, 53.17357],
          [63.58731, 53.17392],
          [63.58664, 53.17524],
          [63.58662, 53.17527],
          [63.58616, 53.17611],
          [63.58593, 53.17654],
          [63.58571, 53.177],
          [63.58534, 53.17781],
          [63.58517, 53.17828],
          [63.58506, 53.17877],
          [63.58498, 53.17923],
          [63.58498, 53.17926],
          [63.58493, 53.17963],
          [63.58492, 53.17977],
          [63.58492, 53.18027],
          [63.58493, 53.18053],
          [63.58493, 53.18059],
          [63.58494, 53.18071],
          [63.58494, 53.18077],
          [63.58495, 53.18089],
          [63.58495, 53.18101],
          [63.5851, 53.1819],
          [63.58527, 53.18274],
          [63.58529, 53.1828],
          [63.58535, 53.18317]
        ]
      }
    },
    {
      "type": "Feature",
      "properties": { "district": "kzhbi", "kind": "major" },
      "geometry": {
        "type": "LineString",
        "coordinates": [
          [63.60693, 53.18408],
          [63.60702, 53.1842]
        ]
      }
    },
    {
      "type": "Feature",
      "properties": { "district": "narimanovka", "kind": "major" },
      "geometry": {
        "type": "LineString",
        "coordinates": [
          [63.60702, 53.1842],
          [63.60757, 53.18495]
        ]
      }
    },
    {
      "type": "Feature",
      "properties": { "district": "kzhbi", "kind": "major" },
      "geometry": {
        "type": "LineString",
        "coordinates": [
          [63.60757, 53.18495],
          [63.60797, 53.1855]
        ]
      }
    },
    {
      "type": "Feature",
      "properties": { "district": "narimanovka", "kind": "major" },
      "geometry": {
        "type": "LineString",
        "coordinates": [
          [63.60797, 53.1855],
          [63.60807, 53.18563]
        ]
      }
    },
    {
      "type": "Feature",
      "properties": { "district": "khimik", "kind": "major" },
      "geometry": {
        "type": "LineString",
        "coordinates": [
          [63.59206, 53.16498],
          [63.5922, 53.16489],
          [63.59228, 53.16478],
          [63.59225, 53.16462]
        ]
      }
    },
    {
      "type": "Feature",
      "properties": { "district": null, "kind": "minor" },
      "geometry": {
        "type": "LineString",
        "coordinates": [
          [63.68693, 53.19659],
          [63.68829, 53.19857],
          [63.68864, 53.19907],
          [63.6888, 53.19929],
          [63.68969, 53.20066],
          [63.68973, 53.20072],
          [63.69065, 53.20195],
          [63.6907, 53.20202],
          [63.69235, 53.20434],
          [63.69246, 53.20449],
          [63.69339, 53.20586],
          [63.69343, 53.20592],
          [63.69414, 53.20711],
          [63.69443, 53.20765],
          [63.69484, 53.20842],
          [63.6951, 53.20892],
          [63.69567, 53.20999]
        ]
      }
    },
    {
      "type": "Feature",
      "properties": { "district": null, "kind": "major" },
      "geometry": {
        "type": "LineString",
        "coordinates": [
          [63.68719, 53.19558],
          [63.68771, 53.19568],
          [63.68801, 53.19568]
        ]
      }
    },
    {
      "type": "Feature",
      "properties": { "district": "vokzal", "kind": "major" },
      "geometry": {
        "type": "LineString",
        "coordinates": [
          [63.62364, 53.23317],
          [63.62344, 53.23338],
          [63.62318, 53.23357],
          [63.62255, 53.23395],
          [63.62194, 53.23434],
          [63.62071, 53.23512],
          [63.62061, 53.23518],
          [63.62043, 53.2353],
          [63.62033, 53.23536],
          [63.6202, 53.23544],
          [63.61914, 53.23609]
        ]
      }
    },
    {
      "type": "Feature",
      "properties": { "district": "kostanay-2", "kind": "major" },
      "geometry": {
        "type": "LineString",
        "coordinates": [
          [63.61914, 53.23609],
          [63.61758, 53.23708],
          [63.61726, 53.23727],
          [63.61706, 53.23739]
        ]
      }
    },
    {
      "type": "Feature",
      "properties": { "district": "kostanay-2", "kind": "minor" },
      "geometry": {
        "type": "LineString",
        "coordinates": [
          [63.61656, 53.23679],
          [63.61633, 53.2366],
          [63.61624, 53.23647],
          [63.61581, 53.23602],
          [63.61556, 53.23575],
          [63.6154, 53.23559],
          [63.61513, 53.23541],
          [63.61494, 53.23533],
          [63.61351, 53.23461],
          [63.61344, 53.23457],
          [63.61313, 53.23441],
          [63.6124, 53.23406],
          [63.61124, 53.23346],
          [63.61088, 53.23328],
          [63.61037, 53.23302],
          [63.61027, 53.23297],
          [63.6096, 53.23262],
          [63.60876, 53.2321],
          [63.60834, 53.23175],
          [63.60663, 53.23033],
          [63.60571, 53.22956],
          [63.60486, 53.22885],
          [63.60462, 53.22863],
          [63.60454, 53.22852],
          [63.60436, 53.22828],
          [63.60412, 53.22809],
          [63.60347, 53.22773],
          [63.60299, 53.22749],
          [63.60165, 53.22684],
          [63.60126, 53.22665],
          [63.60018, 53.2261],
          [63.59979, 53.22593],
          [63.59777, 53.22511],
          [63.59702, 53.2248],
          [63.59524, 53.22406],
          [63.5938, 53.22347],
          [63.59358, 53.22341],
          [63.5929, 53.22322]
        ]
      }
    },
    {
      "type": "Feature",
      "properties": { "district": "kostanay-2", "kind": "major" },
      "geometry": {
        "type": "LineString",
        "coordinates": [
          [63.61711, 53.23718],
          [63.61749, 53.23693],
          [63.62053, 53.23503]
        ]
      }
    },
    {
      "type": "Feature",
      "properties": { "district": "vokzal", "kind": "major" },
      "geometry": {
        "type": "LineString",
        "coordinates": [
          [63.62053, 53.23503],
          [63.623, 53.23345],
          [63.62329, 53.23328],
          [63.62364, 53.23317]
        ]
      }
    },
    {
      "type": "Feature",
      "properties": { "district": "kostanay-2", "kind": "major" },
      "geometry": {
        "type": "LineString",
        "coordinates": [
          [63.60781, 53.24298],
          [63.60793, 53.24291],
          [63.6081, 53.2428],
          [63.60821, 53.24274],
          [63.60827, 53.2427]
        ]
      }
    },
    {
      "type": "Feature",
      "properties": { "district": "kostanay-2", "kind": "major" },
      "geometry": {
        "type": "LineString",
        "coordinates": [
          [63.61706, 53.23739],
          [63.61658, 53.23769],
          [63.61614, 53.23797],
          [63.61563, 53.23829],
          [63.615, 53.23868],
          [63.61464, 53.23891],
          [63.61262, 53.24018],
          [63.61223, 53.24043],
          [63.6084, 53.24278]
        ]
      }
    },
    {
      "type": "Feature",
      "properties": { "district": "kostanay-2", "kind": "minor" },
      "geometry": {
        "type": "LineString",
        "coordinates": [
          [63.62191, 53.24177],
          [63.62228, 53.24213],
          [63.62253, 53.24238],
          [63.62272, 53.24257],
          [63.62275, 53.24263],
          [63.62286, 53.24283],
          [63.62288, 53.24305],
          [63.62273, 53.24413],
          [63.62256, 53.24563],
          [63.62214, 53.24653],
          [63.6221, 53.24661],
          [63.62198, 53.24687],
          [63.62195, 53.24714],
          [63.62211, 53.24747]
        ]
      }
    },
    {
      "type": "Feature",
      "properties": { "district": "uzkaya-koleya", "kind": "minor" },
      "geometry": {
        "type": "LineString",
        "coordinates": [
          [63.62211, 53.24747],
          [63.6225, 53.24807],
          [63.62273, 53.24849]
        ]
      }
    },
    {
      "type": "Feature",
      "properties": { "district": "kostanay-2", "kind": "minor" },
      "geometry": {
        "type": "LineString",
        "coordinates": [
          [63.6177, 53.23781],
          [63.6174, 53.23762],
          [63.61726, 53.23752]
        ]
      }
    },
    {
      "type": "Feature",
      "properties": { "district": "kostanay-2", "kind": "minor" },
      "geometry": {
        "type": "LineString",
        "coordinates": [
          [63.61688, 53.23719],
          [63.61656, 53.23679]
        ]
      }
    },
    {
      "type": "Feature",
      "properties": { "district": "vokzal", "kind": "major" },
      "geometry": {
        "type": "LineString",
        "coordinates": [
          [63.66925, 53.23852],
          [63.66942, 53.23837],
          [63.66957, 53.23822],
          [63.66963, 53.23813]
        ]
      }
    },
    {
      "type": "Feature",
      "properties": { "district": null, "kind": "minor" },
      "geometry": {
        "type": "LineString",
        "coordinates": [
          [63.68441, 53.21086],
          [63.68427, 53.21159],
          [63.68424, 53.21173],
          [63.6842, 53.21193],
          [63.68361, 53.21295],
          [63.68338, 53.21335],
          [63.68237, 53.21494],
          [63.68146, 53.21638]
        ]
      }
    },
    {
      "type": "Feature",
      "properties": { "district": "ksk", "kind": "major" },
      "geometry": {
        "type": "LineString",
        "coordinates": [
          [63.67006, 53.23794],
          [63.67024, 53.23794],
          [63.67044, 53.23792],
          [63.6706, 53.23787],
          [63.6709, 53.23775]
        ]
      }
    },
    {
      "type": "Feature",
      "properties": { "district": null, "kind": "minor" },
      "geometry": {
        "type": "LineString",
        "coordinates": [
          [63.72247, 53.20302],
          [63.72207, 53.20311],
          [63.72148, 53.20324],
          [63.72036, 53.2035],
          [63.72006, 53.20357],
          [63.71953, 53.20369],
          [63.71929, 53.20375],
          [63.71863, 53.20391],
          [63.7166, 53.2044],
          [63.71591, 53.20456],
          [63.71568, 53.20462],
          [63.7156, 53.20464],
          [63.71434, 53.20502],
          [63.71415, 53.20507]
        ]
      }
    },
    {
      "type": "Feature",
      "properties": { "district": "ksk", "kind": "major" },
      "geometry": {
        "type": "LineString",
        "coordinates": [
          [63.6709, 53.23775],
          [63.67065, 53.23791],
          [63.67052, 53.23799],
          [63.6704, 53.23806],
          [63.6703, 53.23816]
        ]
      }
    },
    {
      "type": "Feature",
      "properties": { "district": "ksk", "kind": "minor" },
      "geometry": {
        "type": "LineString",
        "coordinates": [
          [63.67029, 53.23818],
          [63.67037, 53.23831],
          [63.67046, 53.23839],
          [63.67113, 53.2389],
          [63.67164, 53.23927],
          [63.67178, 53.23937],
          [63.67185, 53.23943],
          [63.67201, 53.23955],
          [63.67231, 53.23977],
          [63.67268, 53.24004],
          [63.67339, 53.24057],
          [63.67377, 53.24084],
          [63.6741, 53.24108],
          [63.67466, 53.2415],
          [63.67479, 53.24159],
          [63.67547, 53.24209],
          [63.67567, 53.24224],
          [63.67594, 53.24244],
          [63.67724, 53.2434],
          [63.67826, 53.24415],
          [63.67875, 53.24451],
          [63.67888, 53.2446],
          [63.6799, 53.24534],
          [63.68004, 53.24544],
          [63.68172, 53.24669],
          [63.68182, 53.24676],
          [63.6821, 53.24697],
          [63.68225, 53.24708],
          [63.68266, 53.24738],
          [63.6836, 53.24808],
          [63.68437, 53.24864],
          [63.68481, 53.24889],
          [63.6851, 53.24904],
          [63.68539, 53.24924],
          [63.68561, 53.24939]
        ]
      }
    },
    {
      "type": "Feature",
      "properties": { "district": "ksk", "kind": "major" },
      "geometry": {
        "type": "LineString",
        "coordinates": [
          [63.66989, 53.23833],
          [63.66974, 53.23834],
          [63.66959, 53.23836]
        ]
      }
    },
    {
      "type": "Feature",
      "properties": { "district": "vokzal", "kind": "major" },
      "geometry": {
        "type": "LineString",
        "coordinates": [
          [63.66959, 53.23836],
          [63.66947, 53.2384],
          [63.66925, 53.23852]
        ]
      }
    },
    {
      "type": "Feature",
      "properties": { "district": "ksk", "kind": "minor" },
      "geometry": {
        "type": "LineString",
        "coordinates": [
          [63.68517, 53.24957],
          [63.68498, 53.24942],
          [63.68469, 53.2492],
          [63.68453, 53.24903],
          [63.68421, 53.24872],
          [63.68344, 53.24815],
          [63.68273, 53.24764],
          [63.68209, 53.24716],
          [63.68194, 53.24705],
          [63.67987, 53.24552],
          [63.67979, 53.24546],
          [63.67972, 53.24541],
          [63.67872, 53.24468],
          [63.67859, 53.24458],
          [63.67669, 53.24319],
          [63.67628, 53.24288],
          [63.67579, 53.24252],
          [63.67551, 53.24232],
          [63.67463, 53.24167],
          [63.67323, 53.24064],
          [63.6719, 53.23966],
          [63.67168, 53.2395],
          [63.67032, 53.23848],
          [63.67023, 53.23843],
          [63.66994, 53.23833]
        ]
      }
    },
    {
      "type": "Feature",
      "properties": { "district": null, "kind": "major" },
      "geometry": {
        "type": "LineString",
        "coordinates": [
          [63.52944, 53.1682],
          [63.52993, 53.16785]
        ]
      }
    },
    {
      "type": "Feature",
      "properties": { "district": "khimik", "kind": "major" },
      "geometry": {
        "type": "LineString",
        "coordinates": [
          [63.59236, 53.16459],
          [63.59278, 53.165],
          [63.5929, 53.16514],
          [63.5941, 53.16665]
        ]
      }
    },
    {
      "type": "Feature",
      "properties": { "district": "khimik", "kind": "major" },
      "geometry": {
        "type": "LineString",
        "coordinates": [
          [63.59225, 53.16462],
          [63.5902, 53.16258],
          [63.58981, 53.1622],
          [63.58891, 53.1613],
          [63.58879, 53.16118],
          [63.58711, 53.15951],
          [63.58587, 53.15826],
          [63.58492, 53.15731],
          [63.58115, 53.15358],
          [63.58035, 53.15271]
        ]
      }
    },
    {
      "type": "Feature",
      "properties": { "district": "amangeldy", "kind": "major" },
      "geometry": {
        "type": "LineString",
        "coordinates": [
          [63.58035, 53.15271],
          [63.57667, 53.14906],
          [63.57139, 53.1438],
          [63.57038, 53.14279]
        ]
      }
    },
    {
      "type": "Feature",
      "properties": { "district": "khimik", "kind": "major" },
      "geometry": {
        "type": "LineString",
        "coordinates": [
          [63.5941, 53.16665],
          [63.59439, 53.16704]
        ]
      }
    },
    {
      "type": "Feature",
      "properties": { "district": "kzhbi", "kind": "major" },
      "geometry": {
        "type": "LineString",
        "coordinates": [
          [63.59439, 53.16704],
          [63.5948, 53.16757]
        ]
      }
    },
    {
      "type": "Feature",
      "properties": { "district": "kzhbi", "kind": "major" },
      "geometry": {
        "type": "LineString",
        "coordinates": [
          [63.5948, 53.16757],
          [63.59585, 53.16901],
          [63.59621, 53.16951],
          [63.59647, 53.16987],
          [63.59718, 53.17086],
          [63.59757, 53.17139]
        ]
      }
    },
    {
      "type": "Feature",
      "properties": { "district": "khimik", "kind": "major" },
      "geometry": {
        "type": "LineString",
        "coordinates": [
          [63.59396, 53.1667],
          [63.59277, 53.16518],
          [63.59265, 53.16504],
          [63.59225, 53.16462]
        ]
      }
    },
    {
      "type": "Feature",
      "properties": { "district": "kzhbi", "kind": "major" },
      "geometry": {
        "type": "LineString",
        "coordinates": [
          [63.59465, 53.16761],
          [63.59425, 53.16708]
        ]
      }
    },
    {
      "type": "Feature",
      "properties": { "district": "khimik", "kind": "major" },
      "geometry": {
        "type": "LineString",
        "coordinates": [
          [63.59425, 53.16708],
          [63.59396, 53.1667]
        ]
      }
    },
    {
      "type": "Feature",
      "properties": { "district": "dostyk", "kind": "minor" },
      "geometry": {
        "type": "LineString",
        "coordinates": [
          [63.55627, 53.14728],
          [63.55635, 53.14769],
          [63.55635, 53.14771],
          [63.55634, 53.14784],
          [63.5561, 53.15015]
        ]
      }
    },
    {
      "type": "Feature",
      "properties": { "district": null, "kind": "minor" },
      "geometry": {
        "type": "LineString",
        "coordinates": [
          [63.5561, 53.15015],
          [63.55594, 53.15084],
          [63.55571, 53.15141],
          [63.55549, 53.15179]
        ]
      }
    },
    {
      "type": "Feature",
      "properties": { "district": "dostyk", "kind": "minor" },
      "geometry": {
        "type": "LineString",
        "coordinates": [
          [63.55549, 53.15179],
          [63.5552, 53.15215],
          [63.55463, 53.15276],
          [63.55449, 53.15296]
        ]
      }
    },
    {
      "type": "Feature",
      "properties": { "district": null, "kind": "minor" },
      "geometry": {
        "type": "LineString",
        "coordinates": [
          [63.68137, 53.17553],
          [63.68241, 53.17553],
          [63.68391, 53.17552]
        ]
      }
    },
    {
      "type": "Feature",
      "properties": { "district": null, "kind": "minor" },
      "geometry": {
        "type": "LineString",
        "coordinates": [
          [63.68071, 53.19208],
          [63.68078, 53.19211],
          [63.68087, 53.19212],
          [63.681, 53.19212],
          [63.68112, 53.1921],
          [63.68174, 53.19197],
          [63.68292, 53.19176],
          [63.6838, 53.1916],
          [63.68392, 53.19156],
          [63.68397, 53.19149],
          [63.68434, 53.19109],
          [63.68443, 53.19099],
          [63.68449, 53.19095],
          [63.68457, 53.19091],
          [63.68475, 53.19088],
          [63.68528, 53.19084]
        ]
      }
    },
    {
      "type": "Feature",
      "properties": { "district": "khimik", "kind": "major" },
      "geometry": {
        "type": "LineString",
        "coordinates": [
          [63.59521, 53.16661],
          [63.59451, 53.16683]
        ]
      }
    },
    {
      "type": "Feature",
      "properties": { "district": "narimanovka", "kind": "minor" },
      "geometry": {
        "type": "LineString",
        "coordinates": [
          [63.63969, 53.20799],
          [63.64007, 53.2078],
          [63.64036, 53.20763],
          [63.6407, 53.20744],
          [63.64142, 53.20709],
          [63.64312, 53.20619]
        ]
      }
    },
    {
      "type": "Feature",
      "properties": { "district": "narimanovka", "kind": "minor" },
      "geometry": {
        "type": "LineString",
        "coordinates": [
          [63.62554, 53.20034],
          [63.62568, 53.20044],
          [63.62614, 53.20075],
          [63.62749, 53.20169],
          [63.6285, 53.20241],
          [63.62943, 53.20307],
          [63.62958, 53.20318],
          [63.63076, 53.20399],
          [63.63143, 53.20446]
        ]
      }
    },
    {
      "type": "Feature",
      "properties": { "district": "narimanovka", "kind": "minor" },
      "geometry": {
        "type": "LineString",
        "coordinates": [
          [63.64253, 53.20579],
          [63.64323, 53.2054],
          [63.64345, 53.20511],
          [63.64378, 53.20489],
          [63.64477, 53.20419],
          [63.64483, 53.20415]
        ]
      }
    },
    {
      "type": "Feature",
      "properties": { "district": "narimanovka", "kind": "minor" },
      "geometry": {
        "type": "LineString",
        "coordinates": [
          [63.63784, 53.20178],
          [63.63731, 53.20203],
          [63.63702, 53.20212],
          [63.63616, 53.20252],
          [63.63454, 53.20324],
          [63.63375, 53.20357],
          [63.63365, 53.20363],
          [63.63319, 53.20408]
        ]
      }
    },
    {
      "type": "Feature",
      "properties": { "district": "vokzal", "kind": "major" },
      "geometry": {
        "type": "LineString",
        "coordinates": [
          [63.59729, 53.21124],
          [63.59719, 53.21118],
          [63.59712, 53.21112],
          [63.59708, 53.21104],
          [63.59708, 53.21096],
          [63.5971, 53.21091],
          [63.59715, 53.21085],
          [63.59724, 53.21079]
        ]
      }
    },
    {
      "type": "Feature",
      "properties": { "district": "zapadny", "kind": "major" },
      "geometry": {
        "type": "LineString",
        "coordinates": [
          [63.59724, 53.21079],
          [63.59735, 53.21075],
          [63.59747, 53.21072],
          [63.59755, 53.21072],
          [63.59768, 53.21073],
          [63.5978, 53.21077],
          [63.5979, 53.21082],
          [63.59797, 53.21089],
          [63.598, 53.21096],
          [63.59801, 53.21103],
          [63.598, 53.21107],
          [63.59796, 53.21112],
          [63.59792, 53.21117],
          [63.59785, 53.21121],
          [63.59777, 53.21124],
          [63.59769, 53.21127]
        ]
      }
    },
    {
      "type": "Feature",
      "properties": { "district": "vokzal", "kind": "major" },
      "geometry": {
        "type": "LineString",
        "coordinates": [
          [63.59769, 53.21127],
          [63.59759, 53.21128],
          [63.59744, 53.21127],
          [63.59729, 53.21124]
        ]
      }
    },
    {
      "type": "Feature",
      "properties": { "district": "vokzal", "kind": "minor" },
      "geometry": {
        "type": "LineString",
        "coordinates": [
          [63.59729, 53.21124],
          [63.59661, 53.21123]
        ]
      }
    },
    {
      "type": "Feature",
      "properties": { "district": "vokzal", "kind": "major" },
      "geometry": {
        "type": "LineString",
        "coordinates": [
          [63.58609, 53.20955],
          [63.58668, 53.20939]
        ]
      }
    },
    {
      "type": "Feature",
      "properties": { "district": "zapadny", "kind": "major" },
      "geometry": {
        "type": "LineString",
        "coordinates": [
          [63.598, 53.21107],
          [63.59846, 53.21147]
        ]
      }
    },
    {
      "type": "Feature",
      "properties": { "district": "zapadny", "kind": "major" },
      "geometry": {
        "type": "LineString",
        "coordinates": [
          [63.59689, 53.2105],
          [63.59747, 53.21072]
        ]
      }
    },
    {
      "type": "Feature",
      "properties": { "district": "zapadny", "kind": "minor" },
      "geometry": {
        "type": "LineString",
        "coordinates": [
          [63.59755, 53.21072],
          [63.59766, 53.21067],
          [63.59775, 53.21062],
          [63.59783, 53.21055],
          [63.59791, 53.21047]
        ]
      }
    },
    {
      "type": "Feature",
      "properties": { "district": "zapadny", "kind": "major" },
      "geometry": {
        "type": "LineString",
        "coordinates": [
          [63.58668, 53.20939],
          [63.59036, 53.20848],
          [63.59072, 53.20834],
          [63.59099, 53.20815],
          [63.59117, 53.20792]
        ]
      }
    },
    {
      "type": "Feature",
      "properties": { "district": "zapadny", "kind": "major" },
      "geometry": {
        "type": "LineString",
        "coordinates": [
          [63.59121, 53.20775],
          [63.59117, 53.2074],
          [63.59112, 53.20713],
          [63.59107, 53.207],
          [63.59098, 53.20681]
        ]
      }
    },
    {
      "type": "Feature",
      "properties": { "district": "zapadny", "kind": "major" },
      "geometry": {
        "type": "LineString",
        "coordinates": [
          [63.59236, 53.20773],
          [63.59344, 53.2084]
        ]
      }
    },
    {
      "type": "Feature",
      "properties": { "district": "zapadny", "kind": "major" },
      "geometry": {
        "type": "LineString",
        "coordinates": [
          [63.59098, 53.20681],
          [63.59131, 53.20705],
          [63.59151, 53.20719],
          [63.5918, 53.20739],
          [63.59207, 53.20756]
        ]
      }
    },
    {
      "type": "Feature",
      "properties": { "district": "vokzal", "kind": "major" },
      "geometry": {
        "type": "LineString",
        "coordinates": [
          [63.5971, 53.21091],
          [63.59709, 53.21082],
          [63.59707, 53.21073],
          [63.59701, 53.21063],
          [63.59689, 53.2105]
        ]
      }
    },
    {
      "type": "Feature",
      "properties": { "district": "vokzal", "kind": "major" },
      "geometry": {
        "type": "LineString",
        "coordinates": [
          [63.59846, 53.21147],
          [63.59759, 53.21128]
        ]
      }
    },
    {
      "type": "Feature",
      "properties": { "district": "zapadny", "kind": "major" },
      "geometry": {
        "type": "LineString",
        "coordinates": [
          [63.5917, 53.20823],
          [63.59092, 53.20842],
          [63.58673, 53.20949]
        ]
      }
    },
    {
      "type": "Feature",
      "properties": { "district": "vokzal", "kind": "major" },
      "geometry": {
        "type": "LineString",
        "coordinates": [
          [63.59344, 53.2084],
          [63.59252, 53.20825]
        ]
      }
    },
    {
      "type": "Feature",
      "properties": { "district": "zapadny", "kind": "major" },
      "geometry": {
        "type": "LineString",
        "coordinates": [
          [63.59252, 53.20825],
          [63.59197, 53.20821]
        ]
      }
    },
    {
      "type": "Feature",
      "properties": { "district": "zapadny", "kind": "minor" },
      "geometry": {
        "type": "LineString",
        "coordinates": [
          [63.59791, 53.21047],
          [63.59797, 53.21089]
        ]
      }
    },
    {
      "type": "Feature",
      "properties": { "district": "vokzal", "kind": "minor" },
      "geometry": {
        "type": "LineString",
        "coordinates": [
          [63.59661, 53.21123],
          [63.59543, 53.21139],
          [63.5949, 53.21146],
          [63.59462, 53.2115],
          [63.59306, 53.21171],
          [63.59014, 53.21211],
          [63.59, 53.21213],
          [63.58812, 53.21237],
          [63.58766, 53.21244],
          [63.58722, 53.21248]
        ]
      }
    },
    {
      "type": "Feature",
      "properties": { "district": "zapadny", "kind": "major" },
      "geometry": {
        "type": "LineString",
        "coordinates": [
          [63.60822, 53.18622],
          [63.60769, 53.18633]
        ]
      }
    },
    {
      "type": "Feature",
      "properties": { "district": null, "kind": "minor" },
      "geometry": {
        "type": "LineString",
        "coordinates": [
          [63.68726, 53.19613],
          [63.68708, 53.19628],
          [63.68698, 53.19644],
          [63.68693, 53.19659]
        ]
      }
    },
    {
      "type": "Feature",
      "properties": { "district": null, "kind": "major" },
      "geometry": {
        "type": "LineString",
        "coordinates": [
          [63.68633, 53.19569],
          [63.68633, 53.19532],
          [63.68631, 53.19482]
        ]
      }
    },
    {
      "type": "Feature",
      "properties": { "district": null, "kind": "major" },
      "geometry": {
        "type": "LineString",
        "coordinates": [
          [63.68653, 53.19617],
          [63.68629, 53.19617],
          [63.68607, 53.19619],
          [63.68584, 53.19623],
          [63.68552, 53.19632]
        ]
      }
    },
    {
      "type": "Feature",
      "properties": { "district": "vokzal", "kind": "major" },
      "geometry": {
        "type": "LineString",
        "coordinates": [
          [63.60625, 53.21913],
          [63.60632, 53.21905],
          [63.60636, 53.21901],
          [63.60693, 53.21838],
          [63.60734, 53.21791],
          [63.60745, 53.21779],
          [63.60774, 53.21749],
          [63.60803, 53.21725],
          [63.60814, 53.21716],
          [63.60832, 53.21703]
        ]
      }
    },
    {
      "type": "Feature",
      "properties": { "district": "center", "kind": "minor" },
      "geometry": {
        "type": "LineString",
        "coordinates": [
          [63.60832, 53.21703],
          [63.60876, 53.21683],
          [63.60881, 53.2168],
          [63.60886, 53.21678],
          [63.60919, 53.21663],
          [63.60922, 53.21661],
          [63.6093, 53.21657],
          [63.61009, 53.21618],
          [63.61048, 53.21598],
          [63.61085, 53.21579],
          [63.6111, 53.21567],
          [63.61202, 53.2152],
          [63.61259, 53.21491],
          [63.61262, 53.21489],
          [63.61271, 53.21485],
          [63.61287, 53.21477],
          [63.61292, 53.21474],
          [63.61361, 53.21439],
          [63.61452, 53.21394],
          [63.61462, 53.21389],
          [63.61611, 53.21312],
          [63.61627, 53.21304],
          [63.61642, 53.21297],
          [63.61784, 53.21224],
          [63.61789, 53.21222],
          [63.61817, 53.21208],
          [63.6183, 53.21202],
          [63.61964, 53.21133],
          [63.6199, 53.2112],
          [63.61997, 53.21116],
          [63.62062, 53.21084],
          [63.62154, 53.21036]
        ]
      }
    },
    {
      "type": "Feature",
      "properties": { "district": "narimanovka", "kind": "minor" },
      "geometry": {
        "type": "LineString",
        "coordinates": [
          [63.62154, 53.21036],
          [63.62289, 53.20968],
          [63.62319, 53.20953],
          [63.62349, 53.20938],
          [63.62415, 53.20905],
          [63.62499, 53.20862],
          [63.62502, 53.20861],
          [63.62535, 53.20844],
          [63.62629, 53.20796],
          [63.62696, 53.20762]
        ]
      }
    },
    {
      "type": "Feature",
      "properties": { "district": "vokzal", "kind": "minor" },
      "geometry": {
        "type": "LineString",
        "coordinates": [
          [63.64336, 53.23779],
          [63.64387, 53.23798],
          [63.64395, 53.23801],
          [63.64475, 53.23831],
          [63.64501, 53.2384],
          [63.64528, 53.23849],
          [63.64644, 53.23888],
          [63.64677, 53.23897],
          [63.64876, 53.2395],
          [63.65068, 53.24019],
          [63.65104, 53.24032],
          [63.65214, 53.24062],
          [63.65228, 53.24066],
          [63.65355, 53.24099],
          [63.65379, 53.24106],
          [63.65404, 53.24117]
        ]
      }
    },
    {
      "type": "Feature",
      "properties": { "district": "narimanovka", "kind": "minor" },
      "geometry": {
        "type": "LineString",
        "coordinates": [
          [63.64612, 53.20712],
          [63.64657, 53.20678],
          [63.64667, 53.20671],
          [63.64698, 53.20648]
        ]
      }
    },
    {
      "type": "Feature",
      "properties": { "district": "narimanovka", "kind": "minor" },
      "geometry": {
        "type": "LineString",
        "coordinates": [
          [63.6474, 53.20675],
          [63.64655, 53.20694],
          [63.64612, 53.20712]
        ]
      }
    },
    {
      "type": "Feature",
      "properties": { "district": "narimanovka", "kind": "minor" },
      "geometry": {
        "type": "LineString",
        "coordinates": [
          [63.64703, 53.20642],
          [63.64698, 53.20594]
        ]
      }
    },
    {
      "type": "Feature",
      "properties": { "district": null, "kind": "minor" },
      "geometry": {
        "type": "LineString",
        "coordinates": [
          [63.65426, 53.20452],
          [63.65403, 53.20424],
          [63.65316, 53.2027],
          [63.65312, 53.20246],
          [63.65295, 53.20224],
          [63.65275, 53.20198]
        ]
      }
    },
    {
      "type": "Feature",
      "properties": { "district": "narimanovka", "kind": "minor" },
      "geometry": {
        "type": "LineString",
        "coordinates": [
          [63.64767, 53.20653],
          [63.64765, 53.2066],
          [63.6476, 53.20667],
          [63.64751, 53.20672],
          [63.6474, 53.20675],
          [63.64728, 53.20675],
          [63.64716, 53.20673],
          [63.64706, 53.20669],
          [63.64699, 53.20663],
          [63.64696, 53.20656],
          [63.64698, 53.20648],
          [63.64703, 53.20642],
          [63.64712, 53.20637],
          [63.64723, 53.20634],
          [63.64735, 53.20633],
          [63.64747, 53.20635],
          [63.64754, 53.2064],
          [63.64757, 53.20641],
          [63.64764, 53.20646],
          [63.64767, 53.20653]
        ]
      }
    },
    {
      "type": "Feature",
      "properties": { "district": "amangeldy", "kind": "major" },
      "geometry": {
        "type": "LineString",
        "coordinates": [
          [63.56603, 53.13846],
          [63.5649, 53.13735]
        ]
      }
    },
    {
      "type": "Feature",
      "properties": { "district": null, "kind": "major" },
      "geometry": {
        "type": "LineString",
        "coordinates": [
          [63.56196, 53.1342],
          [63.56203, 53.13427],
          [63.56303, 53.13526],
          [63.56407, 53.13629]
        ]
      }
    },
    {
      "type": "Feature",
      "properties": { "district": null, "kind": "major" },
      "geometry": {
        "type": "LineString",
        "coordinates": [
          [63.52136, 53.26558],
          [63.52062, 53.26518]
        ]
      }
    },
    {
      "type": "Feature",
      "properties": { "district": null, "kind": "major" },
      "geometry": {
        "type": "LineString",
        "coordinates": [
          [63.52062, 53.26518],
          [63.51845, 53.26403],
          [63.51568, 53.26265],
          [63.51029, 53.25989],
          [63.49624, 53.25232],
          [63.49551, 53.25187],
          [63.49495, 53.25144],
          [63.49448, 53.25101],
          [63.49414, 53.2506],
          [63.49388, 53.25022],
          [63.49365, 53.24982],
          [63.49347, 53.24932],
          [63.49332, 53.24872],
          [63.49325, 53.24849],
          [63.49315, 53.24801],
          [63.49307, 53.24753],
          [63.49295, 53.24683],
          [63.49128, 53.23561],
          [63.49112, 53.23431],
          [63.4911, 53.23285],
          [63.49109, 53.23236],
          [63.49116, 53.23135],
          [63.49129, 53.23036],
          [63.49148, 53.2294],
          [63.49173, 53.22846],
          [63.49214, 53.22731],
          [63.49247, 53.22653],
          [63.4941, 53.2233],
          [63.5048, 53.20252],
          [63.50512, 53.20195],
          [63.50539, 53.20154],
          [63.50552, 53.20134],
          [63.5058, 53.20106],
          [63.50641, 53.2005],
          [63.5067, 53.20022],
          [63.50746, 53.19968],
          [63.51389, 53.19548],
          [63.51454, 53.19501],
          [63.51509, 53.19452],
          [63.51547, 53.19411],
          [63.5158, 53.19369],
          [63.5161, 53.19324],
          [63.51634, 53.1928],
          [63.51654, 53.19234],
          [63.51667, 53.19187],
          [63.51676, 53.19138],
          [63.51682, 53.19092],
          [63.51682, 53.19042],
          [63.51668, 53.18969],
          [63.51467, 53.18219],
          [63.51458, 53.18134],
          [63.5146, 53.18066],
          [63.51473, 53.18001],
          [63.51492, 53.17945],
          [63.51514, 53.17897],
          [63.51526, 53.17875],
          [63.51542, 53.17846],
          [63.51562, 53.17813],
          [63.51565, 53.17807],
          [63.51598, 53.17765],
          [63.51633, 53.1773],
          [63.51712, 53.17666],
          [63.52944, 53.1682]
        ]
      }
    },
    {
      "type": "Feature",
      "properties": { "district": null, "kind": "minor" },
      "geometry": {
        "type": "LineString",
        "coordinates": [
          [63.52908, 53.15266],
          [63.52493, 53.15315],
          [63.522, 53.15331],
          [63.51964, 53.15328],
          [63.51778, 53.15311],
          [63.50945, 53.15182],
          [63.47986, 53.14722]
        ]
      }
    },
    {
      "type": "Feature",
      "properties": { "district": null, "kind": "major" },
      "geometry": {
        "type": "LineString",
        "coordinates": [
          [63.6599, 53.17418],
          [63.6598, 53.17367],
          [63.65968, 53.17314],
          [63.6595, 53.17233],
          [63.65897, 53.16923],
          [63.65876, 53.16812],
          [63.65806, 53.16438]
        ]
      }
    },
    {
      "type": "Feature",
      "properties": { "district": null, "kind": "major" },
      "geometry": {
        "type": "LineString",
        "coordinates": [
          [63.68509, 53.19019],
          [63.68417, 53.18978]
        ]
      }
    },
    {
      "type": "Feature",
      "properties": { "district": null, "kind": "minor" },
      "geometry": {
        "type": "LineString",
        "coordinates": [
          [63.56322, 53.22703],
          [63.56339, 53.2268]
        ]
      }
    },
    {
      "type": "Feature",
      "properties": { "district": "aeroport", "kind": "minor" },
      "geometry": {
        "type": "LineString",
        "coordinates": [
          [63.56339, 53.2268],
          [63.56347, 53.22655],
          [63.56349, 53.22633],
          [63.56346, 53.22613],
          [63.56336, 53.22595],
          [63.56326, 53.22582],
          [63.56304, 53.22566]
        ]
      }
    },
    {
      "type": "Feature",
      "properties": { "district": "aeroport", "kind": "minor" },
      "geometry": {
        "type": "LineString",
        "coordinates": [
          [63.56304, 53.22566],
          [63.56134, 53.2247],
          [63.56124, 53.22464],
          [63.56113, 53.22458]
        ]
      }
    },
    {
      "type": "Feature",
      "properties": { "district": null, "kind": "minor" },
      "geometry": {
        "type": "LineString",
        "coordinates": [
          [63.56113, 53.22458],
          [63.55946, 53.22361],
          [63.55709, 53.22243],
          [63.55638, 53.22208],
          [63.55585, 53.22184],
          [63.55565, 53.22176],
          [63.55563, 53.22175],
          [63.55546, 53.2217],
          [63.55514, 53.22161],
          [63.55501, 53.22158],
          [63.5548, 53.2215],
          [63.55462, 53.22142],
          [63.55432, 53.22129],
          [63.55414, 53.22121],
          [63.55397, 53.22113],
          [63.55388, 53.22106],
          [63.55384, 53.22097],
          [63.55386, 53.22089],
          [63.55388, 53.22082],
          [63.5541, 53.22048],
          [63.55417, 53.22043],
          [63.55421, 53.22041],
          [63.55434, 53.22036],
          [63.55458, 53.22031],
          [63.55471, 53.22031],
          [63.55481, 53.22034],
          [63.55497, 53.22041],
          [63.5551, 53.22049],
          [63.55519, 53.22063],
          [63.55522, 53.22076]
        ]
      }
    },
    {
      "type": "Feature",
      "properties": { "district": "aeroport", "kind": "minor" },
      "geometry": {
        "type": "LineString",
        "coordinates": [
          [63.56304, 53.22566],
          [63.56338, 53.22578],
          [63.56375, 53.22588],
          [63.56414, 53.2259],
          [63.56466, 53.22587],
          [63.56503, 53.22578],
          [63.56549, 53.2256]
        ]
      }
    },
    {
      "type": "Feature",
      "properties": { "district": null, "kind": "major" },
      "geometry": {
        "type": "LineString",
        "coordinates": [
          [63.67461, 53.1855],
          [63.67416, 53.18527],
          [63.67348, 53.18488],
          [63.67281, 53.18446],
          [63.66949, 53.18211],
          [63.6684, 53.18133],
          [63.66776, 53.18088],
          [63.66735, 53.18058],
          [63.66653, 53.18],
          [63.66627, 53.17982],
          [63.6658, 53.17948],
          [63.66384, 53.1781],
          [63.66291, 53.17744],
          [63.66272, 53.1773],
          [63.66262, 53.17723],
          [63.66185, 53.17668],
          [63.66165, 53.17655],
          [63.66158, 53.1765],
          [63.66097, 53.17606],
          [63.66067, 53.17585],
          [63.66037, 53.17561],
          [63.66027, 53.17549],
          [63.66016, 53.17529],
          [63.6601, 53.17508],
          [63.66, 53.17464],
          [63.6599, 53.17418]
        ]
      }
    },
    {
      "type": "Feature",
      "properties": { "district": "amangeldy", "kind": "minor" },
      "geometry": {
        "type": "LineString",
        "coordinates": [
          [63.56974, 53.14352],
          [63.56948, 53.1436]
        ]
      }
    },
    {
      "type": "Feature",
      "properties": { "district": null, "kind": "minor" },
      "geometry": {
        "type": "LineString",
        "coordinates": [
          [63.56948, 53.1436],
          [63.56353, 53.14525],
          [63.5585, 53.14666]
        ]
      }
    },
    {
      "type": "Feature",
      "properties": { "district": "dostyk", "kind": "minor" },
      "geometry": {
        "type": "LineString",
        "coordinates": [
          [63.5585, 53.14666],
          [63.55627, 53.14728],
          [63.55391, 53.14792],
          [63.54556, 53.15024],
          [63.54426, 53.15048],
          [63.54253, 53.15072],
          [63.54247, 53.15073],
          [63.52908, 53.15266]
        ]
      }
    },
    {
      "type": "Feature",
      "properties": { "district": null, "kind": "minor" },
      "geometry": {
        "type": "LineString",
        "coordinates": [
          [63.51485, 53.1783],
          [63.5139, 53.179],
          [63.5127, 53.18007],
          [63.51139, 53.18133],
          [63.51019, 53.1829],
          [63.50898, 53.18522],
          [63.50841, 53.18679],
          [63.50698, 53.1961],
          [63.50654, 53.19832],
          [63.50589, 53.20023]
        ]
      }
    },
    {
      "type": "Feature",
      "properties": { "district": null, "kind": "minor" },
      "geometry": {
        "type": "LineString",
        "coordinates": [
          [63.4954, 53.18589],
          [63.49616, 53.18584],
          [63.49986, 53.18673],
          [63.50029, 53.18692]
        ]
      }
    },
    {
      "type": "Feature",
      "properties": { "district": null, "kind": "minor" },
      "geometry": {
        "type": "LineString",
        "coordinates": [
          [63.51509, 53.17816],
          [63.51484, 53.17821],
          [63.51374, 53.17846],
          [63.51336, 53.17855],
          [63.51296, 53.17872],
          [63.50029, 53.18692],
          [63.49933, 53.18755]
        ]
      }
    },
    {
      "type": "Feature",
      "properties": { "district": "perevalovka", "kind": "major" },
      "geometry": {
        "type": "LineString",
        "coordinates": [
          [63.65921, 53.22288],
          [63.65844, 53.22231],
          [63.65794, 53.22194],
          [63.6578, 53.22182],
          [63.65615, 53.22044],
          [63.65607, 53.22037],
          [63.656, 53.22031]
        ]
      }
    },
    {
      "type": "Feature",
      "properties": { "district": "center", "kind": "major" },
      "geometry": {
        "type": "LineString",
        "coordinates": [
          [63.656, 53.22031],
          [63.6543, 53.21888],
          [63.65423, 53.21882],
          [63.65412, 53.21872],
          [63.65253, 53.21734],
          [63.65232, 53.21717],
          [63.65188, 53.21679],
          [63.65071, 53.21577],
          [63.65064, 53.21572],
          [63.65056, 53.21565],
          [63.64966, 53.21487],
          [63.64956, 53.21478],
          [63.64945, 53.2147],
          [63.6478, 53.21356],
          [63.64773, 53.21351],
          [63.64753, 53.21338],
          [63.64747, 53.21333],
          [63.647, 53.21301],
          [63.64578, 53.21216],
          [63.64558, 53.21203],
          [63.64497, 53.2116],
          [63.64478, 53.21148],
          [63.64431, 53.21114],
          [63.64385, 53.21083],
          [63.64373, 53.21074]
        ]
      }
    },
    {
      "type": "Feature",
      "properties": { "district": "narimanovka", "kind": "major" },
      "geometry": {
        "type": "LineString",
        "coordinates": [
          [63.64373, 53.21074],
          [63.64357, 53.21063],
          [63.64242, 53.20986],
          [63.64188, 53.2095],
          [63.64175, 53.20941],
          [63.64157, 53.20929],
          [63.64101, 53.20891],
          [63.63987, 53.20813],
          [63.63969, 53.20799],
          [63.63824, 53.20699],
          [63.63801, 53.20683],
          [63.63784, 53.20671],
          [63.63773, 53.20664],
          [63.63703, 53.20617],
          [63.63662, 53.2059],
          [63.63654, 53.20584],
          [63.63601, 53.20548],
          [63.63587, 53.20539],
          [63.63581, 53.20535],
          [63.63489, 53.20469],
          [63.63466, 53.20455],
          [63.63413, 53.20434],
          [63.63319, 53.20408]
        ]
      }
    },
    {
      "type": "Feature",
      "properties": { "district": null, "kind": "major" },
      "geometry": {
        "type": "LineString",
        "coordinates": [
          [63.58084, 53.26501],
          [63.58006, 53.26577],
          [63.57902, 53.26702],
          [63.57567, 53.27043],
          [63.57414, 53.27206],
          [63.56913, 53.27738]
        ]
      }
    },
    {
      "type": "Feature",
      "properties": { "district": null, "kind": "minor" },
      "geometry": {
        "type": "LineString",
        "coordinates": [
          [63.62273, 53.24849],
          [63.62419, 53.251],
          [63.62474, 53.25162],
          [63.6255, 53.2521],
          [63.62632, 53.25249],
          [63.62671, 53.25268],
          [63.62826, 53.25342],
          [63.629, 53.25403],
          [63.62935, 53.25433],
          [63.63128, 53.25591]
        ]
      }
    },
    {
      "type": "Feature",
      "properties": { "district": "uzkaya-koleya", "kind": "minor" },
      "geometry": {
        "type": "LineString",
        "coordinates": [
          [63.63128, 53.25591],
          [63.63146, 53.25622],
          [63.63141, 53.2565],
          [63.63113, 53.25679],
          [63.62629, 53.2599],
          [63.6262, 53.25993],
          [63.6261, 53.25993],
          [63.626, 53.25989],
          [63.6251, 53.25939]
        ]
      }
    },
    {
      "type": "Feature",
      "properties": { "district": null, "kind": "minor" },
      "geometry": {
        "type": "LineString",
        "coordinates": [
          [63.6251, 53.25939],
          [63.62464, 53.25913]
        ]
      }
    },
    {
      "type": "Feature",
      "properties": { "district": null, "kind": "minor" },
      "geometry": {
        "type": "LineString",
        "coordinates": [
          [63.67086, 53.27467],
          [63.66627, 53.27795],
          [63.66572, 53.27807],
          [63.66525, 53.27803],
          [63.66475, 53.27792],
          [63.6643, 53.27793],
          [63.66369, 53.27807],
          [63.66318, 53.27804],
          [63.65748, 53.27542]
        ]
      }
    },
    {
      "type": "Feature",
      "properties": { "district": "uzkaya-koleya", "kind": "minor" },
      "geometry": {
        "type": "LineString",
        "coordinates": [
          [63.65748, 53.27542],
          [63.6572, 53.27539],
          [63.65569, 53.27685],
          [63.65466, 53.27779]
        ]
      }
    },
    {
      "type": "Feature",
      "properties": { "district": null, "kind": "minor" },
      "geometry": {
        "type": "LineString",
        "coordinates": [
          [63.65466, 53.27779],
          [63.65398, 53.27847]
        ]
      }
    },
    {
      "type": "Feature",
      "properties": { "district": null, "kind": "minor" },
      "geometry": {
        "type": "LineString",
        "coordinates": [
          [63.59981, 53.2571],
          [63.60118, 53.25822],
          [63.60183, 53.25856],
          [63.61362, 53.26257],
          [63.61746, 53.2641],
          [63.62459, 53.26682]
        ]
      }
    },
    {
      "type": "Feature",
      "properties": { "district": "uzkaya-koleya", "kind": "minor" },
      "geometry": {
        "type": "LineString",
        "coordinates": [
          [63.62459, 53.26682],
          [63.62673, 53.26764],
          [63.6304, 53.26888]
        ]
      }
    },
    {
      "type": "Feature",
      "properties": { "district": null, "kind": "minor" },
      "geometry": {
        "type": "LineString",
        "coordinates": [
          [63.6304, 53.26888],
          [63.63316, 53.26978],
          [63.6353, 53.27047],
          [63.64073, 53.27067],
          [63.64138, 53.27082],
          [63.64193, 53.27107],
          [63.64323, 53.27233],
          [63.644, 53.27284],
          [63.64752, 53.27398],
          [63.65569, 53.27685]
        ]
      }
    },
    {
      "type": "Feature",
      "properties": { "district": "ksk", "kind": "major" },
      "geometry": {
        "type": "LineString",
        "coordinates": [
          [63.64845, 53.25049],
          [63.64778, 53.25094]
        ]
      }
    },
    {
      "type": "Feature",
      "properties": { "district": "uzkaya-koleya", "kind": "minor" },
      "geometry": {
        "type": "LineString",
        "coordinates": [
          [63.66605, 53.26722],
          [63.66277, 53.26514],
          [63.66146, 53.26432],
          [63.66126, 53.26425],
          [63.65961, 53.26367],
          [63.65896, 53.26343],
          [63.65881, 53.2634],
          [63.65863, 53.26342]
        ]
      }
    },
    {
      "type": "Feature",
      "properties": { "district": "ksk", "kind": "major" },
      "geometry": {
        "type": "LineString",
        "coordinates": [
          [63.64778, 53.25094],
          [63.64629, 53.25195]
        ]
      }
    },
    {
      "type": "Feature",
      "properties": { "district": "uzkaya-koleya", "kind": "major" },
      "geometry": {
        "type": "LineString",
        "coordinates": [
          [63.64629, 53.25195],
          [63.64372, 53.25367],
          [63.64289, 53.25418],
          [63.64205, 53.25464],
          [63.64033, 53.25558]
        ]
      }
    },
    {
      "type": "Feature",
      "properties": { "district": "uzkaya-koleya", "kind": "minor" },
      "geometry": {
        "type": "LineString",
        "coordinates": [
          [63.64734, 53.25943],
          [63.64872, 53.25868],
          [63.65006, 53.25794],
          [63.6504, 53.25775],
          [63.65082, 53.25762],
          [63.65124, 53.25763],
          [63.65164, 53.25775],
          [63.65281, 53.25846],
          [63.65347, 53.25887],
          [63.65573, 53.26024],
          [63.65698, 53.26101],
          [63.65917, 53.26236],
          [63.65943, 53.26257],
          [63.65955, 53.2628],
          [63.6596, 53.26311],
          [63.65966, 53.2635],
          [63.65961, 53.26367]
        ]
      }
    },
    {
      "type": "Feature",
      "properties": { "district": "zelenstroy", "kind": "minor" },
      "geometry": {
        "type": "LineString",
        "coordinates": [
          [63.70894, 53.26448],
          [63.70849, 53.2647],
          [63.70776, 53.26499],
          [63.70712, 53.26527],
          [63.70665, 53.26548],
          [63.70577, 53.26586],
          [63.70443, 53.26643],
          [63.70359, 53.2668],
          [63.70304, 53.26704],
          [63.70004, 53.26832],
          [63.68579, 53.27457]
        ]
      }
    },
    {
      "type": "Feature",
      "properties": { "district": null, "kind": "minor" },
      "geometry": {
        "type": "LineString",
        "coordinates": [
          [63.68579, 53.27457],
          [63.68252, 53.276],
          [63.68144, 53.27647],
          [63.68035, 53.27671],
          [63.67913, 53.27682],
          [63.6787, 53.27679],
          [63.67779, 53.27672],
          [63.67532, 53.27599],
          [63.67086, 53.27467]
        ]
      }
    },
    {
      "type": "Feature",
      "properties": { "district": "uzkaya-koleya", "kind": "minor" },
      "geometry": {
        "type": "LineString",
        "coordinates": [
          [63.67086, 53.27467],
          [63.66402, 53.27289]
        ]
      }
    },
    {
      "type": "Feature",
      "properties": { "district": "uzkaya-koleya", "kind": "minor" },
      "geometry": {
        "type": "LineString",
        "coordinates": [
          [63.65645, 53.26436],
          [63.65664, 53.26441],
          [63.65686, 53.26442],
          [63.65703, 53.26436],
          [63.65761, 53.26402],
          [63.65834, 53.26359],
          [63.65863, 53.26342]
        ]
      }
    },
    {
      "type": "Feature",
      "properties": { "district": "uzkaya-koleya", "kind": "major" },
      "geometry": {
        "type": "LineString",
        "coordinates": [
          [63.62273, 53.24849],
          [63.62322, 53.24842],
          [63.62336, 53.2484],
          [63.62353, 53.24839],
          [63.62398, 53.24835],
          [63.62493, 53.24828],
          [63.62543, 53.24826],
          [63.62624, 53.24827],
          [63.62665, 53.2483],
          [63.62699, 53.24839],
          [63.62764, 53.24867],
          [63.6281, 53.2489],
          [63.63003, 53.24992],
          [63.63043, 53.25015],
          [63.6319, 53.25097],
          [63.63217, 53.25111],
          [63.63253, 53.25132],
          [63.6344, 53.25234],
          [63.63826, 53.25444],
          [63.64004, 53.25542],
          [63.64033, 53.25558]
        ]
      }
    },
    {
      "type": "Feature",
      "properties": { "district": "vokzal", "kind": "minor" },
      "geometry": {
        "type": "LineString",
        "coordinates": [
          [63.60225, 53.22405],
          [63.6013, 53.22349],
          [63.60109, 53.22346],
          [63.60085, 53.22344],
          [63.60049, 53.22305],
          [63.59997, 53.22263],
          [63.59869, 53.22189],
          [63.59676, 53.22108],
          [63.5947, 53.22042],
          [63.59333, 53.21968],
          [63.59206, 53.21881]
        ]
      }
    },
    {
      "type": "Feature",
      "properties": { "district": "kostanay-2", "kind": "minor" },
      "geometry": {
        "type": "LineString",
        "coordinates": [
          [63.5929, 53.22322],
          [63.59214, 53.22316],
          [63.59092, 53.2232],
          [63.58882, 53.22357],
          [63.58748, 53.22392],
          [63.58531, 53.22471],
          [63.58428, 53.22525],
          [63.58366, 53.22558],
          [63.58261, 53.22626],
          [63.5792, 53.22847],
          [63.57514, 53.23111],
          [63.57031, 53.23423],
          [63.56472, 53.23787],
          [63.55963, 53.24117],
          [63.55948, 53.24126]
        ]
      }
    },
    {
      "type": "Feature",
      "properties": { "district": null, "kind": "minor" },
      "geometry": {
        "type": "LineString",
        "coordinates": [
          [63.55948, 53.24126],
          [63.55867, 53.24178],
          [63.5576, 53.24247],
          [63.55681, 53.24299],
          [63.55644, 53.24323],
          [63.55613, 53.24343],
          [63.55604, 53.24349],
          [63.55551, 53.24384],
          [63.55471, 53.24439],
          [63.5526, 53.24593],
          [63.54594, 53.25069],
          [63.54511, 53.25127]
        ]
      }
    },
    {
      "type": "Feature",
      "properties": { "district": "vokzal", "kind": "minor" },
      "geometry": {
        "type": "LineString",
        "coordinates": [
          [63.61341, 53.22873],
          [63.61137, 53.22748],
          [63.61127, 53.22743]
        ]
      }
    },
    {
      "type": "Feature",
      "properties": { "district": "vokzal", "kind": "minor" },
      "geometry": {
        "type": "LineString",
        "coordinates": [
          [63.5897, 53.21137],
          [63.58981, 53.21164],
          [63.59, 53.21213]
        ]
      }
    },
    {
      "type": "Feature",
      "properties": { "district": "vokzal", "kind": "minor" },
      "geometry": {
        "type": "LineString",
        "coordinates": [
          [63.60778, 53.2269],
          [63.60744, 53.2267],
          [63.60719, 53.22656]
        ]
      }
    },
    {
      "type": "Feature",
      "properties": { "district": "kostanay-2", "kind": "minor" },
      "geometry": {
        "type": "LineString",
        "coordinates": [
          [63.58983, 53.22016],
          [63.59066, 53.21956],
          [63.59162, 53.21899]
        ]
      }
    },
    {
      "type": "Feature",
      "properties": { "district": "vokzal", "kind": "minor" },
      "geometry": {
        "type": "LineString",
        "coordinates": [
          [63.59162, 53.21899],
          [63.59183, 53.2189],
          [63.59206, 53.21881]
        ]
      }
    },
    {
      "type": "Feature",
      "properties": { "district": "vokzal", "kind": "minor" },
      "geometry": {
        "type": "LineString",
        "coordinates": [
          [63.60713, 53.22734],
          [63.60691, 53.22717],
          [63.60684, 53.2271],
          [63.60664, 53.2269]
        ]
      }
    },
    {
      "type": "Feature",
      "properties": { "district": null, "kind": "minor" },
      "geometry": {
        "type": "LineString",
        "coordinates": [
          [63.52582, 53.26792],
          [63.52578, 53.2678],
          [63.52549, 53.26733],
          [63.52547, 53.26729],
          [63.52502, 53.26657],
          [63.52492, 53.26616],
          [63.52485, 53.26569],
          [63.52487, 53.2651],
          [63.52526, 53.26436],
          [63.54469, 53.25148],
          [63.54511, 53.25127]
        ]
      }
    },
    {
      "type": "Feature",
      "properties": { "district": "kostanay-2", "kind": "minor" },
      "geometry": {
        "type": "LineString",
        "coordinates": [
          [63.5929, 53.22322],
          [63.59297, 53.22306],
          [63.59299, 53.22285],
          [63.59308, 53.22197],
          [63.59318, 53.22162],
          [63.59323, 53.22129],
          [63.59315, 53.22108],
          [63.59313, 53.22102],
          [63.59279, 53.2207],
          [63.59066, 53.21956]
        ]
      }
    },
    {
      "type": "Feature",
      "properties": { "district": "vokzal", "kind": "minor" },
      "geometry": {
        "type": "LineString",
        "coordinates": [
          [63.60713, 53.22734],
          [63.60737, 53.2275],
          [63.60751, 53.22762],
          [63.60765, 53.22776],
          [63.60796, 53.22797],
          [63.60844, 53.22822],
          [63.60879, 53.22836],
          [63.60914, 53.22851],
          [63.6096, 53.22861],
          [63.61031, 53.22875],
          [63.61049, 53.22879],
          [63.61081, 53.22887],
          [63.61121, 53.22898],
          [63.61168, 53.22914],
          [63.61201, 53.22928],
          [63.6122, 53.22933],
          [63.61229, 53.22935],
          [63.61238, 53.22936]
        ]
      }
    },
    {
      "type": "Feature",
      "properties": { "district": "khimik", "kind": "major" },
      "geometry": {
        "type": "LineString",
        "coordinates": [
          [63.59311, 53.16467],
          [63.59346, 53.16466],
          [63.59374, 53.16481],
          [63.59377, 53.16483],
          [63.59521, 53.16661]
        ]
      }
    },
    {
      "type": "Feature",
      "properties": { "district": null, "kind": "major" },
      "geometry": {
        "type": "LineString",
        "coordinates": [
          [63.68003, 53.17024],
          [63.68127, 53.17513],
          [63.68135, 53.17542],
          [63.68137, 53.17553],
          [63.68216, 53.17866],
          [63.68223, 53.17896],
          [63.68255, 53.18018],
          [63.68258, 53.1803],
          [63.68267, 53.18064],
          [63.6828, 53.18114],
          [63.68319, 53.18267],
          [63.68338, 53.18338],
          [63.68398, 53.18579],
          [63.68404, 53.18604],
          [63.68439, 53.18743],
          [63.68491, 53.18945],
          [63.68509, 53.19019],
          [63.68514, 53.19037],
          [63.68528, 53.19084]
        ]
      }
    },
    {
      "type": "Feature",
      "properties": { "district": "perevalovka", "kind": "major" },
      "geometry": {
        "type": "LineString",
        "coordinates": [
          [63.65905, 53.23188],
          [63.65923, 53.23173],
          [63.65949, 53.23167],
          [63.65979, 53.2317],
          [63.66, 53.23182],
          [63.66008, 53.23196],
          [63.66004, 53.23212],
          [63.65984, 53.23226],
          [63.65956, 53.23231]
        ]
      }
    },
    {
      "type": "Feature",
      "properties": { "district": "vokzal", "kind": "major" },
      "geometry": {
        "type": "LineString",
        "coordinates": [
          [63.65956, 53.23231],
          [63.65931, 53.23228]
        ]
      }
    },
    {
      "type": "Feature",
      "properties": { "district": "perevalovka", "kind": "major" },
      "geometry": {
        "type": "LineString",
        "coordinates": [
          [63.65931, 53.23228],
          [63.65911, 53.23218],
          [63.65902, 53.23205],
          [63.65905, 53.23188]
        ]
      }
    },
    {
      "type": "Feature",
      "properties": { "district": "perevalovka", "kind": "major" },
      "geometry": {
        "type": "LineString",
        "coordinates": [
          [63.65931, 53.23228],
          [63.65896, 53.23225],
          [63.65854, 53.23226]
        ]
      }
    },
    {
      "type": "Feature",
      "properties": { "district": "perevalovka", "kind": "major" },
      "geometry": {
        "type": "LineString",
        "coordinates": [
          [63.66008, 53.23196],
          [63.66026, 53.23219],
          [63.66047, 53.23239],
          [63.66071, 53.23254]
        ]
      }
    },
    {
      "type": "Feature",
      "properties": { "district": "vokzal", "kind": "major" },
      "geometry": {
        "type": "LineString",
        "coordinates": [
          [63.66071, 53.23254],
          [63.66113, 53.23276]
        ]
      }
    },
    {
      "type": "Feature",
      "properties": { "district": "perevalovka", "kind": "major" },
      "geometry": {
        "type": "LineString",
        "coordinates": [
          [63.66113, 53.23276],
          [63.66149, 53.23296],
          [63.66174, 53.23311],
          [63.66386, 53.2343],
          [63.66438, 53.23462],
          [63.66678, 53.23604],
          [63.6671, 53.23623]
        ]
      }
    },
    {
      "type": "Feature",
      "properties": { "district": "ksk", "kind": "major" },
      "geometry": {
        "type": "LineString",
        "coordinates": [
          [63.6671, 53.23623],
          [63.66737, 53.23639],
          [63.66803, 53.23678],
          [63.66824, 53.2369],
          [63.66911, 53.23743],
          [63.66966, 53.23778],
          [63.66977, 53.23786],
          [63.67, 53.23793]
        ]
      }
    },
    {
      "type": "Feature",
      "properties": { "district": "perevalovka", "kind": "minor" },
      "geometry": {
        "type": "LineString",
        "coordinates": [
          [63.65988, 53.23126],
          [63.65981, 53.23148],
          [63.65987, 53.23165],
          [63.66, 53.23182]
        ]
      }
    },
    {
      "type": "Feature",
      "properties": { "district": "perevalovka", "kind": "major" },
      "geometry": {
        "type": "LineString",
        "coordinates": [
          [63.65854, 53.23226],
          [63.65905, 53.23188]
        ]
      }
    },
    {
      "type": "Feature",
      "properties": { "district": "perevalovka", "kind": "minor" },
      "geometry": {
        "type": "LineString",
        "coordinates": [
          [63.65923, 53.23173],
          [63.65988, 53.23126]
        ]
      }
    },
    {
      "type": "Feature",
      "properties": { "district": "perevalovka", "kind": "minor" },
      "geometry": {
        "type": "LineString",
        "coordinates": [
          [63.65988, 53.23126],
          [63.65998, 53.23119],
          [63.66004, 53.23114],
          [63.66044, 53.23084],
          [63.6608, 53.23057],
          [63.66087, 53.23051],
          [63.66102, 53.2304],
          [63.66146, 53.23005],
          [63.66165, 53.2299],
          [63.66193, 53.22966],
          [63.66223, 53.22942],
          [63.663, 53.22885],
          [63.66509, 53.22721]
        ]
      }
    },
    {
      "type": "Feature",
      "properties": { "district": "zapadny", "kind": "major" },
      "geometry": {
        "type": "LineString",
        "coordinates": [
          [63.60751, 53.18579],
          [63.60782, 53.1857]
        ]
      }
    },
    {
      "type": "Feature",
      "properties": { "district": "narimanovka", "kind": "major" },
      "geometry": {
        "type": "LineString",
        "coordinates": [
          [63.60782, 53.1857],
          [63.60796, 53.18566],
          [63.60807, 53.18563]
        ]
      }
    },
    {
      "type": "Feature",
      "properties": { "district": "kzhbi", "kind": "minor" },
      "geometry": {
        "type": "LineString",
        "coordinates": [
          [63.59402, 53.1798],
          [63.59504, 53.17965],
          [63.59566, 53.17955],
          [63.59575, 53.17954],
          [63.59654, 53.17941]
        ]
      }
    },
    {
      "type": "Feature",
      "properties": { "district": "kzhbi", "kind": "minor" },
      "geometry": {
        "type": "LineString",
        "coordinates": [
          [63.58827, 53.17923],
          [63.58876, 53.17828],
          [63.58891, 53.17797],
          [63.58897, 53.17788],
          [63.58954, 53.17679],
          [63.59008, 53.17576],
          [63.59068, 53.1746]
        ]
      }
    },
    {
      "type": "Feature",
      "properties": { "district": "kzhbi", "kind": "minor" },
      "geometry": {
        "type": "LineString",
        "coordinates": [
          [63.58593, 53.17654],
          [63.58537, 53.1764],
          [63.58466, 53.17619],
          [63.58434, 53.17609],
          [63.58352, 53.17574],
          [63.58294, 53.17543],
          [63.5829, 53.17533],
          [63.58296, 53.17443]
        ]
      }
    },
    {
      "type": "Feature",
      "properties": { "district": "kzhbi", "kind": "minor" },
      "geometry": {
        "type": "LineString",
        "coordinates": [
          [63.58466, 53.17619],
          [63.5847, 53.17607],
          [63.58557, 53.17364],
          [63.58578, 53.17358],
          [63.5861, 53.17353],
          [63.58621, 53.17346],
          [63.58738, 53.17081],
          [63.58773, 53.17049],
          [63.58749, 53.17008],
          [63.5876, 53.16953],
          [63.58781, 53.16842],
          [63.58785, 53.16814],
          [63.58791, 53.16771],
          [63.58775, 53.16712],
          [63.58766, 53.167],
          [63.58756, 53.16697],
          [63.58747, 53.16693],
          [63.58597, 53.16691]
        ]
      }
    },
    {
      "type": "Feature",
      "properties": { "district": "kzhbi", "kind": "minor" },
      "geometry": {
        "type": "LineString",
        "coordinates": [
          [63.59651, 53.18134],
          [63.59575, 53.17954]
        ]
      }
    },
    {
      "type": "Feature",
      "properties": { "district": "kzhbi", "kind": "minor" },
      "geometry": {
        "type": "LineString",
        "coordinates": [
          [63.60416, 53.18138],
          [63.60243, 53.179],
          [63.60282, 53.1789],
          [63.60295, 53.17886]
        ]
      }
    },
    {
      "type": "Feature",
      "properties": { "district": "kzhbi", "kind": "minor" },
      "geometry": {
        "type": "LineString",
        "coordinates": [
          [63.59578, 53.18144],
          [63.59543, 53.1806],
          [63.59504, 53.17965],
          [63.59478, 53.17901]
        ]
      }
    },
    {
      "type": "Feature",
      "properties": { "district": "kzhbi", "kind": "minor" },
      "geometry": {
        "type": "LineString",
        "coordinates": [
          [63.60208, 53.17384],
          [63.60228, 53.17413],
          [63.60291, 53.17507],
          [63.6031, 53.17533],
          [63.60329, 53.1756],
          [63.60348, 53.17587],
          [63.60406, 53.17668],
          [63.60433, 53.17707]
        ]
      }
    },
    {
      "type": "Feature",
      "properties": { "district": "narimanovka", "kind": "minor" },
      "geometry": {
        "type": "LineString",
        "coordinates": [
          [63.62599, 53.19717],
          [63.62603, 53.19702],
          [63.62619, 53.19691],
          [63.62659, 53.19683],
          [63.62738, 53.19689],
          [63.62816, 53.19682],
          [63.63042, 53.19611],
          [63.63064, 53.19608],
          [63.63075, 53.19614],
          [63.63132, 53.19599],
          [63.63182, 53.19569],
          [63.63209, 53.19545],
          [63.6322, 53.19529],
          [63.63224, 53.19509],
          [63.63259, 53.19491]
        ]
      }
    },
    {
      "type": "Feature",
      "properties": { "district": "narimanovka", "kind": "minor" },
      "geometry": {
        "type": "LineString",
        "coordinates": [
          [63.62285, 53.19631],
          [63.62375, 53.19615]
        ]
      }
    },
    {
      "type": "Feature",
      "properties": { "district": "narimanovka", "kind": "minor" },
      "geometry": {
        "type": "LineString",
        "coordinates": [
          [63.62043, 53.19663],
          [63.62078, 53.19691],
          [63.62173, 53.19763],
          [63.62369, 53.19906],
          [63.62541, 53.20025],
          [63.62554, 53.20034]
        ]
      }
    },
    {
      "type": "Feature",
      "properties": { "district": "narimanovka", "kind": "minor" },
      "geometry": {
        "type": "LineString",
        "coordinates": [
          [63.62217, 53.19996],
          [63.62254, 53.19974],
          [63.62285, 53.19955],
          [63.62369, 53.19906],
          [63.62517, 53.19832]
        ]
      }
    },
    {
      "type": "Feature",
      "properties": { "district": "narimanovka", "kind": "minor" },
      "geometry": {
        "type": "LineString",
        "coordinates": [
          [63.62427, 53.19765],
          [63.62524, 53.19731],
          [63.62599, 53.19717],
          [63.62662, 53.19719],
          [63.62693, 53.1972],
          [63.62715, 53.19723]
        ]
      }
    },
    {
      "type": "Feature",
      "properties": { "district": "narimanovka", "kind": "minor" },
      "geometry": {
        "type": "LineString",
        "coordinates": [
          [63.62375, 53.19615],
          [63.62389, 53.1964],
          [63.62407, 53.19643],
          [63.62821, 53.19565],
          [63.62907, 53.19557],
          [63.62989, 53.19534]
        ]
      }
    },
    {
      "type": "Feature",
      "properties": { "district": "narimanovka", "kind": "minor" },
      "geometry": {
        "type": "LineString",
        "coordinates": [
          [63.63454, 53.20324],
          [63.63387, 53.20275],
          [63.63257, 53.20178],
          [63.63243, 53.20168],
          [63.6305, 53.20024],
          [63.62956, 53.19957],
          [63.62891, 53.19911]
        ]
      }
    },
    {
      "type": "Feature",
      "properties": { "district": "narimanovka", "kind": "minor" },
      "geometry": {
        "type": "LineString",
        "coordinates": [
          [63.61068, 53.19696],
          [63.61127, 53.19628],
          [63.61142, 53.19605],
          [63.61145, 53.19585],
          [63.61248, 53.19587]
        ]
      }
    },
    {
      "type": "Feature",
      "properties": { "district": "narimanovka", "kind": "minor" },
      "geometry": {
        "type": "LineString",
        "coordinates": [
          [63.61448, 53.1988],
          [63.61768, 53.19717]
        ]
      }
    },
    {
      "type": "Feature",
      "properties": { "district": "narimanovka", "kind": "minor" },
      "geometry": {
        "type": "LineString",
        "coordinates": [
          [63.6141, 53.19449],
          [63.61253, 53.19523],
          [63.61248, 53.19587],
          [63.61239, 53.19701],
          [63.61221, 53.19721]
        ]
      }
    },
    {
      "type": "Feature",
      "properties": { "district": "narimanovka", "kind": "minor" },
      "geometry": {
        "type": "LineString",
        "coordinates": [
          [63.61309, 53.19599],
          [63.61327, 53.19587],
          [63.61331, 53.19578],
          [63.61402, 53.19542],
          [63.61514, 53.19622],
          [63.61629, 53.19706]
        ]
      }
    },
    {
      "type": "Feature",
      "properties": { "district": "zapadny", "kind": "minor" },
      "geometry": {
        "type": "LineString",
        "coordinates": [
          [63.59753, 53.18901],
          [63.59907, 53.18894],
          [63.60043, 53.18888]
        ]
      }
    },
    {
      "type": "Feature",
      "properties": { "district": "zapadny", "kind": "minor" },
      "geometry": {
        "type": "LineString",
        "coordinates": [
          [63.6012, 53.19222],
          [63.60096, 53.19117],
          [63.60079, 53.19046],
          [63.60047, 53.18905],
          [63.60043, 53.18888],
          [63.60028, 53.18807],
          [63.60016, 53.18745],
          [63.60014, 53.18738],
          [63.60014, 53.1873],
          [63.60022, 53.18711]
        ]
      }
    },
    {
      "type": "Feature",
      "properties": { "district": "zapadny", "kind": "minor" },
      "geometry": {
        "type": "LineString",
        "coordinates": [
          [63.60047, 53.18905],
          [63.60249, 53.18886]
        ]
      }
    },
    {
      "type": "Feature",
      "properties": { "district": "zapadny", "kind": "minor" },
      "geometry": {
        "type": "LineString",
        "coordinates": [
          [63.59907, 53.18894],
          [63.5994, 53.19057],
          [63.59951, 53.19126],
          [63.59968, 53.19234]
        ]
      }
    },
    {
      "type": "Feature",
      "properties": { "district": "zapadny", "kind": "minor" },
      "geometry": {
        "type": "LineString",
        "coordinates": [
          [63.59164, 53.19358],
          [63.5913, 53.19199]
        ]
      }
    },
    {
      "type": "Feature",
      "properties": { "district": "zapadny", "kind": "minor" },
      "geometry": {
        "type": "LineString",
        "coordinates": [
          [63.59232, 53.19347],
          [63.59254, 53.19478]
        ]
      }
    },
    {
      "type": "Feature",
      "properties": { "district": "zapadny", "kind": "minor" },
      "geometry": {
        "type": "LineString",
        "coordinates": [
          [63.60019, 53.1923],
          [63.60029, 53.19289]
        ]
      }
    },
    {
      "type": "Feature",
      "properties": { "district": "zapadny", "kind": "minor" },
      "geometry": {
        "type": "LineString",
        "coordinates": [
          [63.59679, 53.19257],
          [63.59649, 53.19258],
          [63.59615, 53.19261],
          [63.59599, 53.19265],
          [63.59576, 53.19271],
          [63.59522, 53.19277],
          [63.59541, 53.19399]
        ]
      }
    },
    {
      "type": "Feature",
      "properties": { "district": "zapadny", "kind": "minor" },
      "geometry": {
        "type": "LineString",
        "coordinates": [
          [63.60336, 53.1938],
          [63.60439, 53.19373],
          [63.60834, 53.19348]
        ]
      }
    },
    {
      "type": "Feature",
      "properties": { "district": "zapadny", "kind": "minor" },
      "geometry": {
        "type": "LineString",
        "coordinates": [
          [63.6012, 53.19222],
          [63.60138, 53.19321],
          [63.60145, 53.19361],
          [63.60156, 53.1942],
          [63.60159, 53.19438]
        ]
      }
    },
    {
      "type": "Feature",
      "properties": { "district": "zapadny", "kind": "minor" },
      "geometry": {
        "type": "LineString",
        "coordinates": [
          [63.59406, 53.19415],
          [63.59478, 53.19409],
          [63.59497, 53.19407],
          [63.59516, 53.19405],
          [63.59541, 53.19399]
        ]
      }
    },
    {
      "type": "Feature",
      "properties": { "district": "zapadny", "kind": "minor" },
      "geometry": {
        "type": "LineString",
        "coordinates": [
          [63.59389, 53.19322],
          [63.59406, 53.19415],
          [63.59421, 53.19494],
          [63.59416, 53.19525]
        ]
      }
    },
    {
      "type": "Feature",
      "properties": { "district": "zapadny", "kind": "minor" },
      "geometry": {
        "type": "LineString",
        "coordinates": [
          [63.59692, 53.19351],
          [63.59856, 53.19339],
          [63.5991, 53.19333],
          [63.60016, 53.19329]
        ]
      }
    },
    {
      "type": "Feature",
      "properties": { "district": "zapadny", "kind": "minor" },
      "geometry": {
        "type": "LineString",
        "coordinates": [
          [63.59048, 53.19375],
          [63.58991, 53.19141],
          [63.58992, 53.19127]
        ]
      }
    },
    {
      "type": "Feature",
      "properties": { "district": "zapadny", "kind": "minor" },
      "geometry": {
        "type": "LineString",
        "coordinates": [
          [63.60079, 53.19046],
          [63.59992, 53.19053],
          [63.5994, 53.19057],
          [63.59863, 53.19062],
          [63.59845, 53.19064],
          [63.5979, 53.19068],
          [63.5954, 53.19086],
          [63.59524, 53.19087],
          [63.59415, 53.19095],
          [63.59305, 53.19102],
          [63.59124, 53.19116],
          [63.59066, 53.19121],
          [63.59058, 53.19122],
          [63.58992, 53.19127]
        ]
      }
    },
    {
      "type": "Feature",
      "properties": { "district": "zapadny", "kind": "minor" },
      "geometry": {
        "type": "LineString",
        "coordinates": [
          [63.58822, 53.19773],
          [63.58967, 53.19761],
          [63.59065, 53.19752],
          [63.5916, 53.19744],
          [63.59266, 53.19735],
          [63.59371, 53.19726],
          [63.59479, 53.19717],
          [63.59563, 53.1971],
          [63.59665, 53.19701],
          [63.59761, 53.19693],
          [63.59842, 53.19686],
          [63.59848, 53.19686],
          [63.59956, 53.19676],
          [63.6005, 53.19668],
          [63.60137, 53.19661],
          [63.60238, 53.19652]
        ]
      }
    },
    {
      "type": "Feature",
      "properties": { "district": "zapadny", "kind": "minor" },
      "geometry": {
        "type": "LineString",
        "coordinates": [
          [63.58855, 53.19924],
          [63.58999, 53.19911],
          [63.59097, 53.19903],
          [63.59192, 53.19895],
          [63.59299, 53.19886],
          [63.59405, 53.19877],
          [63.59514, 53.19868],
          [63.59601, 53.1986],
          [63.59707, 53.19851],
          [63.59795, 53.19844],
          [63.60083, 53.1982],
          [63.60358, 53.19796],
          [63.6045, 53.19789],
          [63.60524, 53.19782],
          [63.60576, 53.19778],
          [63.60686, 53.19769],
          [63.6074, 53.19764],
          [63.60857, 53.19754],
          [63.60869, 53.19753]
        ]
      }
    },
    {
      "type": "Feature",
      "properties": { "district": "zapadny", "kind": "minor" },
      "geometry": {
        "type": "LineString",
        "coordinates": [
          [63.59611, 53.20165],
          [63.59637, 53.2017],
          [63.59865, 53.20149]
        ]
      }
    },
    {
      "type": "Feature",
      "properties": { "district": "zapadny", "kind": "minor" },
      "geometry": {
        "type": "LineString",
        "coordinates": [
          [63.60894, 53.19968],
          [63.60515, 53.20028]
        ]
      }
    },
    {
      "type": "Feature",
      "properties": { "district": "zapadny", "kind": "minor" },
      "geometry": {
        "type": "LineString",
        "coordinates": [
          [63.59034, 53.20082],
          [63.59134, 53.20074],
          [63.59229, 53.20065],
          [63.59336, 53.20056],
          [63.59458, 53.20046],
          [63.59469, 53.20045],
          [63.59553, 53.20037],
          [63.59594, 53.20034],
          [63.59636, 53.2003],
          [63.59691, 53.20025],
          [63.59755, 53.2002],
          [63.59834, 53.20013],
          [63.59924, 53.20006],
          [63.6003, 53.19996],
          [63.60121, 53.19988],
          [63.60211, 53.19981],
          [63.60315, 53.19973],
          [63.60395, 53.19967],
          [63.60612, 53.19935],
          [63.60743, 53.19916],
          [63.60884, 53.19893]
        ]
      }
    },
    {
      "type": "Feature",
      "properties": { "district": "zapadny", "kind": "minor" },
      "geometry": {
        "type": "LineString",
        "coordinates": [
          [63.59648, 53.20294],
          [63.59613, 53.20174],
          [63.59611, 53.20165],
          [63.5961, 53.20162],
          [63.59606, 53.20121],
          [63.59593, 53.20078],
          [63.59594, 53.20034]
        ]
      }
    },
    {
      "type": "Feature",
      "properties": { "district": "zapadny", "kind": "minor" },
      "geometry": {
        "type": "LineString",
        "coordinates": [
          [63.59806, 53.1989],
          [63.59896, 53.19884],
          [63.60002, 53.19876],
          [63.60094, 53.19868],
          [63.60183, 53.19861],
          [63.60291, 53.19852]
        ]
      }
    },
    {
      "type": "Feature",
      "properties": { "district": "zapadny", "kind": "minor" },
      "geometry": {
        "type": "LineString",
        "coordinates": [
          [63.59309, 53.19935],
          [63.59365, 53.1993],
          [63.5944, 53.19923],
          [63.59469, 53.20045]
        ]
      }
    },
    {
      "type": "Feature",
      "properties": { "district": "zapadny", "kind": "minor" },
      "geometry": {
        "type": "LineString",
        "coordinates": [
          [63.59502, 53.19819],
          [63.59587, 53.19812],
          [63.59691, 53.19802],
          [63.59665, 53.19701]
        ]
      }
    },
    {
      "type": "Feature",
      "properties": { "district": "zapadny", "kind": "minor" },
      "geometry": {
        "type": "LineString",
        "coordinates": [
          [63.59405, 53.19877],
          [63.59371, 53.19726],
          [63.59336, 53.19561],
          [63.59338, 53.19546]
        ]
      }
    },
    {
      "type": "Feature",
      "properties": { "district": "zapadny", "kind": "minor" },
      "geometry": {
        "type": "LineString",
        "coordinates": [
          [63.59875, 53.20195],
          [63.6017, 53.2017],
          [63.60439, 53.20147],
          [63.60758, 53.20112],
          [63.6078, 53.20188]
        ]
      }
    },
    {
      "type": "Feature",
      "properties": { "district": "zapadny", "kind": "minor" },
      "geometry": {
        "type": "LineString",
        "coordinates": [
          [63.59553, 53.20037],
          [63.59514, 53.19868],
          [63.59502, 53.19819],
          [63.59479, 53.19717],
          [63.5944, 53.1955]
        ]
      }
    },
    {
      "type": "Feature",
      "properties": { "district": "zapadny", "kind": "minor" },
      "geometry": {
        "type": "LineString",
        "coordinates": [
          [63.59189, 53.20334],
          [63.59161, 53.20202],
          [63.59134, 53.20074],
          [63.59097, 53.19903],
          [63.59065, 53.19752],
          [63.59018, 53.19532]
        ]
      }
    },
    {
      "type": "Feature",
      "properties": { "district": "zapadny", "kind": "minor" },
      "geometry": {
        "type": "LineString",
        "coordinates": [
          [63.59861, 53.20135],
          [63.60153, 53.2011],
          [63.6024, 53.20102],
          [63.60313, 53.20096],
          [63.60428, 53.20086],
          [63.60902, 53.20027]
        ]
      }
    },
    {
      "type": "Feature",
      "properties": { "district": "zapadny", "kind": "minor" },
      "geometry": {
        "type": "LineString",
        "coordinates": [
          [63.59089, 53.20343],
          [63.59061, 53.20209],
          [63.59047, 53.20141],
          [63.59034, 53.20082],
          [63.59024, 53.20032],
          [63.58999, 53.19911],
          [63.58967, 53.19761],
          [63.58918, 53.19528]
        ]
      }
    },
    {
      "type": "Feature",
      "properties": { "district": "zapadny", "kind": "minor" },
      "geometry": {
        "type": "LineString",
        "coordinates": [
          [63.59283, 53.20326],
          [63.59257, 53.20195],
          [63.59229, 53.20065],
          [63.59192, 53.19895],
          [63.5916, 53.19744],
          [63.59119, 53.19554],
          [63.5912, 53.19537]
        ]
      }
    },
    {
      "type": "Feature",
      "properties": { "district": "zapadny", "kind": "minor" },
      "geometry": {
        "type": "LineString",
        "coordinates": [
          [63.59061, 53.20209],
          [63.59161, 53.20202],
          [63.59257, 53.20195],
          [63.59364, 53.20187],
          [63.59457, 53.20177],
          [63.59484, 53.20175],
          [63.59505, 53.20173],
          [63.59552, 53.20165],
          [63.59574, 53.20162],
          [63.59611, 53.20165]
        ]
      }
    },
    {
      "type": "Feature",
      "properties": { "district": "zapadny", "kind": "minor" },
      "geometry": {
        "type": "LineString",
        "coordinates": [
          [63.59392, 53.20316],
          [63.59364, 53.20187],
          [63.59336, 53.20056],
          [63.59309, 53.19935],
          [63.59299, 53.19886],
          [63.59266, 53.19735],
          [63.59229, 53.19551],
          [63.5923, 53.19541]
        ]
      }
    },
    {
      "type": "Feature",
      "properties": { "district": "zapadny", "kind": "minor" },
      "geometry": {
        "type": "LineString",
        "coordinates": [
          [63.60305, 53.19558],
          [63.60313, 53.19594],
          [63.60325, 53.19645],
          [63.60335, 53.19692],
          [63.60347, 53.19748],
          [63.60358, 53.19796]
        ]
      }
    },
    {
      "type": "Feature",
      "properties": { "district": "zapadny", "kind": "minor" },
      "geometry": {
        "type": "LineString",
        "coordinates": [
          [63.60035, 53.1957],
          [63.60041, 53.19615],
          [63.6005, 53.19668],
          [63.60083, 53.1982],
          [63.60094, 53.19868],
          [63.60121, 53.19988],
          [63.60153, 53.2011],
          [63.6017, 53.2017],
          [63.60189, 53.20242],
          [63.60206, 53.20316],
          [63.6022, 53.20376],
          [63.60224, 53.20393],
          [63.60239, 53.20455],
          [63.60256, 53.20527]
        ]
      }
    },
    {
      "type": "Feature",
      "properties": { "district": "zapadny", "kind": "minor" },
      "geometry": {
        "type": "LineString",
        "coordinates": [
          [63.60412, 53.2081],
          [63.6039, 53.20821],
          [63.60321, 53.20848],
          [63.60048, 53.20869],
          [63.59798, 53.20889],
          [63.59683, 53.20898]
        ]
      }
    },
    {
      "type": "Feature",
      "properties": { "district": "zapadny", "kind": "minor" },
      "geometry": {
        "type": "LineString",
        "coordinates": [
          [63.5946, 53.20671],
          [63.59478, 53.2067],
          [63.59644, 53.20658],
          [63.59741, 53.20648]
        ]
      }
    },
    {
      "type": "Feature",
      "properties": { "district": "zapadny", "kind": "minor" },
      "geometry": {
        "type": "LineString",
        "coordinates": [
          [63.5946, 53.20671],
          [63.5946, 53.20678],
          [63.59457, 53.20681],
          [63.59453, 53.20683]
        ]
      }
    },
    {
      "type": "Feature",
      "properties": { "district": "zapadny", "kind": "minor" },
      "geometry": {
        "type": "LineString",
        "coordinates": [
          [63.59494, 53.20933],
          [63.59545, 53.20924],
          [63.59635, 53.20913],
          [63.59654, 53.2091],
          [63.59669, 53.20906],
          [63.59675, 53.20904],
          [63.59683, 53.20898]
        ]
      }
    },
    {
      "type": "Feature",
      "properties": { "district": "zapadny", "kind": "minor" },
      "geometry": {
        "type": "LineString",
        "coordinates": [
          [63.59131, 53.20705],
          [63.59142, 53.207],
          [63.5926, 53.20689],
          [63.59282, 53.20687],
          [63.59288, 53.20716],
          [63.59292, 53.20737],
          [63.59295, 53.20751]
        ]
      }
    },
    {
      "type": "Feature",
      "properties": { "district": "zapadny", "kind": "minor" },
      "geometry": {
        "type": "LineString",
        "coordinates": [
          [63.60059, 53.20924],
          [63.60048, 53.20869],
          [63.60037, 53.20812],
          [63.60023, 53.2075],
          [63.60012, 53.20693]
        ]
      }
    },
    {
      "type": "Feature",
      "properties": { "district": "zapadny", "kind": "minor" },
      "geometry": {
        "type": "LineString",
        "coordinates": [
          [63.59972, 53.20478],
          [63.60239, 53.20455],
          [63.60501, 53.20429]
        ]
      }
    },
    {
      "type": "Feature",
      "properties": { "district": "zapadny", "kind": "minor" },
      "geometry": {
        "type": "LineString",
        "coordinates": [
          [63.59757, 53.20714],
          [63.60012, 53.20693],
          [63.60021, 53.20692],
          [63.60154, 53.20681]
        ]
      }
    },
    {
      "type": "Feature",
      "properties": { "district": "zapadny", "kind": "minor" },
      "geometry": {
        "type": "LineString",
        "coordinates": [
          [63.59741, 53.20648],
          [63.60006, 53.20629],
          [63.60179, 53.20614]
        ]
      }
    },
    {
      "type": "Feature",
      "properties": { "district": "zapadny", "kind": "minor" },
      "geometry": {
        "type": "LineString",
        "coordinates": [
          [63.60863, 53.20883],
          [63.60847, 53.20873],
          [63.60793, 53.20838],
          [63.60661, 53.20756]
        ]
      }
    },
    {
      "type": "Feature",
      "properties": { "district": "zapadny", "kind": "minor" },
      "geometry": {
        "type": "LineString",
        "coordinates": [
          [63.60051, 53.21104],
          [63.60056, 53.21095],
          [63.60059, 53.21091],
          [63.6026, 53.20982],
          [63.60426, 53.20883]
        ]
      }
    },
    {
      "type": "Feature",
      "properties": { "district": "zapadny", "kind": "minor" },
      "geometry": {
        "type": "LineString",
        "coordinates": [
          [63.60687, 53.20591],
          [63.60539, 53.20669],
          [63.60521, 53.20679],
          [63.604, 53.20744],
          [63.60343, 53.20771],
          [63.60334, 53.20774],
          [63.60321, 53.20776]
        ]
      }
    },
    {
      "type": "Feature",
      "properties": { "district": "zapadny", "kind": "minor" },
      "geometry": {
        "type": "LineString",
        "coordinates": [
          [63.6067, 53.20982],
          [63.60659, 53.20973],
          [63.60477, 53.20858],
          [63.60412, 53.2081]
        ]
      }
    },
    {
      "type": "Feature",
      "properties": { "district": "zapadny", "kind": "minor" },
      "geometry": {
        "type": "LineString",
        "coordinates": [
          [63.61046, 53.20639],
          [63.61126, 53.20594],
          [63.61132, 53.20594],
          [63.61138, 53.20595],
          [63.61196, 53.20637]
        ]
      }
    },
    {
      "type": "Feature",
      "properties": { "district": "zapadny", "kind": "minor" },
      "geometry": {
        "type": "LineString",
        "coordinates": [
          [63.59727, 53.20581],
          [63.59989, 53.20554],
          [63.60256, 53.20527],
          [63.60546, 53.20498]
        ]
      }
    },
    {
      "type": "Feature",
      "properties": { "district": "zapadny", "kind": "minor" },
      "geometry": {
        "type": "LineString",
        "coordinates": [
          [63.59801, 53.21103],
          [63.5982, 53.21102],
          [63.59852, 53.21102],
          [63.5986, 53.211],
          [63.59869, 53.21098],
          [63.59876, 53.21094],
          [63.599, 53.21079],
          [63.59923, 53.21065],
          [63.59954, 53.21056],
          [63.59965, 53.2104],
          [63.60047, 53.20994],
          [63.60105, 53.20965],
          [63.60176, 53.20932]
        ]
      }
    },
    {
      "type": "Feature",
      "properties": { "district": "zapadny", "kind": "minor" },
      "geometry": {
        "type": "LineString",
        "coordinates": [
          [63.60495, 53.20668],
          [63.60521, 53.20679],
          [63.60583, 53.20718],
          [63.60652, 53.20761]
        ]
      }
    },
    {
      "type": "Feature",
      "properties": { "district": "zapadny", "kind": "minor" },
      "geometry": {
        "type": "LineString",
        "coordinates": [
          [63.59677, 53.20359],
          [63.5994, 53.20337],
          [63.60206, 53.20316],
          [63.60467, 53.2029],
          [63.60519, 53.2027]
        ]
      }
    },
    {
      "type": "Feature",
      "properties": { "district": "zapadny", "kind": "minor" },
      "geometry": {
        "type": "LineString",
        "coordinates": [
          [63.60321, 53.20776],
          [63.60323, 53.20765],
          [63.60324, 53.2076],
          [63.60327, 53.20755],
          [63.6043, 53.20701],
          [63.60495, 53.20668],
          [63.6052, 53.20654],
          [63.60527, 53.20651],
          [63.60664, 53.20576]
        ]
      }
    },
    {
      "type": "Feature",
      "properties": { "district": "zapadny", "kind": "minor" },
      "geometry": {
        "type": "LineString",
        "coordinates": [
          [63.59783, 53.20826],
          [63.60037, 53.20812],
          [63.60278, 53.20786],
          [63.60304, 53.20782],
          [63.60321, 53.20776]
        ]
      }
    },
    {
      "type": "Feature",
      "properties": { "district": "zapadny", "kind": "minor" },
      "geometry": {
        "type": "LineString",
        "coordinates": [
          [63.59695, 53.20436],
          [63.59721, 53.20418],
          [63.59954, 53.20398],
          [63.6022, 53.20376],
          [63.60483, 53.20354]
        ]
      }
    },
    {
      "type": "Feature",
      "properties": { "district": "zapadny", "kind": "minor" },
      "geometry": {
        "type": "LineString",
        "coordinates": [
          [63.60464, 53.2023],
          [63.60519, 53.2027],
          [63.60656, 53.20376],
          [63.60737, 53.2043],
          [63.60823, 53.20488],
          [63.60936, 53.20566],
          [63.60971, 53.20587],
          [63.61046, 53.20639],
          [63.61064, 53.20651],
          [63.6116, 53.20713],
          [63.61175, 53.20723]
        ]
      }
    },
    {
      "type": "Feature",
      "properties": { "district": "narimanovka", "kind": "minor" },
      "geometry": {
        "type": "LineString",
        "coordinates": [
          [63.61832, 53.20151],
          [63.61677, 53.2023],
          [63.61655, 53.20241],
          [63.61486, 53.20331],
          [63.61407, 53.20371],
          [63.61324, 53.20413]
        ]
      }
    },
    {
      "type": "Feature",
      "properties": { "district": "zapadny", "kind": "minor" },
      "geometry": {
        "type": "LineString",
        "coordinates": [
          [63.61324, 53.20413],
          [63.6131, 53.2042],
          [63.61185, 53.20485],
          [63.61157, 53.205],
          [63.61009, 53.20582],
          [63.60971, 53.20587]
        ]
      }
    },
    {
      "type": "Feature",
      "properties": { "district": "zapadny", "kind": "minor" },
      "geometry": {
        "type": "LineString",
        "coordinates": [
          [63.60971, 53.20587],
          [63.60986, 53.20569],
          [63.61139, 53.20488],
          [63.61165, 53.20474],
          [63.61289, 53.20408],
          [63.61304, 53.204]
        ]
      }
    },
    {
      "type": "Feature",
      "properties": { "district": "narimanovka", "kind": "minor" },
      "geometry": {
        "type": "LineString",
        "coordinates": [
          [63.61304, 53.204],
          [63.61463, 53.20315],
          [63.61548, 53.20271],
          [63.61634, 53.20226]
        ]
      }
    },
    {
      "type": "Feature",
      "properties": { "district": "narimanovka", "kind": "minor" },
      "geometry": {
        "type": "LineString",
        "coordinates": [
          [63.62249, 53.20655],
          [63.6205, 53.20517],
          [63.61945, 53.20443],
          [63.61856, 53.20381],
          [63.61851, 53.20377],
          [63.61836, 53.20367],
          [63.6171, 53.2028],
          [63.61655, 53.20241],
          [63.61634, 53.20226]
        ]
      }
    },
    {
      "type": "Feature",
      "properties": { "district": "narimanovka", "kind": "minor" },
      "geometry": {
        "type": "LineString",
        "coordinates": [
          [63.61161, 53.20117],
          [63.61213, 53.20151],
          [63.6125, 53.20176],
          [63.61295, 53.20206],
          [63.6138, 53.20262],
          [63.61463, 53.20315],
          [63.61476, 53.20324],
          [63.61486, 53.20331],
          [63.61668, 53.20453],
          [63.61683, 53.20463],
          [63.61688, 53.20467],
          [63.61744, 53.20502],
          [63.61891, 53.20595],
          [63.61979, 53.20653],
          [63.62092, 53.20727]
        ]
      }
    },
    {
      "type": "Feature",
      "properties": { "district": "narimanovka", "kind": "minor" },
      "geometry": {
        "type": "LineString",
        "coordinates": [
          [63.64041, 53.20362],
          [63.63976, 53.20315],
          [63.63964, 53.20307],
          [63.63784, 53.20178],
          [63.63712, 53.20125],
          [63.63591, 53.20033],
          [63.63583, 53.20027],
          [63.63572, 53.20017],
          [63.63477, 53.19928],
          [63.63416, 53.19845],
          [63.63306, 53.19718],
          [63.63295, 53.19639],
          [63.63309, 53.19607],
          [63.63304, 53.19534],
          [63.63259, 53.19491],
          [63.6312, 53.19356],
          [63.63113, 53.19343]
        ]
      }
    },
    {
      "type": "Feature",
      "properties": { "district": "narimanovka", "kind": "minor" },
      "geometry": {
        "type": "LineString",
        "coordinates": [
          [63.61366, 53.20011],
          [63.61588, 53.2017],
          [63.61567, 53.2018]
        ]
      }
    },
    {
      "type": "Feature",
      "properties": { "district": "narimanovka", "kind": "minor" },
      "geometry": {
        "type": "LineString",
        "coordinates": [
          [63.62394, 53.20348],
          [63.62429, 53.20373],
          [63.62482, 53.2041],
          [63.62586, 53.20484],
          [63.62596, 53.20491]
        ]
      }
    },
    {
      "type": "Feature",
      "properties": { "district": "narimanovka", "kind": "minor" },
      "geometry": {
        "type": "LineString",
        "coordinates": [
          [63.61655, 53.20215],
          [63.61667, 53.20223],
          [63.61677, 53.2023],
          [63.61784, 53.20305],
          [63.61858, 53.20357],
          [63.61871, 53.20367],
          [63.61877, 53.2037],
          [63.62071, 53.20507],
          [63.62269, 53.20646]
        ]
      }
    },
    {
      "type": "Feature",
      "properties": { "district": "narimanovka", "kind": "minor" },
      "geometry": {
        "type": "LineString",
        "coordinates": [
          [63.62608, 53.19892],
          [63.6273, 53.19835],
          [63.62765, 53.19827],
          [63.62913, 53.19792],
          [63.62924, 53.19789],
          [63.62979, 53.19756],
          [63.63112, 53.19707],
          [63.63295, 53.19639]
        ]
      }
    },
    {
      "type": "Feature",
      "properties": { "district": "narimanovka", "kind": "minor" },
      "geometry": {
        "type": "LineString",
        "coordinates": [
          [63.64369, 53.20178],
          [63.64492, 53.20264]
        ]
      }
    },
    {
      "type": "Feature",
      "properties": { "district": "narimanovka", "kind": "minor" },
      "geometry": {
        "type": "LineString",
        "coordinates": [
          [63.64448, 53.20384],
          [63.64456, 53.20382],
          [63.64597, 53.20338],
          [63.64603, 53.20336]
        ]
      }
    },
    {
      "type": "Feature",
      "properties": { "district": "narimanovka", "kind": "minor" },
      "geometry": {
        "type": "LineString",
        "coordinates": [
          [63.64255, 53.20372],
          [63.64166, 53.20267],
          [63.64076, 53.2017]
        ]
      }
    },
    {
      "type": "Feature",
      "properties": { "district": "narimanovka", "kind": "minor" },
      "geometry": {
        "type": "LineString",
        "coordinates": [
          [63.64166, 53.20267],
          [63.64248, 53.2024],
          [63.64255, 53.20237],
          [63.64261, 53.20235],
          [63.64322, 53.20199],
          [63.64369, 53.20178]
        ]
      }
    },
    {
      "type": "Feature",
      "properties": { "district": "narimanovka", "kind": "minor" },
      "geometry": {
        "type": "LineString",
        "coordinates": [
          [63.64203, 53.20199],
          [63.64197, 53.20192],
          [63.64196, 53.2018],
          [63.64197, 53.20116],
          [63.64201, 53.20101],
          [63.64212, 53.20089],
          [63.64247, 53.20068],
          [63.64394, 53.1998],
          [63.64482, 53.19925],
          [63.64492, 53.19918],
          [63.64511, 53.19906],
          [63.64519, 53.19901],
          [63.64545, 53.19885],
          [63.64664, 53.1981],
          [63.64679, 53.19801],
          [63.64682, 53.19799]
        ]
      }
    },
    {
      "type": "Feature",
      "properties": { "district": "narimanovka", "kind": "minor" },
      "geometry": {
        "type": "LineString",
        "coordinates": [
          [63.62979, 53.19756],
          [63.63081, 53.19838],
          [63.63109, 53.19851],
          [63.63221, 53.19941],
          [63.63282, 53.1999],
          [63.63405, 53.20088],
          [63.63417, 53.20098],
          [63.63616, 53.20252],
          [63.63763, 53.20352],
          [63.63813, 53.20386],
          [63.63832, 53.20398]
        ]
      }
    },
    {
      "type": "Feature",
      "properties": { "district": "center", "kind": "minor" },
      "geometry": {
        "type": "LineString",
        "coordinates": [
          [63.62786, 53.21889],
          [63.62798, 53.21898],
          [63.6283, 53.21921],
          [63.62886, 53.21962],
          [63.62966, 53.22021]
        ]
      }
    },
    {
      "type": "Feature",
      "properties": { "district": "vokzal", "kind": "minor" },
      "geometry": {
        "type": "LineString",
        "coordinates": [
          [63.63088, 53.2297],
          [63.63105, 53.22982],
          [63.6319, 53.23042],
          [63.63217, 53.23061],
          [63.63281, 53.23106],
          [63.63296, 53.23117],
          [63.63309, 53.23126],
          [63.6349, 53.2325],
          [63.63526, 53.23275],
          [63.63581, 53.23309],
          [63.63589, 53.23315],
          [63.63656, 53.23362],
          [63.63704, 53.23396],
          [63.6372, 53.23407],
          [63.63753, 53.23431],
          [63.63817, 53.2348],
          [63.6383, 53.23491],
          [63.63862, 53.23516],
          [63.63873, 53.23523],
          [63.63893, 53.23539],
          [63.63964, 53.23591],
          [63.63972, 53.23596],
          [63.63992, 53.23611],
          [63.64005, 53.23621],
          [63.6401, 53.23625],
          [63.64059, 53.23662],
          [63.64127, 53.237],
          [63.642, 53.23728],
          [63.64266, 53.23753],
          [63.64336, 53.23779]
        ]
      }
    },
    {
      "type": "Feature",
      "properties": { "district": "center", "kind": "minor" },
      "geometry": {
        "type": "LineString",
        "coordinates": [
          [63.62616, 53.22439],
          [63.62532, 53.2238],
          [63.6251, 53.22363],
          [63.62449, 53.22319],
          [63.62439, 53.22312],
          [63.62426, 53.22303],
          [63.62414, 53.22295],
          [63.62334, 53.2224]
        ]
      }
    },
    {
      "type": "Feature",
      "properties": { "district": "center", "kind": "minor" },
      "geometry": {
        "type": "LineString",
        "coordinates": [
          [63.64578, 53.21216],
          [63.6441, 53.21302],
          [63.64385, 53.21315],
          [63.6422, 53.214]
        ]
      }
    },
    {
      "type": "Feature",
      "properties": { "district": "center", "kind": "minor" },
      "geometry": {
        "type": "LineString",
        "coordinates": [
          [63.64206, 53.21384],
          [63.64282, 53.21344],
          [63.6431, 53.2133],
          [63.64365, 53.21301],
          [63.6439, 53.21288],
          [63.64438, 53.21262],
          [63.64558, 53.21203]
        ]
      }
    },
    {
      "type": "Feature",
      "properties": { "district": "center", "kind": "minor" },
      "geometry": {
        "type": "LineString",
        "coordinates": [
          [63.64926, 53.21033],
          [63.64916, 53.21039],
          [63.6475, 53.21127],
          [63.64661, 53.21173],
          [63.64578, 53.21216]
        ]
      }
    },
    {
      "type": "Feature",
      "properties": { "district": "center", "kind": "minor" },
      "geometry": {
        "type": "LineString",
        "coordinates": [
          [63.64558, 53.21203],
          [63.6473, 53.21113],
          [63.64894, 53.21025],
          [63.64907, 53.21018]
        ]
      }
    },
    {
      "type": "Feature",
      "properties": { "district": "perevalovka", "kind": "minor" },
      "geometry": {
        "type": "LineString",
        "coordinates": [
          [63.65607, 53.22037],
          [63.6562, 53.22031]
        ]
      }
    },
    {
      "type": "Feature",
      "properties": { "district": "center", "kind": "minor" },
      "geometry": {
        "type": "LineString",
        "coordinates": [
          [63.6562, 53.22031],
          [63.65782, 53.21954],
          [63.65947, 53.21879]
        ]
      }
    },
    {
      "type": "Feature",
      "properties": { "district": "center", "kind": "minor" },
      "geometry": {
        "type": "LineString",
        "coordinates": [
          [63.65423, 53.21882],
          [63.65439, 53.21874],
          [63.65598, 53.21799]
        ]
      }
    },
    {
      "type": "Feature",
      "properties": { "district": "perevalovka", "kind": "minor" },
      "geometry": {
        "type": "LineString",
        "coordinates": [
          [63.65962, 53.22106],
          [63.6598, 53.22099],
          [63.66139, 53.22036]
        ]
      }
    },
    {
      "type": "Feature",
      "properties": { "district": "center", "kind": "minor" },
      "geometry": {
        "type": "LineString",
        "coordinates": [
          [63.66139, 53.22036],
          [63.66227, 53.22002],
          [63.66413, 53.21929]
        ]
      }
    },
    {
      "type": "Feature",
      "properties": { "district": "center", "kind": "minor" },
      "geometry": {
        "type": "LineString",
        "coordinates": [
          [63.6511, 53.21177],
          [63.65029, 53.21219],
          [63.64946, 53.21262],
          [63.64853, 53.2131],
          [63.64786, 53.21345],
          [63.64773, 53.21351],
          [63.64753, 53.21362],
          [63.64607, 53.21437],
          [63.64583, 53.2145],
          [63.64417, 53.21535]
        ]
      }
    },
    {
      "type": "Feature",
      "properties": { "district": "center", "kind": "minor" },
      "geometry": {
        "type": "LineString",
        "coordinates": [
          [63.64399, 53.21522],
          [63.64475, 53.21483],
          [63.64563, 53.21436],
          [63.64588, 53.21424],
          [63.64608, 53.21413],
          [63.64733, 53.21348],
          [63.64753, 53.21338],
          [63.64765, 53.21331],
          [63.64925, 53.21248],
          [63.65008, 53.21205],
          [63.65089, 53.21162]
        ]
      }
    },
    {
      "type": "Feature",
      "properties": { "district": "center", "kind": "minor" },
      "geometry": {
        "type": "LineString",
        "coordinates": [
          [63.64526, 53.21824],
          [63.6454, 53.21817],
          [63.64704, 53.21741],
          [63.6479, 53.217],
          [63.64866, 53.21664],
          [63.64896, 53.2165],
          [63.65028, 53.21588],
          [63.65042, 53.21582],
          [63.65064, 53.21572],
          [63.65076, 53.21566],
          [63.65238, 53.2149],
          [63.65265, 53.21487],
          [63.65382, 53.21434],
          [63.65418, 53.21434]
        ]
      }
    },
    {
      "type": "Feature",
      "properties": { "district": "center", "kind": "minor" },
      "geometry": {
        "type": "LineString",
        "coordinates": [
          [63.65418, 53.21434],
          [63.65435, 53.21451],
          [63.65556, 53.21558],
          [63.65576, 53.21574],
          [63.65626, 53.21607],
          [63.65688, 53.21662],
          [63.65757, 53.21724],
          [63.65887, 53.2183],
          [63.65947, 53.21879],
          [63.66139, 53.22036]
        ]
      }
    },
    {
      "type": "Feature",
      "properties": { "district": "center", "kind": "minor" },
      "geometry": {
        "type": "LineString",
        "coordinates": [
          [63.64942, 53.21055],
          [63.64953, 53.21063],
          [63.6497, 53.21078],
          [63.65031, 53.21121],
          [63.65089, 53.21162],
          [63.6511, 53.21177]
        ]
      }
    },
    {
      "type": "Feature",
      "properties": { "district": "narimanovka", "kind": "minor" },
      "geometry": {
        "type": "LineString",
        "coordinates": [
          [63.64832, 53.20846],
          [63.64818, 53.20834],
          [63.64812, 53.20829],
          [63.64789, 53.20795],
          [63.64683, 53.20723]
        ]
      }
    },
    {
      "type": "Feature",
      "properties": { "district": "narimanovka", "kind": "minor" },
      "geometry": {
        "type": "LineString",
        "coordinates": [
          [63.63945, 53.20589],
          [63.63814, 53.20497],
          [63.63811, 53.20495],
          [63.63771, 53.20479]
        ]
      }
    },
    {
      "type": "Feature",
      "properties": { "district": "narimanovka", "kind": "minor" },
      "geometry": {
        "type": "LineString",
        "coordinates": [
          [63.63218, 53.20498],
          [63.63242, 53.20516],
          [63.63251, 53.20528],
          [63.63255, 53.2054],
          [63.63307, 53.20578],
          [63.63398, 53.20639]
        ]
      }
    },
    {
      "type": "Feature",
      "properties": { "district": "narimanovka", "kind": "minor" },
      "geometry": {
        "type": "LineString",
        "coordinates": [
          [63.63174, 53.20467],
          [63.63205, 53.20489]
        ]
      }
    },
    {
      "type": "Feature",
      "properties": { "district": "narimanovka", "kind": "minor" },
      "geometry": {
        "type": "LineString",
        "coordinates": [
          [63.63143, 53.20446],
          [63.63174, 53.20467]
        ]
      }
    },
    {
      "type": "Feature",
      "properties": { "district": "narimanovka", "kind": "minor" },
      "geometry": {
        "type": "LineString",
        "coordinates": [
          [63.62858, 53.2068],
          [63.6298, 53.20767],
          [63.6305, 53.20816]
        ]
      }
    },
    {
      "type": "Feature",
      "properties": { "district": "center", "kind": "minor" },
      "geometry": {
        "type": "LineString",
        "coordinates": [
          [63.6111, 53.21791],
          [63.6127, 53.21709],
          [63.61281, 53.21704],
          [63.61295, 53.21697],
          [63.6135, 53.21669],
          [63.61447, 53.21619],
          [63.61461, 53.21612],
          [63.61474, 53.21606],
          [63.61571, 53.21556],
          [63.61634, 53.21524],
          [63.61644, 53.21519],
          [63.61795, 53.21442],
          [63.61809, 53.21435]
        ]
      }
    },
    {
      "type": "Feature",
      "properties": { "district": "center", "kind": "minor" },
      "geometry": {
        "type": "LineString",
        "coordinates": [
          [63.61829, 53.21449],
          [63.61816, 53.21456],
          [63.61666, 53.21535],
          [63.61657, 53.2154],
          [63.61497, 53.21622],
          [63.61483, 53.21629],
          [63.6147, 53.21636],
          [63.61319, 53.21713],
          [63.61304, 53.21721],
          [63.61294, 53.21726],
          [63.61136, 53.21808]
        ]
      }
    },
    {
      "type": "Feature",
      "properties": { "district": "center", "kind": "minor" },
      "geometry": {
        "type": "LineString",
        "coordinates": [
          [63.61809, 53.21435],
          [63.61833, 53.2143],
          [63.61835, 53.21429],
          [63.61982, 53.21355],
          [63.62008, 53.21342],
          [63.62153, 53.21268],
          [63.62179, 53.21254],
          [63.62272, 53.21207],
          [63.62344, 53.2117]
        ]
      }
    },
    {
      "type": "Feature",
      "properties": { "district": "center", "kind": "minor" },
      "geometry": {
        "type": "LineString",
        "coordinates": [
          [63.62353, 53.21176],
          [63.62246, 53.2123],
          [63.62166, 53.21271],
          [63.62115, 53.21297],
          [63.62006, 53.21353],
          [63.61844, 53.21435],
          [63.61843, 53.21437],
          [63.61829, 53.21449]
        ]
      }
    },
    {
      "type": "Feature",
      "properties": { "district": "center", "kind": "minor" },
      "geometry": {
        "type": "LineString",
        "coordinates": [
          [63.63255, 53.20942],
          [63.63345, 53.21005],
          [63.63442, 53.21072],
          [63.6347, 53.21081]
        ]
      }
    },
    {
      "type": "Feature",
      "properties": { "district": "narimanovka", "kind": "minor" },
      "geometry": {
        "type": "LineString",
        "coordinates": [
          [63.62349, 53.20938],
          [63.62254, 53.20872],
          [63.62198, 53.20833]
        ]
      }
    },
    {
      "type": "Feature",
      "properties": { "district": "center", "kind": "minor" },
      "geometry": {
        "type": "LineString",
        "coordinates": [
          [63.62006, 53.21353],
          [63.61982, 53.21355]
        ]
      }
    },
    {
      "type": "Feature",
      "properties": { "district": "center", "kind": "minor" },
      "geometry": {
        "type": "LineString",
        "coordinates": [
          [63.62006, 53.21353],
          [63.62008, 53.21342]
        ]
      }
    },
    {
      "type": "Feature",
      "properties": { "district": "center", "kind": "minor" },
      "geometry": {
        "type": "LineString",
        "coordinates": [
          [63.61419, 53.21157],
          [63.61369, 53.21124],
          [63.61229, 53.21044]
        ]
      }
    },
    {
      "type": "Feature",
      "properties": { "district": "center", "kind": "minor" },
      "geometry": {
        "type": "LineString",
        "coordinates": [
          [63.61785, 53.20975],
          [63.61789, 53.20978],
          [63.61804, 53.20988],
          [63.61887, 53.21047],
          [63.61977, 53.21111],
          [63.6199, 53.2112],
          [63.61999, 53.21127],
          [63.62174, 53.21251],
          [63.62179, 53.21254]
        ]
      }
    },
    {
      "type": "Feature",
      "properties": { "district": "center", "kind": "minor" },
      "geometry": {
        "type": "LineString",
        "coordinates": [
          [63.62153, 53.21268],
          [63.62148, 53.21265],
          [63.61974, 53.21141],
          [63.61964, 53.21133],
          [63.61951, 53.21124],
          [63.61859, 53.21059],
          [63.61778, 53.21001],
          [63.61764, 53.20991],
          [63.61759, 53.20988]
        ]
      }
    },
    {
      "type": "Feature",
      "properties": { "district": "center", "kind": "minor" },
      "geometry": {
        "type": "LineString",
        "coordinates": [
          [63.61539, 53.21014],
          [63.61608, 53.21063],
          [63.61614, 53.21067],
          [63.61629, 53.21077],
          [63.61695, 53.21123],
          [63.61798, 53.21195],
          [63.61817, 53.21208],
          [63.61899, 53.21265],
          [63.62008, 53.21342]
        ]
      }
    },
    {
      "type": "Feature",
      "properties": { "district": "center", "kind": "minor" },
      "geometry": {
        "type": "LineString",
        "coordinates": [
          [63.61419, 53.21157],
          [63.6158, 53.21077],
          [63.61608, 53.21063],
          [63.61685, 53.21025],
          [63.61759, 53.20988],
          [63.61785, 53.20975],
          [63.6184, 53.20947],
          [63.61944, 53.20896],
          [63.61958, 53.20889]
        ]
      }
    },
    {
      "type": "Feature",
      "properties": { "district": "center", "kind": "minor" },
      "geometry": {
        "type": "LineString",
        "coordinates": [
          [63.61982, 53.21355],
          [63.61789, 53.21222],
          [63.6177, 53.21209],
          [63.61691, 53.21154],
          [63.61666, 53.21136],
          [63.61601, 53.21091],
          [63.6158, 53.21077],
          [63.61512, 53.21029]
        ]
      }
    },
    {
      "type": "Feature",
      "properties": { "district": "center", "kind": "minor" },
      "geometry": {
        "type": "LineString",
        "coordinates": [
          [63.61976, 53.20906],
          [63.61958, 53.20912],
          [63.6194, 53.20919],
          [63.61872, 53.20953],
          [63.61858, 53.20961],
          [63.61804, 53.20988],
          [63.61792, 53.20994],
          [63.61778, 53.21001],
          [63.61629, 53.21077],
          [63.61615, 53.21084],
          [63.61601, 53.21091],
          [63.61441, 53.21172]
        ]
      }
    },
    {
      "type": "Feature",
      "properties": { "district": "center", "kind": "minor" },
      "geometry": {
        "type": "LineString",
        "coordinates": [
          [63.61266, 53.21026],
          [63.61229, 53.21044],
          [63.61069, 53.21117],
          [63.61059, 53.21122],
          [63.60889, 53.21212],
          [63.60725, 53.21298],
          [63.60716, 53.21303],
          [63.60704, 53.21309],
          [63.6069, 53.21316],
          [63.60676, 53.21324],
          [63.60623, 53.21352],
          [63.60599, 53.21364],
          [63.60528, 53.21384]
        ]
      }
    },
    {
      "type": "Feature",
      "properties": { "district": "center", "kind": "minor" },
      "geometry": {
        "type": "LineString",
        "coordinates": [
          [63.61009, 53.21618],
          [63.61144, 53.21712]
        ]
      }
    },
    {
      "type": "Feature",
      "properties": { "district": "center", "kind": "minor" },
      "geometry": {
        "type": "LineString",
        "coordinates": [
          [63.61652, 53.21764],
          [63.6147, 53.21636],
          [63.61459, 53.21628],
          [63.61447, 53.21619],
          [63.61278, 53.215],
          [63.61275, 53.21498],
          [63.61262, 53.21489]
        ]
      }
    },
    {
      "type": "Feature",
      "properties": { "district": "center", "kind": "minor" },
      "geometry": {
        "type": "LineString",
        "coordinates": [
          [63.61287, 53.21477],
          [63.61299, 53.21486],
          [63.61303, 53.21488],
          [63.61474, 53.21606],
          [63.61497, 53.21622],
          [63.61679, 53.2175]
        ]
      }
    },
    {
      "type": "Feature",
      "properties": { "district": "center", "kind": "minor" },
      "geometry": {
        "type": "LineString",
        "coordinates": [
          [63.61452, 53.21394],
          [63.61466, 53.21403],
          [63.61586, 53.21489],
          [63.61634, 53.21524],
          [63.61646, 53.21532],
          [63.61657, 53.2154],
          [63.6176, 53.21613],
          [63.61838, 53.21669]
        ]
      }
    },
    {
      "type": "Feature",
      "properties": { "district": "center", "kind": "minor" },
      "geometry": {
        "type": "LineString",
        "coordinates": [
          [63.60461, 53.21457],
          [63.60474, 53.2144],
          [63.60511, 53.21389],
          [63.60517, 53.21381],
          [63.60595, 53.21272],
          [63.60603, 53.21261],
          [63.60619, 53.21238]
        ]
      }
    },
    {
      "type": "Feature",
      "properties": { "district": "center", "kind": "minor" },
      "geometry": {
        "type": "LineString",
        "coordinates": [
          [63.60879, 53.21433],
          [63.60902, 53.21421],
          [63.61064, 53.21337],
          [63.61226, 53.21254],
          [63.61239, 53.21247],
          [63.61253, 53.2124],
          [63.61348, 53.2119]
        ]
      }
    },
    {
      "type": "Feature",
      "properties": { "district": "center", "kind": "minor" },
      "geometry": {
        "type": "LineString",
        "coordinates": [
          [63.61271, 53.21485],
          [63.61255, 53.21473],
          [63.61208, 53.2144],
          [63.61091, 53.21356],
          [63.61075, 53.21345],
          [63.61064, 53.21337],
          [63.6101, 53.21298],
          [63.60889, 53.21212]
        ]
      }
    },
    {
      "type": "Feature",
      "properties": { "district": "center", "kind": "minor" },
      "geometry": {
        "type": "LineString",
        "coordinates": [
          [63.61267, 53.21265],
          [63.61254, 53.21272],
          [63.61091, 53.21356],
          [63.60928, 53.2144],
          [63.60905, 53.21452]
        ]
      }
    },
    {
      "type": "Feature",
      "properties": { "district": "center", "kind": "minor" },
      "geometry": {
        "type": "LineString",
        "coordinates": [
          [63.61475, 53.21854],
          [63.61465, 53.21847],
          [63.61294, 53.21726],
          [63.61283, 53.21719],
          [63.6127, 53.21709],
          [63.6113, 53.21611],
          [63.61085, 53.21579],
          [63.61069, 53.21568],
          [63.60905, 53.21452],
          [63.60894, 53.21444],
          [63.60879, 53.21433],
          [63.60704, 53.21309]
        ]
      }
    },
    {
      "type": "Feature",
      "properties": { "district": "center", "kind": "minor" },
      "geometry": {
        "type": "LineString",
        "coordinates": [
          [63.60725, 53.21298],
          [63.60902, 53.21421],
          [63.60915, 53.2143],
          [63.60928, 53.2144],
          [63.61093, 53.21555],
          [63.6111, 53.21567],
          [63.61121, 53.21575],
          [63.61156, 53.21599],
          [63.61295, 53.21697],
          [63.61308, 53.21705],
          [63.61319, 53.21713],
          [63.61429, 53.2179],
          [63.61489, 53.21832],
          [63.61502, 53.21841]
        ]
      }
    },
    {
      "type": "Feature",
      "properties": { "district": "center", "kind": "minor" },
      "geometry": {
        "type": "LineString",
        "coordinates": [
          [63.62042, 53.218],
          [63.6206, 53.21814]
        ]
      }
    },
    {
      "type": "Feature",
      "properties": { "district": "center", "kind": "minor" },
      "geometry": {
        "type": "LineString",
        "coordinates": [
          [63.62217, 53.21727],
          [63.6206, 53.21814]
        ]
      }
    },
    {
      "type": "Feature",
      "properties": { "district": "center", "kind": "minor" },
      "geometry": {
        "type": "LineString",
        "coordinates": [
          [63.61849, 53.21663],
          [63.62042, 53.218]
        ]
      }
    },
    {
      "type": "Feature",
      "properties": { "district": "center", "kind": "minor" },
      "geometry": {
        "type": "LineString",
        "coordinates": [
          [63.6206, 53.21814],
          [63.6211, 53.21851],
          [63.62149, 53.21878]
        ]
      }
    },
    {
      "type": "Feature",
      "properties": { "district": "center", "kind": "minor" },
      "geometry": {
        "type": "LineString",
        "coordinates": [
          [63.62042, 53.218],
          [63.62007, 53.21814],
          [63.61979, 53.21824],
          [63.61754, 53.21944],
          [63.61749, 53.21951]
        ]
      }
    },
    {
      "type": "Feature",
      "properties": { "district": "center", "kind": "minor" },
      "geometry": {
        "type": "LineString",
        "coordinates": [
          [63.61749, 53.21951],
          [63.61752, 53.21966],
          [63.61761, 53.21979],
          [63.61774, 53.21997],
          [63.6179, 53.22015],
          [63.61828, 53.22044],
          [63.6189, 53.22075],
          [63.61911, 53.22089],
          [63.61926, 53.221]
        ]
      }
    },
    {
      "type": "Feature",
      "properties": { "district": "narimanovka", "kind": "minor" },
      "geometry": {
        "type": "LineString",
        "coordinates": [
          [63.64334, 53.20634],
          [63.64162, 53.20723],
          [63.64, 53.20807],
          [63.63987, 53.20813]
        ]
      }
    },
    {
      "type": "Feature",
      "properties": { "district": "center", "kind": "minor" },
      "geometry": {
        "type": "LineString",
        "coordinates": [
          [63.63654, 53.22243],
          [63.63603, 53.22268],
          [63.63595, 53.2227],
          [63.63587, 53.22269],
          [63.63556, 53.22246],
          [63.63534, 53.2223],
          [63.63519, 53.22218]
        ]
      }
    },
    {
      "type": "Feature",
      "properties": { "district": "center", "kind": "minor" },
      "geometry": {
        "type": "LineString",
        "coordinates": [
          [63.62408, 53.2208],
          [63.62398, 53.22073],
          [63.62353, 53.22041],
          [63.62349, 53.22036],
          [63.6235, 53.22034],
          [63.62355, 53.22031],
          [63.62364, 53.22033],
          [63.62386, 53.2205],
          [63.624, 53.22061],
          [63.624, 53.22068],
          [63.62398, 53.22073]
        ]
      }
    },
    {
      "type": "Feature",
      "properties": { "district": "center", "kind": "minor" },
      "geometry": {
        "type": "LineString",
        "coordinates": [
          [63.62243, 53.21936],
          [63.62254, 53.21944],
          [63.62278, 53.21961],
          [63.6231, 53.21983],
          [63.62317, 53.21989],
          [63.62346, 53.2201],
          [63.62358, 53.22018]
        ]
      }
    },
    {
      "type": "Feature",
      "properties": { "district": "vokzal", "kind": "minor" },
      "geometry": {
        "type": "LineString",
        "coordinates": [
          [63.61127, 53.22509],
          [63.61114, 53.22499],
          [63.61093, 53.22484]
        ]
      }
    },
    {
      "type": "Feature",
      "properties": { "district": "vokzal", "kind": "minor" },
      "geometry": {
        "type": "LineString",
        "coordinates": [
          [63.60792, 53.22216],
          [63.60798, 53.2222],
          [63.60832, 53.22244],
          [63.60858, 53.22262],
          [63.60866, 53.22268],
          [63.6097, 53.2234],
          [63.61066, 53.22404]
        ]
      }
    },
    {
      "type": "Feature",
      "properties": { "district": "vokzal", "kind": "minor" },
      "geometry": {
        "type": "LineString",
        "coordinates": [
          [63.61138, 53.22251],
          [63.61125, 53.22258],
          [63.61101, 53.22271],
          [63.61052, 53.22297],
          [63.61043, 53.22302],
          [63.61028, 53.2231],
          [63.61004, 53.22323],
          [63.6097, 53.2234]
        ]
      }
    },
    {
      "type": "Feature",
      "properties": { "district": "vokzal", "kind": "minor" },
      "geometry": {
        "type": "LineString",
        "coordinates": [
          [63.60664, 53.2269],
          [63.60719, 53.22656],
          [63.60744, 53.22639],
          [63.60757, 53.22631],
          [63.60787, 53.22612],
          [63.6084, 53.22579]
        ]
      }
    },
    {
      "type": "Feature",
      "properties": { "district": "vokzal", "kind": "minor" },
      "geometry": {
        "type": "LineString",
        "coordinates": [
          [63.60846, 53.22648],
          [63.60815, 53.22629],
          [63.60801, 53.22621],
          [63.60787, 53.22612]
        ]
      }
    },
    {
      "type": "Feature",
      "properties": { "district": "vokzal", "kind": "minor" },
      "geometry": {
        "type": "LineString",
        "coordinates": [
          [63.60907, 53.22619],
          [63.60893, 53.22625],
          [63.60846, 53.22648],
          [63.60817, 53.22666],
          [63.60778, 53.2269],
          [63.60713, 53.22734]
        ]
      }
    },
    {
      "type": "Feature",
      "properties": { "district": "aeroport", "kind": "minor" },
      "geometry": {
        "type": "LineString",
        "coordinates": [
          [63.57965, 53.21384],
          [63.57936, 53.21376],
          [63.57862, 53.21387],
          [63.5774, 53.21403],
          [63.5757, 53.21426],
          [63.57447, 53.21442]
        ]
      }
    },
    {
      "type": "Feature",
      "properties": { "district": "center", "kind": "minor" },
      "geometry": {
        "type": "LineString",
        "coordinates": [
          [63.63254, 53.22043],
          [63.63181, 53.22081],
          [63.63123, 53.22041]
        ]
      }
    },
    {
      "type": "Feature",
      "properties": { "district": "center", "kind": "minor" },
      "geometry": {
        "type": "LineString",
        "coordinates": [
          [63.62886, 53.21962],
          [63.62861, 53.21974]
        ]
      }
    },
    {
      "type": "Feature",
      "properties": { "district": "center", "kind": "minor" },
      "geometry": {
        "type": "LineString",
        "coordinates": [
          [63.6439, 53.21288],
          [63.6441, 53.21302],
          [63.64469, 53.21343],
          [63.64588, 53.21424],
          [63.64607, 53.21437],
          [63.64696, 53.21497],
          [63.64791, 53.21563]
        ]
      }
    },
    {
      "type": "Feature",
      "properties": { "district": "center", "kind": "minor" },
      "geometry": {
        "type": "LineString",
        "coordinates": [
          [63.64767, 53.21575],
          [63.64583, 53.2145],
          [63.64563, 53.21436],
          [63.64533, 53.21416],
          [63.64385, 53.21315],
          [63.64365, 53.21301]
        ]
      }
    },
    {
      "type": "Feature",
      "properties": { "district": "narimanovka", "kind": "minor" },
      "geometry": {
        "type": "LineString",
        "coordinates": [
          [63.64694, 53.2088],
          [63.64704, 53.20883],
          [63.64727, 53.2089]
        ]
      }
    },
    {
      "type": "Feature",
      "properties": { "district": "center", "kind": "minor" },
      "geometry": {
        "type": "LineString",
        "coordinates": [
          [63.64727, 53.2089],
          [63.64739, 53.20899],
          [63.64763, 53.20915],
          [63.64789, 53.20933],
          [63.64907, 53.21018],
          [63.64926, 53.21033],
          [63.64934, 53.21045],
          [63.64942, 53.21055]
        ]
      }
    },
    {
      "type": "Feature",
      "properties": { "district": "center", "kind": "minor" },
      "geometry": {
        "type": "LineString",
        "coordinates": [
          [63.64832, 53.20846],
          [63.64841, 53.20851],
          [63.64863, 53.20865],
          [63.64949, 53.20935],
          [63.65023, 53.20994],
          [63.65055, 53.21026]
        ]
      }
    },
    {
      "type": "Feature",
      "properties": { "district": "center", "kind": "minor" },
      "geometry": {
        "type": "LineString",
        "coordinates": [
          [63.63404, 53.21853],
          [63.63519, 53.21935],
          [63.63544, 53.21953],
          [63.63559, 53.21964]
        ]
      }
    },
    {
      "type": "Feature",
      "properties": { "district": "center", "kind": "minor" },
      "geometry": {
        "type": "LineString",
        "coordinates": [
          [63.63624, 53.22071],
          [63.63662, 53.22047]
        ]
      }
    },
    {
      "type": "Feature",
      "properties": { "district": "center", "kind": "minor" },
      "geometry": {
        "type": "LineString",
        "coordinates": [
          [63.63665, 53.22046],
          [63.63672, 53.22042]
        ]
      }
    },
    {
      "type": "Feature",
      "properties": { "district": "center", "kind": "minor" },
      "geometry": {
        "type": "LineString",
        "coordinates": [
          [63.63662, 53.22047],
          [63.63665, 53.22046]
        ]
      }
    },
    {
      "type": "Feature",
      "properties": { "district": "center", "kind": "minor" },
      "geometry": {
        "type": "LineString",
        "coordinates": [
          [63.63668, 53.2204],
          [63.6371, 53.22018]
        ]
      }
    },
    {
      "type": "Feature",
      "properties": { "district": "center", "kind": "minor" },
      "geometry": {
        "type": "LineString",
        "coordinates": [
          [63.63848, 53.22034],
          [63.63808, 53.22005],
          [63.6378, 53.21986],
          [63.63763, 53.21973]
        ]
      }
    },
    {
      "type": "Feature",
      "properties": { "district": "center", "kind": "minor" },
      "geometry": {
        "type": "LineString",
        "coordinates": [
          [63.63655, 53.21914],
          [63.6369, 53.21937],
          [63.63595, 53.21988]
        ]
      }
    },
    {
      "type": "Feature",
      "properties": { "district": "center", "kind": "minor" },
      "geometry": {
        "type": "LineString",
        "coordinates": [
          [63.63591, 53.21986],
          [63.63595, 53.21988],
          [63.63639, 53.2202],
          [63.63668, 53.2204],
          [63.63672, 53.22042],
          [63.637, 53.22059],
          [63.63703, 53.2206],
          [63.63707, 53.2206],
          [63.63808, 53.22005]
        ]
      }
    },
    {
      "type": "Feature",
      "properties": { "district": "center", "kind": "minor" },
      "geometry": {
        "type": "LineString",
        "coordinates": [
          [63.63239, 53.22005],
          [63.63262, 53.22021],
          [63.63277, 53.22032],
          [63.6333, 53.22069]
        ]
      }
    },
    {
      "type": "Feature",
      "properties": { "district": "center", "kind": "minor" },
      "geometry": {
        "type": "LineString",
        "coordinates": [
          [63.62803, 53.22364],
          [63.62792, 53.22356],
          [63.62786, 53.22351],
          [63.62601, 53.22224]
        ]
      }
    },
    {
      "type": "Feature",
      "properties": { "district": "center", "kind": "minor" },
      "geometry": {
        "type": "LineString",
        "coordinates": [
          [63.62628, 53.2221],
          [63.6281, 53.22338],
          [63.62818, 53.22343],
          [63.62828, 53.22351]
        ]
      }
    },
    {
      "type": "Feature",
      "properties": { "district": "center", "kind": "minor" },
      "geometry": {
        "type": "LineString",
        "coordinates": [
          [63.6351, 53.22223],
          [63.63496, 53.22213],
          [63.63327, 53.22094],
          [63.63317, 53.22087],
          [63.63308, 53.22081]
        ]
      }
    },
    {
      "type": "Feature",
      "properties": { "district": "center", "kind": "minor" },
      "geometry": {
        "type": "LineString",
        "coordinates": [
          [63.6333, 53.22069],
          [63.6334, 53.22076],
          [63.63349, 53.22082],
          [63.63519, 53.22202],
          [63.63532, 53.22211]
        ]
      }
    },
    {
      "type": "Feature",
      "properties": { "district": "center", "kind": "minor" },
      "geometry": {
        "type": "LineString",
        "coordinates": [
          [63.62299, 53.2307],
          [63.62461, 53.22988],
          [63.62488, 53.22974],
          [63.62649, 53.22895]
        ]
      }
    },
    {
      "type": "Feature",
      "properties": { "district": "center", "kind": "minor" },
      "geometry": {
        "type": "LineString",
        "coordinates": [
          [63.62653, 53.22667],
          [63.62579, 53.22706],
          [63.62466, 53.22761],
          [63.62307, 53.22844],
          [63.62285, 53.22856],
          [63.62179, 53.2291],
          [63.62115, 53.22943],
          [63.61969, 53.23018]
        ]
      }
    },
    {
      "type": "Feature",
      "properties": { "district": "center", "kind": "minor" },
      "geometry": {
        "type": "LineString",
        "coordinates": [
          [63.61925, 53.22579],
          [63.61911, 53.22586],
          [63.61874, 53.22605],
          [63.61829, 53.22628],
          [63.61736, 53.22674]
        ]
      }
    },
    {
      "type": "Feature",
      "properties": { "district": "center", "kind": "minor" },
      "geometry": {
        "type": "LineString",
        "coordinates": [
          [63.62508, 53.22988],
          [63.62707, 53.23134],
          [63.62721, 53.23144]
        ]
      }
    },
    {
      "type": "Feature",
      "properties": { "district": "center", "kind": "minor" },
      "geometry": {
        "type": "LineString",
        "coordinates": [
          [63.62694, 53.23157],
          [63.6268, 53.23146],
          [63.62573, 53.23069],
          [63.62481, 53.23002]
        ]
      }
    },
    {
      "type": "Feature",
      "properties": { "district": "center", "kind": "minor" },
      "geometry": {
        "type": "LineString",
        "coordinates": [
          [63.62285, 53.22856],
          [63.62233, 53.2282],
          [63.62128, 53.22748],
          [63.62099, 53.22727],
          [63.62083, 53.22714],
          [63.61911, 53.22586],
          [63.61906, 53.2258],
          [63.61905, 53.2257]
        ]
      }
    },
    {
      "type": "Feature",
      "properties": { "district": "center", "kind": "minor" },
      "geometry": {
        "type": "LineString",
        "coordinates": [
          [63.62288, 53.22388],
          [63.62312, 53.22377],
          [63.62404, 53.2233],
          [63.62439, 53.22312],
          [63.62448, 53.22307],
          [63.62456, 53.22303],
          [63.62601, 53.22224],
          [63.62609, 53.2222],
          [63.62628, 53.2221],
          [63.62773, 53.22133],
          [63.6281, 53.22114],
          [63.62858, 53.2209],
          [63.62867, 53.22085],
          [63.62895, 53.22071]
        ]
      }
    },
    {
      "type": "Feature",
      "properties": { "district": "vokzal", "kind": "minor" },
      "geometry": {
        "type": "LineString",
        "coordinates": [
          [63.61424, 53.22825],
          [63.61504, 53.22882],
          [63.6151, 53.22896]
        ]
      }
    },
    {
      "type": "Feature",
      "properties": { "district": "vokzal", "kind": "minor" },
      "geometry": {
        "type": "LineString",
        "coordinates": [
          [63.6151, 53.22896],
          [63.61489, 53.2289],
          [63.61404, 53.22836]
        ]
      }
    },
    {
      "type": "Feature",
      "properties": { "district": "center", "kind": "minor" },
      "geometry": {
        "type": "LineString",
        "coordinates": [
          [63.63661, 53.2246],
          [63.63827, 53.22386]
        ]
      }
    },
    {
      "type": "Feature",
      "properties": { "district": "center", "kind": "minor" },
      "geometry": {
        "type": "LineString",
        "coordinates": [
          [63.63851, 53.22613],
          [63.63735, 53.22519],
          [63.63661, 53.2246]
        ]
      }
    },
    {
      "type": "Feature",
      "properties": { "district": "center", "kind": "minor" },
      "geometry": {
        "type": "LineString",
        "coordinates": [
          [63.64011, 53.22541],
          [63.63835, 53.22392],
          [63.63827, 53.22386],
          [63.63752, 53.22324],
          [63.63689, 53.22272],
          [63.63654, 53.22243]
        ]
      }
    },
    {
      "type": "Feature",
      "properties": { "district": "center", "kind": "minor" },
      "geometry": {
        "type": "LineString",
        "coordinates": [
          [63.65576, 53.21574],
          [63.65422, 53.21648],
          [63.65267, 53.21727],
          [63.65253, 53.21734],
          [63.65229, 53.21745],
          [63.6509, 53.21812],
          [63.6506, 53.21826],
          [63.64984, 53.21863],
          [63.64901, 53.21903],
          [63.64737, 53.21978],
          [63.64709, 53.21991],
          [63.64546, 53.22066]
        ]
      }
    },
    {
      "type": "Feature",
      "properties": { "district": "perevalovka", "kind": "minor" },
      "geometry": {
        "type": "LineString",
        "coordinates": [
          [63.65257, 53.22201],
          [63.65093, 53.22275]
        ]
      }
    },
    {
      "type": "Feature",
      "properties": { "district": "perevalovka", "kind": "minor" },
      "geometry": {
        "type": "LineString",
        "coordinates": [
          [63.65345, 53.2239],
          [63.65235, 53.22301]
        ]
      }
    },
    {
      "type": "Feature",
      "properties": { "district": "perevalovka", "kind": "minor" },
      "geometry": {
        "type": "LineString",
        "coordinates": [
          [63.64956, 53.22409],
          [63.64971, 53.22403],
          [63.65142, 53.22331]
        ]
      }
    },
    {
      "type": "Feature",
      "properties": { "district": "center", "kind": "minor" },
      "geometry": {
        "type": "LineString",
        "coordinates": [
          [63.63781, 53.22182],
          [63.63748, 53.22197],
          [63.63734, 53.22204],
          [63.63654, 53.22243]
        ]
      }
    },
    {
      "type": "Feature",
      "properties": { "district": "center", "kind": "minor" },
      "geometry": {
        "type": "LineString",
        "coordinates": [
          [63.6453, 53.22299],
          [63.64361, 53.22151],
          [63.64346, 53.22137]
        ]
      }
    },
    {
      "type": "Feature",
      "properties": { "district": "center", "kind": "minor" },
      "geometry": {
        "type": "LineString",
        "coordinates": [
          [63.64884, 53.22133],
          [63.64709, 53.21991],
          [63.64692, 53.21977],
          [63.64512, 53.21831]
        ]
      }
    },
    {
      "type": "Feature",
      "properties": { "district": "center", "kind": "minor" },
      "geometry": {
        "type": "LineString",
        "coordinates": [
          [63.64373, 53.22124],
          [63.64389, 53.22138],
          [63.64565, 53.22283]
        ]
      }
    },
    {
      "type": "Feature",
      "properties": { "district": "perevalovka", "kind": "minor" },
      "geometry": {
        "type": "LineString",
        "coordinates": [
          [63.65093, 53.22275],
          [63.65093, 53.22291],
          [63.65142, 53.22331],
          [63.65246, 53.22418]
        ]
      }
    },
    {
      "type": "Feature",
      "properties": { "district": "center", "kind": "minor" },
      "geometry": {
        "type": "LineString",
        "coordinates": [
          [63.6454, 53.21817],
          [63.6472, 53.21964],
          [63.64737, 53.21978],
          [63.64783, 53.22015],
          [63.64912, 53.2212]
        ]
      }
    },
    {
      "type": "Feature",
      "properties": { "district": "perevalovka", "kind": "minor" },
      "geometry": {
        "type": "LineString",
        "coordinates": [
          [63.65608, 53.22283],
          [63.65418, 53.22124],
          [63.65233, 53.2197]
        ]
      }
    },
    {
      "type": "Feature",
      "properties": { "district": "center", "kind": "minor" },
      "geometry": {
        "type": "LineString",
        "coordinates": [
          [63.65233, 53.2197],
          [63.6506, 53.21826],
          [63.65041, 53.2181],
          [63.64876, 53.21673],
          [63.64866, 53.21664]
        ]
      }
    },
    {
      "type": "Feature",
      "properties": { "district": "perevalovka", "kind": "minor" },
      "geometry": {
        "type": "LineString",
        "coordinates": [
          [63.65794, 53.22194],
          [63.65782, 53.22201],
          [63.65639, 53.2227],
          [63.65608, 53.22283],
          [63.65524, 53.22318],
          [63.6544, 53.22354],
          [63.65345, 53.2239],
          [63.65267, 53.2242],
          [63.65246, 53.22418],
          [63.65201, 53.2243],
          [63.65172, 53.22432],
          [63.65083, 53.22429],
          [63.65041, 53.22421],
          [63.65022, 53.22424],
          [63.65011, 53.22427]
        ]
      }
    },
    {
      "type": "Feature",
      "properties": { "district": "center", "kind": "minor" },
      "geometry": {
        "type": "LineString",
        "coordinates": [
          [63.64896, 53.2165],
          [63.64905, 53.21657],
          [63.65011, 53.21746],
          [63.65071, 53.21796],
          [63.6509, 53.21812],
          [63.65158, 53.21868],
          [63.65263, 53.21956]
        ]
      }
    },
    {
      "type": "Feature",
      "properties": { "district": "perevalovka", "kind": "minor" },
      "geometry": {
        "type": "LineString",
        "coordinates": [
          [63.65263, 53.21956],
          [63.65448, 53.2211],
          [63.65639, 53.2227]
        ]
      }
    },
    {
      "type": "Feature",
      "properties": { "district": "center", "kind": "minor" },
      "geometry": {
        "type": "LineString",
        "coordinates": [
          [63.64529, 53.22052],
          [63.64692, 53.21977],
          [63.6472, 53.21964],
          [63.64883, 53.21888],
          [63.65041, 53.2181],
          [63.65071, 53.21796],
          [63.6521, 53.21728],
          [63.65232, 53.21717],
          [63.65246, 53.2171],
          [63.65404, 53.21633],
          [63.65556, 53.21558]
        ]
      }
    },
    {
      "type": "Feature",
      "properties": { "district": "perevalovka", "kind": "minor" },
      "geometry": {
        "type": "LineString",
        "coordinates": [
          [63.64463, 53.22447],
          [63.64471, 53.22461],
          [63.6455, 53.22528],
          [63.64739, 53.2269],
          [63.64869, 53.22801],
          [63.64912, 53.22838],
          [63.65044, 53.22951],
          [63.65152, 53.23044]
        ]
      }
    },
    {
      "type": "Feature",
      "properties": { "district": "perevalovka", "kind": "minor" },
      "geometry": {
        "type": "LineString",
        "coordinates": [
          [63.64367, 53.22376],
          [63.64424, 53.22415],
          [63.64446, 53.22422],
          [63.6446, 53.22436]
        ]
      }
    },
    {
      "type": "Feature",
      "properties": { "district": "narimanovka", "kind": "minor" },
      "geometry": {
        "type": "LineString",
        "coordinates": [
          [63.63149, 53.19976],
          [63.63195, 53.20014],
          [63.63184, 53.2002],
          [63.63272, 53.20087]
        ]
      }
    },
    {
      "type": "Feature",
      "properties": { "district": "khimik", "kind": "major" },
      "geometry": {
        "type": "LineString",
        "coordinates": [
          [63.59389, 53.16702],
          [63.5936, 53.1671],
          [63.59336, 53.16711]
        ]
      }
    },
    {
      "type": "Feature",
      "properties": { "district": "kzhbi", "kind": "major" },
      "geometry": {
        "type": "LineString",
        "coordinates": [
          [63.59336, 53.16711],
          [63.5931, 53.16706],
          [63.59288, 53.16689]
        ]
      }
    },
    {
      "type": "Feature",
      "properties": { "district": "khimik", "kind": "major" },
      "geometry": {
        "type": "LineString",
        "coordinates": [
          [63.59288, 53.16689],
          [63.59181, 53.16547],
          [63.59174, 53.16536],
          [63.59172, 53.16528],
          [63.59174, 53.16518],
          [63.59187, 53.16506],
          [63.59206, 53.16498]
        ]
      }
    },
    {
      "type": "Feature",
      "properties": { "district": "khimik", "kind": "major" },
      "geometry": {
        "type": "LineString",
        "coordinates": [
          [63.59451, 53.16683],
          [63.59389, 53.16702]
        ]
      }
    },
    {
      "type": "Feature",
      "properties": { "district": "zapadny", "kind": "minor" },
      "geometry": {
        "type": "LineString",
        "coordinates": [
          [63.58744, 53.19417],
          [63.58424, 53.19456],
          [63.58377, 53.19462],
          [63.58368, 53.19464],
          [63.58327, 53.19467],
          [63.5831, 53.1947],
          [63.58242, 53.19477],
          [63.58189, 53.19483],
          [63.58164, 53.19486],
          [63.581, 53.19494]
        ]
      }
    },
    {
      "type": "Feature",
      "properties": { "district": "khimik", "kind": "minor" },
      "geometry": {
        "type": "LineString",
        "coordinates": [
          [63.5824, 53.16204],
          [63.58232, 53.16194],
          [63.58219, 53.1618],
          [63.57987, 53.15875],
          [63.57897, 53.15757],
          [63.57839, 53.15681],
          [63.57784, 53.15608]
        ]
      }
    },
    {
      "type": "Feature",
      "properties": { "district": "khimik", "kind": "minor" },
      "geometry": {
        "type": "LineString",
        "coordinates": [
          [63.58268, 53.15577],
          [63.58051, 53.15557],
          [63.57981, 53.15559],
          [63.57943, 53.15565],
          [63.57921, 53.15569],
          [63.57831, 53.15595],
          [63.57784, 53.15608],
          [63.5775, 53.15618],
          [63.57688, 53.15636]
        ]
      }
    },
    {
      "type": "Feature",
      "properties": { "district": "kzhbi", "kind": "minor" },
      "geometry": {
        "type": "LineString",
        "coordinates": [
          [63.57687, 53.17851],
          [63.57598, 53.17853],
          [63.57411, 53.17856],
          [63.57379, 53.17858],
          [63.57371, 53.17866],
          [63.57363, 53.1787],
          [63.57356, 53.17872],
          [63.57346, 53.17875],
          [63.57337, 53.17876],
          [63.57223, 53.17887],
          [63.57046, 53.17893],
          [63.57034, 53.17893],
          [63.57024, 53.17892],
          [63.57018, 53.17883],
          [63.57016, 53.17873],
          [63.57015, 53.17862],
          [63.57014, 53.17857],
          [63.57017, 53.17847]
        ]
      }
    },
    {
      "type": "Feature",
      "properties": { "district": null, "kind": "minor" },
      "geometry": {
        "type": "LineString",
        "coordinates": [
          [63.57017, 53.17847],
          [63.5725, 53.17431],
          [63.57288, 53.17367],
          [63.57351, 53.17258],
          [63.57395, 53.1718],
          [63.57463, 53.1706]
        ]
      }
    },
    {
      "type": "Feature",
      "properties": { "district": "kzhbi", "kind": "minor" },
      "geometry": {
        "type": "LineString",
        "coordinates": [
          [63.58506, 53.17877],
          [63.5846, 53.17874],
          [63.58434, 53.17873],
          [63.58417, 53.17871],
          [63.58146, 53.17851],
          [63.58123, 53.17851],
          [63.58083, 53.1785],
          [63.58071, 53.1785],
          [63.58026, 53.1785],
          [63.57687, 53.17851]
        ]
      }
    },
    {
      "type": "Feature",
      "properties": { "district": "kzhbi", "kind": "minor" },
      "geometry": {
        "type": "LineString",
        "coordinates": [
          [63.58296, 53.17443],
          [63.58062, 53.17435],
          [63.58024, 53.17442],
          [63.58008, 53.17442],
          [63.57874, 53.1744],
          [63.57862, 53.17439]
        ]
      }
    },
    {
      "type": "Feature",
      "properties": { "district": "kzhbi", "kind": "minor" },
      "geometry": {
        "type": "LineString",
        "coordinates": [
          [63.58557, 53.17364],
          [63.58551, 53.17348],
          [63.58532, 53.17303],
          [63.58529, 53.17299],
          [63.58524, 53.17296],
          [63.58512, 53.17292],
          [63.58377, 53.17288],
          [63.58365, 53.1728],
          [63.5832, 53.17155]
        ]
      }
    },
    {
      "type": "Feature",
      "properties": { "district": "zapadny", "kind": "minor" },
      "geometry": {
        "type": "LineString",
        "coordinates": [
          [63.58164, 53.19486],
          [63.58243, 53.19817],
          [63.58286, 53.20001],
          [63.58323, 53.20162],
          [63.58324, 53.20168],
          [63.58349, 53.20253],
          [63.5836, 53.20291],
          [63.58362, 53.20317],
          [63.58365, 53.20368],
          [63.58385, 53.20689],
          [63.58392, 53.20759],
          [63.58399, 53.20784],
          [63.5841, 53.20803],
          [63.58012, 53.20885],
          [63.57694, 53.20927]
        ]
      }
    },
    {
      "type": "Feature",
      "properties": { "district": "vokzal", "kind": "minor" },
      "geometry": {
        "type": "LineString",
        "coordinates": [
          [63.63296, 53.23117],
          [63.63315, 53.23108],
          [63.63364, 53.23087],
          [63.63379, 53.2308]
        ]
      }
    },
    {
      "type": "Feature",
      "properties": { "district": "vokzal", "kind": "minor" },
      "geometry": {
        "type": "LineString",
        "coordinates": [
          [63.64027, 53.23018],
          [63.64215, 53.22931],
          [63.64386, 53.22854],
          [63.64448, 53.22825],
          [63.64557, 53.22773]
        ]
      }
    },
    {
      "type": "Feature",
      "properties": { "district": "perevalovka", "kind": "minor" },
      "geometry": {
        "type": "LineString",
        "coordinates": [
          [63.64557, 53.22773],
          [63.64739, 53.2269],
          [63.64902, 53.22615],
          [63.64916, 53.22608],
          [63.64927, 53.22603],
          [63.65003, 53.22568],
          [63.65088, 53.22533]
        ]
      }
    },
    {
      "type": "Feature",
      "properties": { "district": "vokzal", "kind": "minor" },
      "geometry": {
        "type": "LineString",
        "coordinates": [
          [63.63, 53.2334],
          [63.63012, 53.23346],
          [63.63075, 53.23373],
          [63.63087, 53.23378]
        ]
      }
    },
    {
      "type": "Feature",
      "properties": { "district": "vokzal", "kind": "minor" },
      "geometry": {
        "type": "LineString",
        "coordinates": [
          [63.63119, 53.23519],
          [63.63186, 53.23522],
          [63.63204, 53.23523],
          [63.63222, 53.23512],
          [63.63219, 53.23478]
        ]
      }
    },
    {
      "type": "Feature",
      "properties": { "district": "vokzal", "kind": "minor" },
      "geometry": {
        "type": "LineString",
        "coordinates": [
          [63.641, 53.22743],
          [63.64239, 53.22839]
        ]
      }
    },
    {
      "type": "Feature",
      "properties": { "district": "vokzal", "kind": "minor" },
      "geometry": {
        "type": "LineString",
        "coordinates": [
          [63.64072, 53.23152],
          [63.63964, 53.23203],
          [63.63691, 53.23336]
        ]
      }
    },
    {
      "type": "Feature",
      "properties": { "district": "vokzal", "kind": "minor" },
      "geometry": {
        "type": "LineString",
        "coordinates": [
          [63.64341, 53.23277],
          [63.64457, 53.2323],
          [63.64545, 53.23197]
        ]
      }
    },
    {
      "type": "Feature",
      "properties": { "district": "vokzal", "kind": "minor" },
      "geometry": {
        "type": "LineString",
        "coordinates": [
          [63.64112, 53.23212],
          [63.6436, 53.23395],
          [63.64526, 53.23514]
        ]
      }
    },
    {
      "type": "Feature",
      "properties": { "district": "vokzal", "kind": "minor" },
      "geometry": {
        "type": "LineString",
        "coordinates": [
          [63.64537, 53.2319],
          [63.64706, 53.23117],
          [63.64874, 53.23044]
        ]
      }
    },
    {
      "type": "Feature",
      "properties": { "district": "vokzal", "kind": "minor" },
      "geometry": {
        "type": "LineString",
        "coordinates": [
          [63.64364, 53.23157],
          [63.64457, 53.2323],
          [63.64662, 53.23401]
        ]
      }
    },
    {
      "type": "Feature",
      "properties": { "district": "vokzal", "kind": "minor" },
      "geometry": {
        "type": "LineString",
        "coordinates": [
          [63.64653, 53.2329],
          [63.64742, 53.23247]
        ]
      }
    },
    {
      "type": "Feature",
      "properties": { "district": "vokzal", "kind": "minor" },
      "geometry": {
        "type": "LineString",
        "coordinates": [
          [63.64244, 53.2349],
          [63.64174, 53.23531],
          [63.64156, 53.23533]
        ]
      }
    },
    {
      "type": "Feature",
      "properties": { "district": "vokzal", "kind": "minor" },
      "geometry": {
        "type": "LineString",
        "coordinates": [
          [63.63875, 53.2333],
          [63.63931, 53.23368],
          [63.63992, 53.23411],
          [63.64156, 53.23533]
        ]
      }
    },
    {
      "type": "Feature",
      "properties": { "district": "vokzal", "kind": "minor" },
      "geometry": {
        "type": "LineString",
        "coordinates": [
          [63.64658, 53.23185],
          [63.64742, 53.23247],
          [63.64821, 53.23295]
        ]
      }
    },
    {
      "type": "Feature",
      "properties": { "district": "vokzal", "kind": "minor" },
      "geometry": {
        "type": "LineString",
        "coordinates": [
          [63.63993, 53.23335],
          [63.64242, 53.23488],
          [63.64244, 53.2349],
          [63.64342, 53.23564],
          [63.64336, 53.23581]
        ]
      }
    },
    {
      "type": "Feature",
      "properties": { "district": "vokzal", "kind": "minor" },
      "geometry": {
        "type": "LineString",
        "coordinates": [
          [63.63901, 53.23155],
          [63.63964, 53.23203],
          [63.64029, 53.23253],
          [63.64289, 53.23428],
          [63.64315, 53.23446],
          [63.6447, 53.23561]
        ]
      }
    },
    {
      "type": "Feature",
      "properties": { "district": "vokzal", "kind": "minor" },
      "geometry": {
        "type": "LineString",
        "coordinates": [
          [63.64215, 53.22931],
          [63.64397, 53.23069],
          [63.64465, 53.23128],
          [63.64537, 53.2319],
          [63.64545, 53.23197],
          [63.64653, 53.2329],
          [63.64744, 53.23359]
        ]
      }
    },
    {
      "type": "Feature",
      "properties": { "district": "vokzal", "kind": "minor" },
      "geometry": {
        "type": "LineString",
        "coordinates": [
          [63.64011, 53.22541],
          [63.64076, 53.22597],
          [63.64196, 53.22698],
          [63.64235, 53.22731],
          [63.64386, 53.22854],
          [63.64555, 53.22994],
          [63.64706, 53.23117]
        ]
      }
    },
    {
      "type": "Feature",
      "properties": { "district": "vokzal", "kind": "minor" },
      "geometry": {
        "type": "LineString",
        "coordinates": [
          [63.6388, 53.22893],
          [63.63851, 53.22868]
        ]
      }
    },
    {
      "type": "Feature",
      "properties": { "district": "vokzal", "kind": "minor" },
      "geometry": {
        "type": "LineString",
        "coordinates": [
          [63.63581, 53.23309],
          [63.63591, 53.23304],
          [63.63602, 53.23299],
          [63.63625, 53.23289],
          [63.63665, 53.23267],
          [63.63696, 53.23251],
          [63.63759, 53.2322],
          [63.63901, 53.23155],
          [63.63998, 53.23111],
          [63.64034, 53.23093],
          [63.64084, 53.2307]
        ]
      }
    },
    {
      "type": "Feature",
      "properties": { "district": "perevalovka", "kind": "minor" },
      "geometry": {
        "type": "LineString",
        "coordinates": [
          [63.64714, 53.2246],
          [63.64715, 53.22452]
        ]
      }
    },
    {
      "type": "Feature",
      "properties": { "district": "perevalovka", "kind": "minor" },
      "geometry": {
        "type": "LineString",
        "coordinates": [
          [63.64713, 53.22464],
          [63.64772, 53.22473],
          [63.64927, 53.22603]
        ]
      }
    },
    {
      "type": "Feature",
      "properties": { "district": "perevalovka", "kind": "minor" },
      "geometry": {
        "type": "LineString",
        "coordinates": [
          [63.64863, 53.22955],
          [63.64941, 53.23005],
          [63.65086, 53.23092]
        ]
      }
    },
    {
      "type": "Feature",
      "properties": { "district": "perevalovka", "kind": "minor" },
      "geometry": {
        "type": "LineString",
        "coordinates": [
          [63.6487, 53.23041],
          [63.64941, 53.23005],
          [63.65044, 53.22951]
        ]
      }
    },
    {
      "type": "Feature",
      "properties": { "district": "vokzal", "kind": "minor" },
      "geometry": {
        "type": "LineString",
        "coordinates": [
          [63.64156, 53.23533],
          [63.64114, 53.23557],
          [63.64005, 53.23621]
        ]
      }
    },
    {
      "type": "Feature",
      "properties": { "district": "perevalovka", "kind": "minor" },
      "geometry": {
        "type": "LineString",
        "coordinates": [
          [63.64902, 53.22615],
          [63.64801, 53.22534],
          [63.64738, 53.22483],
          [63.64713, 53.22464]
        ]
      }
    },
    {
      "type": "Feature",
      "properties": { "district": "perevalovka", "kind": "minor" },
      "geometry": {
        "type": "LineString",
        "coordinates": [
          [63.64548, 53.22291],
          [63.64662, 53.22392],
          [63.6466, 53.22407],
          [63.64699, 53.2244],
          [63.64715, 53.22446]
        ]
      }
    },
    {
      "type": "Feature",
      "properties": { "district": "perevalovka", "kind": "minor" },
      "geometry": {
        "type": "LineString",
        "coordinates": [
          [63.64916, 53.22608],
          [63.64956, 53.22644],
          [63.65086, 53.22761],
          [63.65159, 53.22827],
          [63.65256, 53.22915]
        ]
      }
    },
    {
      "type": "Feature",
      "properties": { "district": "perevalovka", "kind": "minor" },
      "geometry": {
        "type": "LineString",
        "coordinates": [
          [63.64715, 53.22446],
          [63.64729, 53.2244],
          [63.64911, 53.22366]
        ]
      }
    },
    {
      "type": "Feature",
      "properties": { "district": "perevalovka", "kind": "minor" },
      "geometry": {
        "type": "LineString",
        "coordinates": [
          [63.64371, 53.22615],
          [63.6455, 53.22528],
          [63.64653, 53.22487],
          [63.6469, 53.22475],
          [63.64713, 53.22464]
        ]
      }
    },
    {
      "type": "Feature",
      "properties": { "district": "perevalovka", "kind": "minor" },
      "geometry": {
        "type": "LineString",
        "coordinates": [
          [63.6538, 53.22485],
          [63.65509, 53.22592]
        ]
      }
    },
    {
      "type": "Feature",
      "properties": { "district": "perevalovka", "kind": "minor" },
      "geometry": {
        "type": "LineString",
        "coordinates": [
          [63.6597, 53.22529],
          [63.65837, 53.22423]
        ]
      }
    },
    {
      "type": "Feature",
      "properties": { "district": "perevalovka", "kind": "minor" },
      "geometry": {
        "type": "LineString",
        "coordinates": [
          [63.66045, 53.22505],
          [63.65925, 53.22414],
          [63.65921, 53.22401],
          [63.65894, 53.22383]
        ]
      }
    },
    {
      "type": "Feature",
      "properties": { "district": "perevalovka", "kind": "minor" },
      "geometry": {
        "type": "LineString",
        "coordinates": [
          [63.65899, 53.22557],
          [63.65864, 53.22527],
          [63.65784, 53.2246],
          [63.65775, 53.22451],
          [63.65715, 53.22392]
        ]
      }
    },
    {
      "type": "Feature",
      "properties": { "district": "perevalovka", "kind": "minor" },
      "geometry": {
        "type": "LineString",
        "coordinates": [
          [63.6534, 53.22529],
          [63.65342, 53.2253],
          [63.65459, 53.22619],
          [63.65486, 53.22641],
          [63.65487, 53.22645],
          [63.65485, 53.22649],
          [63.65469, 53.2266],
          [63.65441, 53.2268],
          [63.65379, 53.2272]
        ]
      }
    },
    {
      "type": "Feature",
      "properties": { "district": "perevalovka", "kind": "minor" },
      "geometry": {
        "type": "LineString",
        "coordinates": [
          [63.66008, 53.22352],
          [63.66019, 53.22346],
          [63.66033, 53.22339],
          [63.66044, 53.22336],
          [63.66127, 53.22315],
          [63.66199, 53.22286]
        ]
      }
    },
    {
      "type": "Feature",
      "properties": { "district": "perevalovka", "kind": "minor" },
      "geometry": {
        "type": "LineString",
        "coordinates": [
          [63.65639, 53.22748],
          [63.65592, 53.22723],
          [63.6558, 53.22722],
          [63.65574, 53.22723],
          [63.65551, 53.22732],
          [63.65546, 53.22734],
          [63.65541, 53.22733],
          [63.65451, 53.22684],
          [63.65441, 53.2268],
          [63.65362, 53.22627],
          [63.65346, 53.2261],
          [63.65342, 53.22578],
          [63.65342, 53.2253]
        ]
      }
    },
    {
      "type": "Feature",
      "properties": { "district": "perevalovka", "kind": "minor" },
      "geometry": {
        "type": "LineString",
        "coordinates": [
          [63.65518, 53.22419],
          [63.65437, 53.22453],
          [63.6538, 53.22485],
          [63.65354, 53.22504],
          [63.65346, 53.2251],
          [63.6534, 53.22529]
        ]
      }
    },
    {
      "type": "Feature",
      "properties": { "district": null, "kind": "minor" },
      "geometry": {
        "type": "LineString",
        "coordinates": [
          [63.5544, 53.21787],
          [63.55428, 53.21774],
          [63.55382, 53.21699],
          [63.55366, 53.21654],
          [63.55364, 53.21633],
          [63.55371, 53.21598],
          [63.55399, 53.21513],
          [63.55469, 53.21359],
          [63.55577, 53.21121]
        ]
      }
    },
    {
      "type": "Feature",
      "properties": { "district": "zapadny", "kind": "minor" },
      "geometry": {
        "type": "LineString",
        "coordinates": [
          [63.581, 53.19494],
          [63.58045, 53.195],
          [63.57869, 53.19521]
        ]
      }
    },
    {
      "type": "Feature",
      "properties": { "district": null, "kind": "minor" },
      "geometry": {
        "type": "LineString",
        "coordinates": [
          [63.57869, 53.19521],
          [63.5781, 53.19527],
          [63.57718, 53.19538],
          [63.57679, 53.19548],
          [63.57658, 53.19558],
          [63.57497, 53.19602],
          [63.57333, 53.19646],
          [63.57178, 53.19687],
          [63.57104, 53.19707],
          [63.56389, 53.19892]
        ]
      }
    },
    {
      "type": "Feature",
      "properties": { "district": "perevalovka", "kind": "minor" },
      "geometry": {
        "type": "LineString",
        "coordinates": [
          [63.66165, 53.22468],
          [63.66211, 53.22454],
          [63.66251, 53.22473],
          [63.66285, 53.22493],
          [63.66314, 53.22508],
          [63.66342, 53.22521],
          [63.66414, 53.22543],
          [63.66499, 53.2257],
          [63.66577, 53.22603],
          [63.66637, 53.2263],
          [63.66693, 53.22654],
          [63.66753, 53.2267],
          [63.66819, 53.22689],
          [63.66878, 53.22718],
          [63.669, 53.2273],
          [63.6705, 53.22819],
          [63.67103, 53.22848],
          [63.67142, 53.2287],
          [63.67161, 53.22884],
          [63.67177, 53.22899],
          [63.67193, 53.22917]
        ]
      }
    },
    {
      "type": "Feature",
      "properties": { "district": "perevalovka", "kind": "minor" },
      "geometry": {
        "type": "LineString",
        "coordinates": [
          [63.66637, 53.2263],
          [63.66642, 53.22628],
          [63.66801, 53.22559]
        ]
      }
    },
    {
      "type": "Feature",
      "properties": { "district": "perevalovka", "kind": "minor" },
      "geometry": {
        "type": "LineString",
        "coordinates": [
          [63.66251, 53.22473],
          [63.66257, 53.2247],
          [63.66501, 53.22345]
        ]
      }
    },
    {
      "type": "Feature",
      "properties": { "district": "perevalovka", "kind": "minor" },
      "geometry": {
        "type": "LineString",
        "coordinates": [
          [63.67177, 53.22899],
          [63.67182, 53.22896],
          [63.67262, 53.22854]
        ]
      }
    },
    {
      "type": "Feature",
      "properties": { "district": "perevalovka", "kind": "minor" },
      "geometry": {
        "type": "LineString",
        "coordinates": [
          [63.66342, 53.22521],
          [63.6637, 53.22545],
          [63.66465, 53.22612],
          [63.66402, 53.22642]
        ]
      }
    },
    {
      "type": "Feature",
      "properties": { "district": "perevalovka", "kind": "minor" },
      "geometry": {
        "type": "LineString",
        "coordinates": [
          [63.67638, 53.23103],
          [63.67626, 53.23088],
          [63.67455, 53.23016]
        ]
      }
    },
    {
      "type": "Feature",
      "properties": { "district": "perevalovka", "kind": "minor" },
      "geometry": {
        "type": "LineString",
        "coordinates": [
          [63.6672, 53.22877],
          [63.66681, 53.22875],
          [63.6666, 53.22879],
          [63.66646, 53.22883],
          [63.66622, 53.2289],
          [63.66608, 53.22895]
        ]
      }
    },
    {
      "type": "Feature",
      "properties": { "district": "perevalovka", "kind": "minor" },
      "geometry": {
        "type": "LineString",
        "coordinates": [
          [63.66414, 53.22543],
          [63.66418, 53.2254],
          [63.66445, 53.2251],
          [63.66514, 53.22485],
          [63.66638, 53.22427]
        ]
      }
    },
    {
      "type": "Feature",
      "properties": { "district": "perevalovka", "kind": "minor" },
      "geometry": {
        "type": "LineString",
        "coordinates": [
          [63.67309, 53.23179],
          [63.66999, 53.22965],
          [63.66907, 53.22901],
          [63.66784, 53.22816]
        ]
      }
    },
    {
      "type": "Feature",
      "properties": { "district": "perevalovka", "kind": "minor" },
      "geometry": {
        "type": "LineString",
        "coordinates": [
          [63.67193, 53.22917],
          [63.67227, 53.22945],
          [63.67383, 53.2305],
          [63.67413, 53.23074],
          [63.67439, 53.23097],
          [63.67455, 53.23125]
        ]
      }
    },
    {
      "type": "Feature",
      "properties": { "district": "perevalovka", "kind": "minor" },
      "geometry": {
        "type": "LineString",
        "coordinates": [
          [63.66199, 53.22286],
          [63.66245, 53.2228],
          [63.66281, 53.22279],
          [63.66344, 53.2231],
          [63.66359, 53.22311],
          [63.66371, 53.22306],
          [63.66406, 53.22288],
          [63.66415, 53.22288]
        ]
      }
    },
    {
      "type": "Feature",
      "properties": { "district": "perevalovka", "kind": "minor" },
      "geometry": {
        "type": "LineString",
        "coordinates": [
          [63.669, 53.2273],
          [63.66904, 53.22728],
          [63.6698, 53.22685],
          [63.67075, 53.22756],
          [63.67153, 53.22803],
          [63.6716, 53.22808],
          [63.6722, 53.22834],
          [63.67262, 53.22854]
        ]
      }
    },
    {
      "type": "Feature",
      "properties": { "district": "perevalovka", "kind": "minor" },
      "geometry": {
        "type": "LineString",
        "coordinates": [
          [63.66285, 53.22493],
          [63.66292, 53.2249],
          [63.66319, 53.22476],
          [63.66386, 53.22456],
          [63.66474, 53.22421],
          [63.66506, 53.22421],
          [63.66534, 53.22414],
          [63.66584, 53.22388]
        ]
      }
    },
    {
      "type": "Feature",
      "properties": { "district": "perevalovka", "kind": "minor" },
      "geometry": {
        "type": "LineString",
        "coordinates": [
          [63.66415, 53.22288],
          [63.66431, 53.22289],
          [63.6645, 53.22295],
          [63.66464, 53.2231],
          [63.66501, 53.22345],
          [63.66531, 53.22351],
          [63.66584, 53.22388],
          [63.66638, 53.22427],
          [63.66801, 53.22559],
          [63.66855, 53.22603]
        ]
      }
    },
    {
      "type": "Feature",
      "properties": { "district": "perevalovka", "kind": "minor" },
      "geometry": {
        "type": "LineString",
        "coordinates": [
          [63.66033, 53.22509],
          [63.66118, 53.22688]
        ]
      }
    },
    {
      "type": "Feature",
      "properties": { "district": "perevalovka", "kind": "minor" },
      "geometry": {
        "type": "LineString",
        "coordinates": [
          [63.66447, 53.22675],
          [63.66311, 53.22768],
          [63.66204, 53.22841]
        ]
      }
    },
    {
      "type": "Feature",
      "properties": { "district": "perevalovka", "kind": "minor" },
      "geometry": {
        "type": "LineString",
        "coordinates": [
          [63.66177, 53.22753],
          [63.66244, 53.22749],
          [63.66283, 53.22756],
          [63.66311, 53.22768]
        ]
      }
    },
    {
      "type": "Feature",
      "properties": { "district": "perevalovka", "kind": "minor" },
      "geometry": {
        "type": "LineString",
        "coordinates": [
          [63.66342, 53.22598],
          [63.66286, 53.22657],
          [63.66262, 53.22668],
          [63.66147, 53.22683],
          [63.66118, 53.22688]
        ]
      }
    },
    {
      "type": "Feature",
      "properties": { "district": "perevalovka", "kind": "minor" },
      "geometry": {
        "type": "LineString",
        "coordinates": [
          [63.66073, 53.22497],
          [63.6612, 53.22593],
          [63.66147, 53.22683],
          [63.66152, 53.227],
          [63.66154, 53.22712],
          [63.6615, 53.22724],
          [63.66163, 53.22749],
          [63.66168, 53.22752],
          [63.66172, 53.22753],
          [63.66177, 53.22753]
        ]
      }
    },
    {
      "type": "Feature",
      "properties": { "district": "perevalovka", "kind": "minor" },
      "geometry": {
        "type": "LineString",
        "coordinates": [
          [63.66439, 53.23395],
          [63.66475, 53.23375],
          [63.66566, 53.23312],
          [63.66573, 53.23308],
          [63.66596, 53.23291],
          [63.66612, 53.2328],
          [63.6668, 53.23233],
          [63.66795, 53.23155],
          [63.66842, 53.23124],
          [63.66883, 53.23093],
          [63.66954, 53.23048]
        ]
      }
    },
    {
      "type": "Feature",
      "properties": { "district": "perevalovka", "kind": "minor" },
      "geometry": {
        "type": "LineString",
        "coordinates": [
          [63.66386, 53.2343],
          [63.66378, 53.23443]
        ]
      }
    },
    {
      "type": "Feature",
      "properties": { "district": "vokzal", "kind": "minor" },
      "geometry": {
        "type": "LineString",
        "coordinates": [
          [63.66378, 53.23443],
          [63.66368, 53.23449],
          [63.66219, 53.23546],
          [63.66034, 53.23671],
          [63.65952, 53.23726],
          [63.65834, 53.23806],
          [63.65771, 53.2385],
          [63.65673, 53.23919],
          [63.65658, 53.23929],
          [63.65404, 53.24117],
          [63.65143, 53.24304],
          [63.65138, 53.24308],
          [63.65103, 53.24333]
        ]
      }
    },
    {
      "type": "Feature",
      "properties": { "district": "perevalovka", "kind": "minor" },
      "geometry": {
        "type": "LineString",
        "coordinates": [
          [63.66958, 53.2344],
          [63.66919, 53.2342],
          [63.66856, 53.23388]
        ]
      }
    },
    {
      "type": "Feature",
      "properties": { "district": "perevalovka", "kind": "minor" },
      "geometry": {
        "type": "LineString",
        "coordinates": [
          [63.66556, 53.22893],
          [63.66608, 53.22895]
        ]
      }
    },
    {
      "type": "Feature",
      "properties": { "district": "perevalovka", "kind": "minor" },
      "geometry": {
        "type": "LineString",
        "coordinates": [
          [63.66578, 53.22936],
          [63.66883, 53.23093],
          [63.67049, 53.23179]
        ]
      }
    },
    {
      "type": "Feature",
      "properties": { "district": "perevalovka", "kind": "minor" },
      "geometry": {
        "type": "LineString",
        "coordinates": [
          [63.66309, 53.23182],
          [63.66486, 53.23271],
          [63.66566, 53.23312]
        ]
      }
    },
    {
      "type": "Feature",
      "properties": { "district": "perevalovka", "kind": "minor" },
      "geometry": {
        "type": "LineString",
        "coordinates": [
          [63.66498, 53.22938],
          [63.66556, 53.22893],
          [63.66588, 53.22868]
        ]
      }
    },
    {
      "type": "Feature",
      "properties": { "district": "perevalovka", "kind": "minor" },
      "geometry": {
        "type": "LineString",
        "coordinates": [
          [63.66521, 53.23013],
          [63.66643, 53.23076],
          [63.66795, 53.23155],
          [63.66888, 53.23203],
          [63.67025, 53.23274]
        ]
      }
    },
    {
      "type": "Feature",
      "properties": { "district": "perevalovka", "kind": "minor" },
      "geometry": {
        "type": "LineString",
        "coordinates": [
          [63.66544, 53.22986],
          [63.66579, 53.2299],
          [63.66842, 53.23124],
          [63.67067, 53.2324]
        ]
      }
    },
    {
      "type": "Feature",
      "properties": { "district": "perevalovka", "kind": "minor" },
      "geometry": {
        "type": "LineString",
        "coordinates": [
          [63.6625, 53.23031],
          [63.66552, 53.22801],
          [63.66589, 53.22778]
        ]
      }
    },
    {
      "type": "Feature",
      "properties": { "district": "perevalovka", "kind": "minor" },
      "geometry": {
        "type": "LineString",
        "coordinates": [
          [63.66165, 53.2299],
          [63.66177, 53.22996],
          [63.66188, 53.23001],
          [63.6625, 53.23031],
          [63.66328, 53.23068],
          [63.66355, 53.23081],
          [63.66407, 53.23107]
        ]
      }
    },
    {
      "type": "Feature",
      "properties": { "district": "perevalovka", "kind": "minor" },
      "geometry": {
        "type": "LineString",
        "coordinates": [
          [63.66958, 53.23314],
          [63.66856, 53.23388],
          [63.66741, 53.23476]
        ]
      }
    },
    {
      "type": "Feature",
      "properties": { "district": "ksk", "kind": "minor" },
      "geometry": {
        "type": "LineString",
        "coordinates": [
          [63.67866, 53.2313],
          [63.68019, 53.23169],
          [63.68166, 53.23205],
          [63.68209, 53.23217],
          [63.68243, 53.23228],
          [63.68277, 53.23239],
          [63.68338, 53.23263],
          [63.68389, 53.23285],
          [63.68426, 53.23303],
          [63.68438, 53.2331],
          [63.68552, 53.23365],
          [63.68584, 53.23383],
          [63.68615, 53.23403],
          [63.68718, 53.23467],
          [63.68983, 53.23641],
          [63.68986, 53.23644],
          [63.68987, 53.23647],
          [63.6899, 53.23651],
          [63.68991, 53.23654],
          [63.68994, 53.23659],
          [63.69076, 53.23713],
          [63.69183, 53.23781],
          [63.69194, 53.2379],
          [63.69203, 53.23799],
          [63.69302, 53.23865],
          [63.69321, 53.23879],
          [63.69326, 53.23885],
          [63.69327, 53.23891],
          [63.69324, 53.23895],
          [63.6932, 53.23898],
          [63.69325, 53.23903],
          [63.69337, 53.23912],
          [63.6942, 53.23966],
          [63.69509, 53.24032],
          [63.69584, 53.24084],
          [63.69647, 53.24123],
          [63.69669, 53.24139],
          [63.69671, 53.24141],
          [63.69672, 53.24143],
          [63.69672, 53.24147],
          [63.69671, 53.2415],
          [63.69668, 53.24153]
        ]
      }
    },
    {
      "type": "Feature",
      "properties": { "district": "ksk", "kind": "minor" },
      "geometry": {
        "type": "LineString",
        "coordinates": [
          [63.68232, 53.23317],
          [63.68223, 53.2335],
          [63.68227, 53.23369],
          [63.68248, 53.23385],
          [63.6836, 53.23454],
          [63.68382, 53.23463],
          [63.68416, 53.23473],
          [63.68458, 53.23491],
          [63.68481, 53.23488],
          [63.6851, 53.23469],
          [63.68514, 53.23458],
          [63.6853, 53.23452],
          [63.68615, 53.23403]
        ]
      }
    },
    {
      "type": "Feature",
      "properties": { "district": "ksk", "kind": "minor" },
      "geometry": {
        "type": "LineString",
        "coordinates": [
          [63.6893, 53.23685],
          [63.68787, 53.23606]
        ]
      }
    },
    {
      "type": "Feature",
      "properties": { "district": "ksk", "kind": "minor" },
      "geometry": {
        "type": "LineString",
        "coordinates": [
          [63.67614, 53.23238],
          [63.67826, 53.23165]
        ]
      }
    },
    {
      "type": "Feature",
      "properties": { "district": "ksk", "kind": "minor" },
      "geometry": {
        "type": "LineString",
        "coordinates": [
          [63.68087, 53.23344],
          [63.67992, 53.23395]
        ]
      }
    },
    {
      "type": "Feature",
      "properties": { "district": "ksk", "kind": "minor" },
      "geometry": {
        "type": "LineString",
        "coordinates": [
          [63.67931, 53.23353],
          [63.67837, 53.23406]
        ]
      }
    },
    {
      "type": "Feature",
      "properties": { "district": "ksk", "kind": "minor" },
      "geometry": {
        "type": "LineString",
        "coordinates": [
          [63.68921, 53.2381],
          [63.69066, 53.23735],
          [63.69073, 53.23726],
          [63.69076, 53.23718],
          [63.69076, 53.23713]
        ]
      }
    },
    {
      "type": "Feature",
      "properties": { "district": "ksk", "kind": "minor" },
      "geometry": {
        "type": "LineString",
        "coordinates": [
          [63.68019, 53.23169],
          [63.68046, 53.23137],
          [63.68048, 53.23124],
          [63.68045, 53.23107]
        ]
      }
    },
    {
      "type": "Feature",
      "properties": { "district": "ksk", "kind": "minor" },
      "geometry": {
        "type": "LineString",
        "coordinates": [
          [63.68831, 53.23745],
          [63.6893, 53.23685],
          [63.68966, 53.23667],
          [63.68976, 53.23661],
          [63.68983, 53.23658],
          [63.68991, 53.23654]
        ]
      }
    },
    {
      "type": "Feature",
      "properties": { "district": "ksk", "kind": "minor" },
      "geometry": {
        "type": "LineString",
        "coordinates": [
          [63.67594, 53.23511],
          [63.67606, 53.23503],
          [63.67714, 53.23452],
          [63.67826, 53.23398]
        ]
      }
    },
    {
      "type": "Feature",
      "properties": { "district": "ksk", "kind": "minor" },
      "geometry": {
        "type": "LineString",
        "coordinates": [
          [63.68482, 53.2363],
          [63.6875, 53.23798],
          [63.68947, 53.23931]
        ]
      }
    },
    {
      "type": "Feature",
      "properties": { "district": "ksk", "kind": "minor" },
      "geometry": {
        "type": "LineString",
        "coordinates": [
          [63.67344, 53.2333],
          [63.67434, 53.23283],
          [63.67448, 53.23276]
        ]
      }
    },
    {
      "type": "Feature",
      "properties": { "district": "ksk", "kind": "minor" },
      "geometry": {
        "type": "LineString",
        "coordinates": [
          [63.68232, 53.23317],
          [63.68315, 53.23317],
          [63.68393, 53.23316],
          [63.68426, 53.23303]
        ]
      }
    },
    {
      "type": "Feature",
      "properties": { "district": "ksk", "kind": "minor" },
      "geometry": {
        "type": "LineString",
        "coordinates": [
          [63.68016, 53.23295],
          [63.68122, 53.23253],
          [63.68189, 53.23286],
          [63.68232, 53.23317]
        ]
      }
    },
    {
      "type": "Feature",
      "properties": { "district": "ksk", "kind": "minor" },
      "geometry": {
        "type": "LineString",
        "coordinates": [
          [63.6786, 53.2371],
          [63.67935, 53.23677],
          [63.67983, 53.23653]
        ]
      }
    },
    {
      "type": "Feature",
      "properties": { "district": "ksk", "kind": "minor" },
      "geometry": {
        "type": "LineString",
        "coordinates": [
          [63.68315, 53.23317],
          [63.68317, 53.23334],
          [63.68421, 53.23407],
          [63.68514, 53.23458]
        ]
      }
    },
    {
      "type": "Feature",
      "properties": { "district": "ksk", "kind": "minor" },
      "geometry": {
        "type": "LineString",
        "coordinates": [
          [63.6836, 53.23454],
          [63.68289, 53.23483],
          [63.68191, 53.23533],
          [63.68081, 53.23584]
        ]
      }
    },
    {
      "type": "Feature",
      "properties": { "district": "ksk", "kind": "minor" },
      "geometry": {
        "type": "LineString",
        "coordinates": [
          [63.68487, 53.23622],
          [63.68482, 53.2363],
          [63.68422, 53.23688],
          [63.68368, 53.23746],
          [63.68331, 53.23767]
        ]
      }
    },
    {
      "type": "Feature",
      "properties": { "district": "ksk", "kind": "minor" },
      "geometry": {
        "type": "LineString",
        "coordinates": [
          [63.67448, 53.23276],
          [63.67714, 53.23452],
          [63.67983, 53.23653]
        ]
      }
    },
    {
      "type": "Feature",
      "properties": { "district": "ksk", "kind": "minor" },
      "geometry": {
        "type": "LineString",
        "coordinates": [
          [63.68046, 53.23137],
          [63.68158, 53.23151],
          [63.68203, 53.23163],
          [63.68346, 53.23204],
          [63.68426, 53.23239],
          [63.68516, 53.23261],
          [63.68545, 53.23268]
        ]
      }
    },
    {
      "type": "Feature",
      "properties": { "district": "ksk", "kind": "minor" },
      "geometry": {
        "type": "LineString",
        "coordinates": [
          [63.68487, 53.23622],
          [63.68532, 53.23606],
          [63.68588, 53.23572],
          [63.68589, 53.23566],
          [63.68588, 53.2356],
          [63.68583, 53.2355],
          [63.68582, 53.23543],
          [63.68586, 53.23537],
          [63.68718, 53.23467]
        ]
      }
    },
    {
      "type": "Feature",
      "properties": { "district": "ksk", "kind": "minor" },
      "geometry": {
        "type": "LineString",
        "coordinates": [
          [63.68532, 53.23606],
          [63.68664, 53.23666],
          [63.68666, 53.23667],
          [63.68668, 53.23668],
          [63.68669, 53.23669],
          [63.6867, 53.23671],
          [63.68673, 53.23674],
          [63.68676, 53.23678],
          [63.6868, 53.23681],
          [63.68684, 53.23684],
          [63.68705, 53.23696],
          [63.6874, 53.23713],
          [63.68787, 53.23732],
          [63.68811, 53.23738],
          [63.68831, 53.23745],
          [63.68921, 53.2381],
          [63.68954, 53.23834],
          [63.68987, 53.23858],
          [63.69006, 53.23874],
          [63.69025, 53.2389]
        ]
      }
    },
    {
      "type": "Feature",
      "properties": { "district": "ksk", "kind": "minor" },
      "geometry": {
        "type": "LineString",
        "coordinates": [
          [63.67826, 53.23165],
          [63.67811, 53.2315],
          [63.67815, 53.23137],
          [63.67832, 53.23129],
          [63.67866, 53.2313]
        ]
      }
    },
    {
      "type": "Feature",
      "properties": { "district": "ksk", "kind": "minor" },
      "geometry": {
        "type": "LineString",
        "coordinates": [
          [63.67812, 53.23271],
          [63.67931, 53.23353],
          [63.67992, 53.23395],
          [63.68191, 53.23533],
          [63.68422, 53.23688],
          [63.68659, 53.2385]
        ]
      }
    },
    {
      "type": "Feature",
      "properties": { "district": "ksk", "kind": "minor" },
      "geometry": {
        "type": "LineString",
        "coordinates": [
          [63.67826, 53.23165],
          [63.67909, 53.23221],
          [63.68016, 53.23295],
          [63.68087, 53.23344],
          [63.68289, 53.23483],
          [63.68487, 53.23622]
        ]
      }
    },
    {
      "type": "Feature",
      "properties": { "district": "ksk", "kind": "minor" },
      "geometry": {
        "type": "LineString",
        "coordinates": [
          [63.67614, 53.23238],
          [63.67826, 53.23398],
          [63.67837, 53.23406],
          [63.68081, 53.23584],
          [63.68316, 53.23756],
          [63.68331, 53.23767],
          [63.68457, 53.23859],
          [63.68642, 53.23995],
          [63.68649, 53.24],
          [63.68717, 53.2405]
        ]
      }
    },
    {
      "type": "Feature",
      "properties": { "district": "ksk", "kind": "minor" },
      "geometry": {
        "type": "LineString",
        "coordinates": [
          [63.6794, 53.24118],
          [63.67957, 53.24139],
          [63.67986, 53.24168],
          [63.68002, 53.24179],
          [63.68024, 53.24195],
          [63.68125, 53.24269],
          [63.68137, 53.24278],
          [63.68184, 53.24315]
        ]
      }
    },
    {
      "type": "Feature",
      "properties": { "district": "ksk", "kind": "minor" },
      "geometry": {
        "type": "LineString",
        "coordinates": [
          [63.68553, 53.24943],
          [63.68563, 53.2495],
          [63.68591, 53.24972],
          [63.68769, 53.25098],
          [63.68801, 53.25117],
          [63.68831, 53.25138]
        ]
      }
    },
    {
      "type": "Feature",
      "properties": { "district": "zelenstroy", "kind": "minor" },
      "geometry": {
        "type": "LineString",
        "coordinates": [
          [63.68831, 53.25138],
          [63.68935, 53.25214],
          [63.69064, 53.25309],
          [63.69105, 53.25338],
          [63.69123, 53.25351],
          [63.69185, 53.25396],
          [63.69195, 53.25403],
          [63.69231, 53.25429]
        ]
      }
    },
    {
      "type": "Feature",
      "properties": { "district": "ksk", "kind": "minor" },
      "geometry": {
        "type": "LineString",
        "coordinates": [
          [63.68588, 53.24247],
          [63.68539, 53.24271],
          [63.68495, 53.24292],
          [63.68361, 53.24358],
          [63.68205, 53.24432],
          [63.6814, 53.24463],
          [63.68042, 53.24511],
          [63.68033, 53.24515],
          [63.68012, 53.24524],
          [63.6799, 53.24534],
          [63.67972, 53.24541]
        ]
      }
    },
    {
      "type": "Feature",
      "properties": { "district": "ksk", "kind": "minor" },
      "geometry": {
        "type": "LineString",
        "coordinates": [
          [63.68997, 53.24054],
          [63.69081, 53.24118]
        ]
      }
    },
    {
      "type": "Feature",
      "properties": { "district": "ksk", "kind": "minor" },
      "geometry": {
        "type": "LineString",
        "coordinates": [
          [63.69731, 53.24635],
          [63.70109, 53.24436]
        ]
      }
    },
    {
      "type": "Feature",
      "properties": { "district": "ksk", "kind": "minor" },
      "geometry": {
        "type": "LineString",
        "coordinates": [
          [63.69625, 53.24558],
          [63.70008, 53.24354]
        ]
      }
    },
    {
      "type": "Feature",
      "properties": { "district": "ksk", "kind": "minor" },
      "geometry": {
        "type": "LineString",
        "coordinates": [
          [63.69514, 53.24478],
          [63.69698, 53.24381],
          [63.69884, 53.24283]
        ]
      }
    },
    {
      "type": "Feature",
      "properties": { "district": "ksk", "kind": "minor" },
      "geometry": {
        "type": "LineString",
        "coordinates": [
          [63.69884, 53.24283],
          [63.69896, 53.24282],
          [63.69908, 53.24285],
          [63.70008, 53.24354],
          [63.70115, 53.24423],
          [63.70115, 53.24428],
          [63.70114, 53.24432],
          [63.70109, 53.24436]
        ]
      }
    },
    {
      "type": "Feature",
      "properties": { "district": "ksk", "kind": "minor" },
      "geometry": {
        "type": "LineString",
        "coordinates": [
          [63.6943, 53.24417],
          [63.69514, 53.24478],
          [63.69625, 53.24558],
          [63.69731, 53.24635]
        ]
      }
    },
    {
      "type": "Feature",
      "properties": { "district": "ksk", "kind": "minor" },
      "geometry": {
        "type": "LineString",
        "coordinates": [
          [63.69355, 53.24815],
          [63.69603, 53.24701],
          [63.69723, 53.24647],
          [63.69731, 53.24635]
        ]
      }
    },
    {
      "type": "Feature",
      "properties": { "district": "ksk", "kind": "minor" },
      "geometry": {
        "type": "LineString",
        "coordinates": [
          [63.69165, 53.24202],
          [63.69173, 53.24208],
          [63.69221, 53.2424],
          [63.69227, 53.24241],
          [63.6929, 53.24236],
          [63.69486, 53.24216],
          [63.69491, 53.24216],
          [63.69518, 53.24237],
          [63.69668, 53.24153]
        ]
      }
    },
    {
      "type": "Feature",
      "properties": { "district": "ksk", "kind": "minor" },
      "geometry": {
        "type": "LineString",
        "coordinates": [
          [63.68991, 53.24114],
          [63.69037, 53.2415],
          [63.69131, 53.24219],
          [63.6917, 53.24248],
          [63.69342, 53.24375],
          [63.6941, 53.24426]
        ]
      }
    },
    {
      "type": "Feature",
      "properties": { "district": "ksk", "kind": "minor" },
      "geometry": {
        "type": "LineString",
        "coordinates": [
          [63.6942, 53.23966],
          [63.6921, 53.24066],
          [63.6919, 53.2407],
          [63.69179, 53.24074],
          [63.69081, 53.24118],
          [63.69127, 53.24148],
          [63.69135, 53.24157],
          [63.69135, 53.24173],
          [63.69137, 53.24178],
          [63.69159, 53.24198],
          [63.69165, 53.24202],
          [63.69131, 53.24219]
        ]
      }
    },
    {
      "type": "Feature",
      "properties": { "district": "ksk", "kind": "minor" },
      "geometry": {
        "type": "LineString",
        "coordinates": [
          [63.69628, 53.24326],
          [63.6943, 53.24417],
          [63.6941, 53.24426],
          [63.69291, 53.24473],
          [63.692, 53.24511],
          [63.69168, 53.24528],
          [63.69147, 53.24538],
          [63.69106, 53.24561],
          [63.69053, 53.24587]
        ]
      }
    },
    {
      "type": "Feature",
      "properties": { "district": "ksk", "kind": "minor" },
      "geometry": {
        "type": "LineString",
        "coordinates": [
          [63.68865, 53.24119],
          [63.68828, 53.24136],
          [63.68734, 53.24179],
          [63.6872, 53.24186],
          [63.68588, 53.24247]
        ]
      }
    },
    {
      "type": "Feature",
      "properties": { "district": "zelenstroy", "kind": "minor" },
      "geometry": {
        "type": "LineString",
        "coordinates": [
          [63.70298, 53.25272],
          [63.70319, 53.25309],
          [63.70337, 53.25325],
          [63.70365, 53.25339],
          [63.70449, 53.25371],
          [63.70466, 53.25378],
          [63.70512, 53.2541],
          [63.70688, 53.25534],
          [63.70718, 53.25557],
          [63.70811, 53.25629],
          [63.70952, 53.25836]
        ]
      }
    },
    {
      "type": "Feature",
      "properties": { "district": "zelenstroy", "kind": "minor" },
      "geometry": {
        "type": "LineString",
        "coordinates": [
          [63.69973, 53.25281],
          [63.69999, 53.25273],
          [63.70014, 53.25271],
          [63.70031, 53.25273],
          [63.70045, 53.2528],
          [63.70071, 53.253],
          [63.70085, 53.25305],
          [63.70103, 53.25305],
          [63.7012, 53.25302],
          [63.70197, 53.25286],
          [63.70275, 53.2527],
          [63.70287, 53.2527],
          [63.70298, 53.25272]
        ]
      }
    },
    {
      "type": "Feature",
      "properties": { "district": "zelenstroy", "kind": "minor" },
      "geometry": {
        "type": "LineString",
        "coordinates": [
          [63.70298, 53.25272],
          [63.70504, 53.2523],
          [63.70566, 53.25217],
          [63.70579, 53.25214]
        ]
      }
    },
    {
      "type": "Feature",
      "properties": { "district": "zelenstroy", "kind": "minor" },
      "geometry": {
        "type": "LineString",
        "coordinates": [
          [63.69753, 53.25104],
          [63.69971, 53.25061]
        ]
      }
    },
    {
      "type": "Feature",
      "properties": { "district": "ksk", "kind": "minor" },
      "geometry": {
        "type": "LineString",
        "coordinates": [
          [63.69971, 53.25061],
          [63.70104, 53.25035]
        ]
      }
    },
    {
      "type": "Feature",
      "properties": { "district": "zelenstroy", "kind": "minor" },
      "geometry": {
        "type": "LineString",
        "coordinates": [
          [63.70306, 53.25452],
          [63.70466, 53.25378],
          [63.70492, 53.25375],
          [63.70576, 53.25331],
          [63.70602, 53.25322],
          [63.70626, 53.25317]
        ]
      }
    },
    {
      "type": "Feature",
      "properties": { "district": "zelenstroy", "kind": "minor" },
      "geometry": {
        "type": "LineString",
        "coordinates": [
          [63.70612, 53.25711],
          [63.70628, 53.25732],
          [63.70723, 53.25842],
          [63.70744, 53.25856],
          [63.7077, 53.25868],
          [63.70788, 53.2587],
          [63.70805, 53.25868],
          [63.70841, 53.25863],
          [63.70952, 53.25836]
        ]
      }
    },
    {
      "type": "Feature",
      "properties": { "district": "zelenstroy", "kind": "minor" },
      "geometry": {
        "type": "LineString",
        "coordinates": [
          [63.70116, 53.25425],
          [63.70069, 53.2544],
          [63.70053, 53.25445],
          [63.69884, 53.25503],
          [63.69806, 53.25529],
          [63.69773, 53.2554],
          [63.69655, 53.25586],
          [63.69514, 53.25657],
          [63.69482, 53.25672]
        ]
      }
    },
    {
      "type": "Feature",
      "properties": { "district": "zelenstroy", "kind": "minor" },
      "geometry": {
        "type": "LineString",
        "coordinates": [
          [63.70411, 53.25804],
          [63.70504, 53.25786],
          [63.70608, 53.25727],
          [63.70614, 53.2572],
          [63.70612, 53.25711],
          [63.70654, 53.25605],
          [63.70718, 53.25557]
        ]
      }
    },
    {
      "type": "Feature",
      "properties": { "district": "zelenstroy", "kind": "minor" },
      "geometry": {
        "type": "LineString",
        "coordinates": [
          [63.70294, 53.2565],
          [63.70469, 53.25573],
          [63.70488, 53.25565]
        ]
      }
    },
    {
      "type": "Feature",
      "properties": { "district": "zelenstroy", "kind": "minor" },
      "geometry": {
        "type": "LineString",
        "coordinates": [
          [63.70435, 53.25519],
          [63.70488, 53.25565],
          [63.70545, 53.25609]
        ]
      }
    },
    {
      "type": "Feature",
      "properties": { "district": "zelenstroy", "kind": "minor" },
      "geometry": {
        "type": "LineString",
        "coordinates": [
          [63.70381, 53.25506],
          [63.70374, 53.25509],
          [63.70257, 53.25545],
          [63.7022, 53.25553]
        ]
      }
    },
    {
      "type": "Feature",
      "properties": { "district": "zelenstroy", "kind": "minor" },
      "geometry": {
        "type": "LineString",
        "coordinates": [
          [63.69393, 53.25207],
          [63.69465, 53.25258],
          [63.69524, 53.253],
          [63.69628, 53.25373],
          [63.69716, 53.25447],
          [63.69806, 53.25529]
        ]
      }
    },
    {
      "type": "Feature",
      "properties": { "district": "ksk", "kind": "minor" },
      "geometry": {
        "type": "LineString",
        "coordinates": [
          [63.69187, 53.24955],
          [63.69423, 53.2512]
        ]
      }
    },
    {
      "type": "Feature",
      "properties": { "district": "zelenstroy", "kind": "minor" },
      "geometry": {
        "type": "LineString",
        "coordinates": [
          [63.69123, 53.25351],
          [63.69135, 53.25345],
          [63.69393, 53.25207]
        ]
      }
    },
    {
      "type": "Feature",
      "properties": { "district": "zelenstroy", "kind": "minor" },
      "geometry": {
        "type": "LineString",
        "coordinates": [
          [63.69105, 53.25338],
          [63.691, 53.25341],
          [63.68855, 53.25472]
        ]
      }
    },
    {
      "type": "Feature",
      "properties": { "district": "zelenstroy", "kind": "minor" },
      "geometry": {
        "type": "LineString",
        "coordinates": [
          [63.69014, 53.25565],
          [63.69089, 53.25523],
          [63.69095, 53.25521],
          [63.69098, 53.25522]
        ]
      }
    },
    {
      "type": "Feature",
      "properties": { "district": "zelenstroy", "kind": "minor" },
      "geometry": {
        "type": "LineString",
        "coordinates": [
          [63.69185, 53.25396],
          [63.68964, 53.25519]
        ]
      }
    },
    {
      "type": "Feature",
      "properties": { "district": "zelenstroy", "kind": "minor" },
      "geometry": {
        "type": "LineString",
        "coordinates": [
          [63.69773, 53.2554],
          [63.70047, 53.25882]
        ]
      }
    },
    {
      "type": "Feature",
      "properties": { "district": "zelenstroy", "kind": "minor" },
      "geometry": {
        "type": "LineString",
        "coordinates": [
          [63.68988, 53.25023],
          [63.69249, 53.2521]
        ]
      }
    },
    {
      "type": "Feature",
      "properties": { "district": "zelenstroy", "kind": "minor" },
      "geometry": {
        "type": "LineString",
        "coordinates": [
          [63.68903, 53.25068],
          [63.69161, 53.25258]
        ]
      }
    },
    {
      "type": "Feature",
      "properties": { "district": "ksk", "kind": "minor" },
      "geometry": {
        "type": "LineString",
        "coordinates": [
          [63.69279, 53.24909],
          [63.69512, 53.25075]
        ]
      }
    },
    {
      "type": "Feature",
      "properties": { "district": "zelenstroy", "kind": "minor" },
      "geometry": {
        "type": "LineString",
        "coordinates": [
          [63.69231, 53.25429],
          [63.69253, 53.25432],
          [63.69264, 53.25432],
          [63.69276, 53.25431],
          [63.69524, 53.253],
          [63.69603, 53.25258]
        ]
      }
    },
    {
      "type": "Feature",
      "properties": { "district": "zelenstroy", "kind": "minor" },
      "geometry": {
        "type": "LineString",
        "coordinates": [
          [63.69942, 53.25343],
          [63.69826, 53.25395],
          [63.69716, 53.25447],
          [63.69479, 53.2557],
          [63.69465, 53.25581],
          [63.69461, 53.25586],
          [63.69437, 53.25596]
        ]
      }
    },
    {
      "type": "Feature",
      "properties": { "district": "zelenstroy", "kind": "minor" },
      "geometry": {
        "type": "LineString",
        "coordinates": [
          [63.69916, 53.25232],
          [63.69858, 53.25259],
          [63.69828, 53.25272],
          [63.69698, 53.25339],
          [63.69628, 53.25373],
          [63.69391, 53.25494],
          [63.69385, 53.25502],
          [63.69374, 53.25511],
          [63.6936, 53.25518],
          [63.69346, 53.25518],
          [63.69332, 53.25517],
          [63.69319, 53.25514]
        ]
      }
    },
    {
      "type": "Feature",
      "properties": { "district": "zelenstroy", "kind": "minor" },
      "geometry": {
        "type": "LineString",
        "coordinates": [
          [63.69884, 53.25503],
          [63.70144, 53.25838],
          [63.70182, 53.25886]
        ]
      }
    },
    {
      "type": "Feature",
      "properties": { "district": "zelenstroy", "kind": "minor" },
      "geometry": {
        "type": "LineString",
        "coordinates": [
          [63.68964, 53.25519],
          [63.68961, 53.25522],
          [63.68961, 53.25526],
          [63.6897, 53.25533],
          [63.69014, 53.25565],
          [63.69399, 53.2582]
        ]
      }
    },
    {
      "type": "Feature",
      "properties": { "district": "zelenstroy", "kind": "minor" },
      "geometry": {
        "type": "LineString",
        "coordinates": [
          [63.69655, 53.25586],
          [63.69775, 53.25678],
          [63.69832, 53.25755],
          [63.69946, 53.2591]
        ]
      }
    },
    {
      "type": "Feature",
      "properties": { "district": "zelenstroy", "kind": "minor" },
      "geometry": {
        "type": "LineString",
        "coordinates": [
          [63.69098, 53.25522],
          [63.69465, 53.25763],
          [63.6948, 53.25793],
          [63.69577, 53.25855]
        ]
      }
    },
    {
      "type": "Feature",
      "properties": { "district": "ksk", "kind": "minor" },
      "geometry": {
        "type": "LineString",
        "coordinates": [
          [63.68801, 53.25117],
          [63.68805, 53.25115],
          [63.68903, 53.25068],
          [63.68988, 53.25023],
          [63.6907, 53.24983]
        ]
      }
    },
    {
      "type": "Feature",
      "properties": { "district": "zelenstroy", "kind": "minor" },
      "geometry": {
        "type": "LineString",
        "coordinates": [
          [63.70069, 53.2544],
          [63.70148, 53.25549],
          [63.7022, 53.25644],
          [63.70322, 53.25777]
        ]
      }
    },
    {
      "type": "Feature",
      "properties": { "district": "zelenstroy", "kind": "minor" },
      "geometry": {
        "type": "LineString",
        "coordinates": [
          [63.69064, 53.25309],
          [63.69073, 53.25305],
          [63.69161, 53.25258],
          [63.69249, 53.2521],
          [63.69337, 53.25163],
          [63.69423, 53.2512],
          [63.69512, 53.25075]
        ]
      }
    },
    {
      "type": "Feature",
      "properties": { "district": "ksk", "kind": "minor" },
      "geometry": {
        "type": "LineString",
        "coordinates": [
          [63.69512, 53.25075],
          [63.69631, 53.25015]
        ]
      }
    },
    {
      "type": "Feature",
      "properties": { "district": "zelenstroy", "kind": "minor" },
      "geometry": {
        "type": "LineString",
        "coordinates": [
          [63.69753, 53.25104],
          [63.69728, 53.25118],
          [63.69708, 53.25128],
          [63.69682, 53.25142],
          [63.69662, 53.25152],
          [63.69593, 53.25188],
          [63.69465, 53.25258],
          [63.69207, 53.25396],
          [63.69195, 53.25403]
        ]
      }
    },
    {
      "type": "Feature",
      "properties": { "district": "ksk", "kind": "minor" },
      "geometry": {
        "type": "LineString",
        "coordinates": [
          [63.68553, 53.24943],
          [63.68561, 53.24939],
          [63.68572, 53.24934],
          [63.68621, 53.2491],
          [63.68636, 53.24903],
          [63.68643, 53.249],
          [63.68692, 53.24876],
          [63.68884, 53.24785],
          [63.68899, 53.24777],
          [63.69092, 53.24686],
          [63.69136, 53.24665],
          [63.69149, 53.24658]
        ]
      }
    },
    {
      "type": "Feature",
      "properties": { "district": "ksk", "kind": "minor" },
      "geometry": {
        "type": "LineString",
        "coordinates": [
          [63.67953, 53.25229],
          [63.67991, 53.25335],
          [63.68019, 53.254],
          [63.68032, 53.25429],
          [63.68059, 53.25477]
        ]
      }
    },
    {
      "type": "Feature",
      "properties": { "district": "zelenstroy", "kind": "minor" },
      "geometry": {
        "type": "LineString",
        "coordinates": [
          [63.68059, 53.25477],
          [63.68074, 53.25497],
          [63.68082, 53.25508],
          [63.68129, 53.25577],
          [63.68137, 53.25588],
          [63.68145, 53.25597],
          [63.68154, 53.25604],
          [63.68225, 53.25648],
          [63.68259, 53.2567],
          [63.68264, 53.25673],
          [63.68271, 53.25677],
          [63.68313, 53.25699],
          [63.68355, 53.25732],
          [63.68384, 53.25751],
          [63.68415, 53.25771],
          [63.68441, 53.25796],
          [63.68456, 53.25809],
          [63.68497, 53.25833],
          [63.68546, 53.25871],
          [63.68576, 53.25892],
          [63.68621, 53.25924],
          [63.68631, 53.25931],
          [63.68671, 53.2596],
          [63.68721, 53.25997],
          [63.68725, 53.26],
          [63.6877, 53.26031],
          [63.68785, 53.26041],
          [63.68822, 53.26068],
          [63.68843, 53.26084],
          [63.68876, 53.26107],
          [63.68905, 53.26127],
          [63.6893, 53.26145],
          [63.68941, 53.26152],
          [63.68978, 53.2618],
          [63.68989, 53.26188],
          [63.69018, 53.26202]
        ]
      }
    },
    {
      "type": "Feature",
      "properties": { "district": "ksk", "kind": "minor" },
      "geometry": {
        "type": "LineString",
        "coordinates": [
          [63.67316, 53.25234],
          [63.67365, 53.25257],
          [63.67455, 53.25291],
          [63.67481, 53.25299],
          [63.67554, 53.25318],
          [63.67636, 53.25323],
          [63.67709, 53.2532],
          [63.67734, 53.25314]
        ]
      }
    },
    {
      "type": "Feature",
      "properties": { "district": "ksk", "kind": "minor" },
      "geometry": {
        "type": "LineString",
        "coordinates": [
          [63.66737, 53.24653],
          [63.66863, 53.24779],
          [63.66909, 53.24825],
          [63.66985, 53.24901],
          [63.67118, 53.25036],
          [63.67316, 53.25234]
        ]
      }
    },
    {
      "type": "Feature",
      "properties": { "district": "ksk", "kind": "minor" },
      "geometry": {
        "type": "LineString",
        "coordinates": [
          [63.66017, 53.2441],
          [63.66122, 53.24513],
          [63.66168, 53.24558],
          [63.66207, 53.24596],
          [63.66266, 53.24656],
          [63.6632, 53.24712],
          [63.66323, 53.24715],
          [63.66386, 53.24778],
          [63.66443, 53.24835],
          [63.66503, 53.24895],
          [63.66512, 53.24904],
          [63.6657, 53.24961],
          [63.66636, 53.25028],
          [63.66691, 53.25082],
          [63.66753, 53.25144],
          [63.66779, 53.25157]
        ]
      }
    },
    {
      "type": "Feature",
      "properties": { "district": "ksk", "kind": "minor" },
      "geometry": {
        "type": "LineString",
        "coordinates": [
          [63.66204, 53.24348],
          [63.66306, 53.24449],
          [63.6635, 53.24493],
          [63.6639, 53.24532],
          [63.66449, 53.24593],
          [63.66504, 53.2465],
          [63.66566, 53.24714],
          [63.66631, 53.24779],
          [63.66691, 53.2484],
          [63.66749, 53.24899],
          [63.66815, 53.24965],
          [63.66867, 53.25018],
          [63.66945, 53.25097],
          [63.66952, 53.25112],
          [63.67079, 53.2524],
          [63.67133, 53.25296]
        ]
      }
    },
    {
      "type": "Feature",
      "properties": { "district": "ksk", "kind": "minor" },
      "geometry": {
        "type": "LineString",
        "coordinates": [
          [63.66833, 53.24601],
          [63.67205, 53.24876]
        ]
      }
    },
    {
      "type": "Feature",
      "properties": { "district": "ksk", "kind": "minor" },
      "geometry": {
        "type": "LineString",
        "coordinates": [
          [63.66323, 53.24715],
          [63.66504, 53.2465]
        ]
      }
    },
    {
      "type": "Feature",
      "properties": { "district": "ksk", "kind": "minor" },
      "geometry": {
        "type": "LineString",
        "coordinates": [
          [63.66477, 53.24387],
          [63.66306, 53.24449],
          [63.66196, 53.24487],
          [63.66122, 53.24513]
        ]
      }
    },
    {
      "type": "Feature",
      "properties": { "district": "ksk", "kind": "minor" },
      "geometry": {
        "type": "LineString",
        "coordinates": [
          [63.66464, 53.25161],
          [63.66691, 53.25082]
        ]
      }
    },
    {
      "type": "Feature",
      "properties": { "district": "ksk", "kind": "minor" },
      "geometry": {
        "type": "LineString",
        "coordinates": [
          [63.6602, 53.24815],
          [63.66048, 53.24805],
          [63.66195, 53.24754],
          [63.6632, 53.24712]
        ]
      }
    },
    {
      "type": "Feature",
      "properties": { "district": "ksk", "kind": "minor" },
      "geometry": {
        "type": "LineString",
        "coordinates": [
          [63.66381, 53.25272],
          [63.66445, 53.25248],
          [63.66471, 53.25238],
          [63.66512, 53.25223],
          [63.66527, 53.25217],
          [63.66588, 53.25201],
          [63.66753, 53.25144]
        ]
      }
    },
    {
      "type": "Feature",
      "properties": { "district": "ksk", "kind": "minor" },
      "geometry": {
        "type": "LineString",
        "coordinates": [
          [63.65975, 53.24757],
          [63.66266, 53.24656],
          [63.66449, 53.24593]
        ]
      }
    },
    {
      "type": "Feature",
      "properties": { "district": "ksk", "kind": "minor" },
      "geometry": {
        "type": "LineString",
        "coordinates": [
          [63.67249, 53.24989],
          [63.67497, 53.25239],
          [63.67481, 53.25299]
        ]
      }
    },
    {
      "type": "Feature",
      "properties": { "district": "ksk", "kind": "minor" },
      "geometry": {
        "type": "LineString",
        "coordinates": [
          [63.66405, 53.25109],
          [63.66464, 53.25161],
          [63.66527, 53.25217]
        ]
      }
    },
    {
      "type": "Feature",
      "properties": { "district": "ksk", "kind": "minor" },
      "geometry": {
        "type": "LineString",
        "coordinates": [
          [63.66193, 53.24923],
          [63.66231, 53.2496],
          [63.66388, 53.25115]
        ]
      }
    },
    {
      "type": "Feature",
      "properties": { "district": "ksk", "kind": "minor" },
      "geometry": {
        "type": "LineString",
        "coordinates": [
          [63.66512, 53.24904],
          [63.66691, 53.2484],
          [63.66863, 53.24779]
        ]
      }
    },
    {
      "type": "Feature",
      "properties": { "district": "ksk", "kind": "minor" },
      "geometry": {
        "type": "LineString",
        "coordinates": [
          [63.65671, 53.24526],
          [63.65858, 53.24716],
          [63.65944, 53.24804],
          [63.65996, 53.24857],
          [63.66039, 53.24903]
        ]
      }
    },
    {
      "type": "Feature",
      "properties": { "district": "ksk", "kind": "minor" },
      "geometry": {
        "type": "LineString",
        "coordinates": [
          [63.65858, 53.24716],
          [63.66116, 53.24627],
          [63.66207, 53.24596],
          [63.6639, 53.24532],
          [63.66563, 53.24471]
        ]
      }
    },
    {
      "type": "Feature",
      "properties": { "district": "ksk", "kind": "minor" },
      "geometry": {
        "type": "LineString",
        "coordinates": [
          [63.66779, 53.25157],
          [63.66816, 53.25195],
          [63.66756, 53.25216],
          [63.66789, 53.25249],
          [63.66926, 53.25381],
          [63.66945, 53.25399]
        ]
      }
    },
    {
      "type": "Feature",
      "properties": { "district": "ksk", "kind": "minor" },
      "geometry": {
        "type": "LineString",
        "coordinates": [
          [63.66926, 53.25381],
          [63.66962, 53.25368],
          [63.66968, 53.25352],
          [63.67133, 53.25296],
          [63.67178, 53.25281],
          [63.67316, 53.25234]
        ]
      }
    },
    {
      "type": "Feature",
      "properties": { "district": "ksk", "kind": "minor" },
      "geometry": {
        "type": "LineString",
        "coordinates": [
          [63.66346, 53.24297],
          [63.66375, 53.243],
          [63.66391, 53.24301],
          [63.66405, 53.24304],
          [63.66417, 53.24322],
          [63.66447, 53.24353],
          [63.66477, 53.24387],
          [63.66563, 53.24471],
          [63.66622, 53.24529],
          [63.66687, 53.24592],
          [63.66746, 53.24649]
        ]
      }
    },
    {
      "type": "Feature",
      "properties": { "district": "ksk", "kind": "minor" },
      "geometry": {
        "type": "LineString",
        "coordinates": [
          [63.66012, 53.24921],
          [63.66061, 53.2497],
          [63.66091, 53.24998],
          [63.66157, 53.25061],
          [63.66263, 53.25161],
          [63.66381, 53.25272],
          [63.66482, 53.25368],
          [63.66537, 53.2542]
        ]
      }
    },
    {
      "type": "Feature",
      "properties": { "district": "ksk", "kind": "minor" },
      "geometry": {
        "type": "LineString",
        "coordinates": [
          [63.66263, 53.25161],
          [63.66388, 53.25115],
          [63.66405, 53.25109],
          [63.6649, 53.25079],
          [63.66636, 53.25028],
          [63.66735, 53.24993],
          [63.66815, 53.24965],
          [63.66985, 53.24901]
        ]
      }
    },
    {
      "type": "Feature",
      "properties": { "district": "ksk", "kind": "minor" },
      "geometry": {
        "type": "LineString",
        "coordinates": [
          [63.66779, 53.25157],
          [63.66864, 53.25125],
          [63.66945, 53.25097],
          [63.66984, 53.25083],
          [63.67026, 53.25068],
          [63.67118, 53.25036],
          [63.67178, 53.25014],
          [63.67249, 53.24989],
          [63.67312, 53.24959]
        ]
      }
    },
    {
      "type": "Feature",
      "properties": { "district": "ksk", "kind": "minor" },
      "geometry": {
        "type": "LineString",
        "coordinates": [
          [63.66168, 53.24558],
          [63.6635, 53.24493]
        ]
      }
    },
    {
      "type": "Feature",
      "properties": { "district": "ksk", "kind": "minor" },
      "geometry": {
        "type": "LineString",
        "coordinates": [
          [63.65935, 53.24437],
          [63.66116, 53.24627]
        ]
      }
    },
    {
      "type": "Feature",
      "properties": { "district": "vokzal", "kind": "minor" },
      "geometry": {
        "type": "LineString",
        "coordinates": [
          [63.64006, 53.23797],
          [63.64037, 53.23679],
          [63.64059, 53.23662]
        ]
      }
    },
    {
      "type": "Feature",
      "properties": { "district": "kostanay-2", "kind": "major" },
      "geometry": {
        "type": "LineString",
        "coordinates": [
          [63.59815, 53.24912],
          [63.59656, 53.25011],
          [63.59599, 53.25048],
          [63.5948, 53.25144],
          [63.59458, 53.25162],
          [63.59388, 53.25224]
        ]
      }
    },
    {
      "type": "Feature",
      "properties": { "district": null, "kind": "major" },
      "geometry": {
        "type": "LineString",
        "coordinates": [
          [63.59388, 53.25224],
          [63.58589, 53.25931],
          [63.58569, 53.25952],
          [63.58516, 53.26007],
          [63.58461, 53.26072],
          [63.58244, 53.26329]
        ]
      }
    },
    {
      "type": "Feature",
      "properties": { "district": "kostanay-2", "kind": "minor" },
      "geometry": {
        "type": "LineString",
        "coordinates": [
          [63.59576, 53.24757],
          [63.59466, 53.24684],
          [63.5933, 53.24594],
          [63.59315, 53.24584],
          [63.59068, 53.24425],
          [63.59027, 53.24399],
          [63.58871, 53.24304],
          [63.58733, 53.24229]
        ]
      }
    },
    {
      "type": "Feature",
      "properties": { "district": "kostanay-2", "kind": "minor" },
      "geometry": {
        "type": "LineString",
        "coordinates": [
          [63.56427, 53.23947],
          [63.56645, 53.24071],
          [63.56667, 53.24079],
          [63.56726, 53.24112],
          [63.56779, 53.24141],
          [63.56836, 53.24173],
          [63.56889, 53.24202],
          [63.56939, 53.2423],
          [63.56945, 53.24233],
          [63.57019, 53.24274]
        ]
      }
    },
    {
      "type": "Feature",
      "properties": { "district": "kostanay-2", "kind": "minor" },
      "geometry": {
        "type": "LineString",
        "coordinates": [
          [63.56478, 53.24646],
          [63.56542, 53.24603],
          [63.56595, 53.24568],
          [63.56652, 53.2453],
          [63.56687, 53.24486],
          [63.56735, 53.24456],
          [63.56858, 53.24377],
          [63.57019, 53.24274],
          [63.5708, 53.24236],
          [63.57184, 53.24169],
          [63.572, 53.24158],
          [63.57422, 53.24004],
          [63.57504, 53.23947],
          [63.57581, 53.23894],
          [63.5765, 53.23846],
          [63.57728, 53.23791]
        ]
      }
    },
    {
      "type": "Feature",
      "properties": { "district": "kostanay-2", "kind": "minor" },
      "geometry": {
        "type": "LineString",
        "coordinates": [
          [63.56472, 53.23787],
          [63.56509, 53.23805],
          [63.56556, 53.23827],
          [63.56745, 53.2393],
          [63.56826, 53.23974],
          [63.56877, 53.24002],
          [63.56891, 53.24009],
          [63.56932, 53.24032],
          [63.56946, 53.24039],
          [63.56989, 53.24063],
          [63.57001, 53.24069],
          [63.57048, 53.24095],
          [63.57058, 53.24101],
          [63.57106, 53.24126],
          [63.57117, 53.24133],
          [63.57184, 53.24169]
        ]
      }
    },
    {
      "type": "Feature",
      "properties": { "district": "kostanay-2", "kind": "minor" },
      "geometry": {
        "type": "LineString",
        "coordinates": [
          [63.56099, 53.24453],
          [63.56162, 53.24411],
          [63.56218, 53.24374],
          [63.56273, 53.24338],
          [63.5632, 53.24307],
          [63.5651, 53.24182],
          [63.56548, 53.24157],
          [63.56604, 53.2412],
          [63.56667, 53.24079],
          [63.56726, 53.2404],
          [63.56746, 53.24026],
          [63.56826, 53.23974],
          [63.57092, 53.23798],
          [63.57155, 53.23757],
          [63.57232, 53.23706],
          [63.57306, 53.23657],
          [63.57315, 53.23651],
          [63.57381, 53.23608]
        ]
      }
    },
    {
      "type": "Feature",
      "properties": { "district": "kostanay-2", "kind": "minor" },
      "geometry": {
        "type": "LineString",
        "coordinates": [
          [63.56746, 53.24026],
          [63.56515, 53.23893]
        ]
      }
    },
    {
      "type": "Feature",
      "properties": { "district": "kostanay-2", "kind": "minor" },
      "geometry": {
        "type": "LineString",
        "coordinates": [
          [63.56162, 53.24411],
          [63.56542, 53.24603]
        ]
      }
    },
    {
      "type": "Feature",
      "properties": { "district": "kostanay-2", "kind": "minor" },
      "geometry": {
        "type": "LineString",
        "coordinates": [
          [63.56891, 53.24009],
          [63.57132, 53.23847]
        ]
      }
    },
    {
      "type": "Feature",
      "properties": { "district": "kostanay-2", "kind": "minor" },
      "geometry": {
        "type": "LineString",
        "coordinates": [
          [63.57117, 53.24133],
          [63.57358, 53.23973]
        ]
      }
    },
    {
      "type": "Feature",
      "properties": { "district": "kostanay-2", "kind": "minor" },
      "geometry": {
        "type": "LineString",
        "coordinates": [
          [63.57058, 53.24101],
          [63.57298, 53.2394]
        ]
      }
    },
    {
      "type": "Feature",
      "properties": { "district": "kostanay-2", "kind": "minor" },
      "geometry": {
        "type": "LineString",
        "coordinates": [
          [63.56099, 53.24453],
          [63.56478, 53.24646]
        ]
      }
    },
    {
      "type": "Feature",
      "properties": { "district": "kostanay-2", "kind": "minor" },
      "geometry": {
        "type": "LineString",
        "coordinates": [
          [63.56683, 53.2382],
          [63.5689, 53.23683]
        ]
      }
    },
    {
      "type": "Feature",
      "properties": { "district": "kostanay-2", "kind": "minor" },
      "geometry": {
        "type": "LineString",
        "coordinates": [
          [63.57182, 53.23579],
          [63.57085, 53.23645]
        ]
      }
    },
    {
      "type": "Feature",
      "properties": { "district": "kostanay-2", "kind": "minor" },
      "geometry": {
        "type": "LineString",
        "coordinates": [
          [63.56946, 53.24039],
          [63.57188, 53.23879]
        ]
      }
    },
    {
      "type": "Feature",
      "properties": { "district": "kostanay-2", "kind": "minor" },
      "geometry": {
        "type": "LineString",
        "coordinates": [
          [63.56663, 53.24417],
          [63.56785, 53.24336]
        ]
      }
    },
    {
      "type": "Feature",
      "properties": { "district": "kostanay-2", "kind": "minor" },
      "geometry": {
        "type": "LineString",
        "coordinates": [
          [63.56608, 53.24388],
          [63.56732, 53.24306]
        ]
      }
    },
    {
      "type": "Feature",
      "properties": { "district": "kostanay-2", "kind": "minor" },
      "geometry": {
        "type": "LineString",
        "coordinates": [
          [63.56218, 53.24374],
          [63.56595, 53.24568]
        ]
      }
    },
    {
      "type": "Feature",
      "properties": { "district": "kostanay-2", "kind": "minor" },
      "geometry": {
        "type": "LineString",
        "coordinates": [
          [63.56604, 53.2412],
          [63.5636, 53.23989]
        ]
      }
    },
    {
      "type": "Feature",
      "properties": { "district": "kostanay-2", "kind": "minor" },
      "geometry": {
        "type": "LineString",
        "coordinates": [
          [63.56499, 53.24329],
          [63.56623, 53.24245]
        ]
      }
    },
    {
      "type": "Feature",
      "properties": { "district": "kostanay-2", "kind": "minor" },
      "geometry": {
        "type": "LineString",
        "coordinates": [
          [63.57001, 53.24069],
          [63.57244, 53.2391]
        ]
      }
    },
    {
      "type": "Feature",
      "properties": { "district": "kostanay-2", "kind": "minor" },
      "geometry": {
        "type": "LineString",
        "coordinates": [
          [63.56273, 53.24338],
          [63.56652, 53.2453]
        ]
      }
    },
    {
      "type": "Feature",
      "properties": { "district": "kostanay-2", "kind": "minor" },
      "geometry": {
        "type": "LineString",
        "coordinates": [
          [63.5632, 53.24307],
          [63.56498, 53.24388],
          [63.56687, 53.24486]
        ]
      }
    },
    {
      "type": "Feature",
      "properties": { "district": "kostanay-2", "kind": "minor" },
      "geometry": {
        "type": "LineString",
        "coordinates": [
          [63.56745, 53.23857],
          [63.56951, 53.23719],
          [63.57017, 53.23678]
        ]
      }
    },
    {
      "type": "Feature",
      "properties": { "district": "kostanay-2", "kind": "minor" },
      "geometry": {
        "type": "LineString",
        "coordinates": [
          [63.55963, 53.24117],
          [63.56045, 53.2416],
          [63.56129, 53.24205],
          [63.56157, 53.2422],
          [63.56225, 53.24257],
          [63.56256, 53.24273],
          [63.5632, 53.24307]
        ]
      }
    },
    {
      "type": "Feature",
      "properties": { "district": "kostanay-2", "kind": "minor" },
      "geometry": {
        "type": "LineString",
        "coordinates": [
          [63.57306, 53.23657],
          [63.57377, 53.23696],
          [63.5765, 53.23846]
        ]
      }
    },
    {
      "type": "Feature",
      "properties": { "district": "kostanay-2", "kind": "minor" },
      "geometry": {
        "type": "LineString",
        "coordinates": [
          [63.57835, 53.23839],
          [63.57816, 53.23855],
          [63.57594, 53.23999],
          [63.57374, 53.24148],
          [63.57335, 53.24174],
          [63.572, 53.24158]
        ]
      }
    },
    {
      "type": "Feature",
      "properties": { "district": "kostanay-2", "kind": "minor" },
      "geometry": {
        "type": "LineString",
        "coordinates": [
          [63.57042, 53.23503],
          [63.57182, 53.23579],
          [63.57242, 53.23612],
          [63.57315, 53.23651]
        ]
      }
    },
    {
      "type": "Feature",
      "properties": { "district": "kostanay-2", "kind": "minor" },
      "geometry": {
        "type": "LineString",
        "coordinates": [
          [63.57232, 53.23706],
          [63.57303, 53.23744],
          [63.57396, 53.23795],
          [63.57581, 53.23894]
        ]
      }
    },
    {
      "type": "Feature",
      "properties": { "district": "kostanay-2", "kind": "minor" },
      "geometry": {
        "type": "LineString",
        "coordinates": [
          [63.56548, 53.24157],
          [63.5651, 53.24134],
          [63.56481, 53.24114],
          [63.56363, 53.24054]
        ]
      }
    },
    {
      "type": "Feature",
      "properties": { "district": "kostanay-2", "kind": "minor" },
      "geometry": {
        "type": "LineString",
        "coordinates": [
          [63.56745, 53.2393],
          [63.56804, 53.23891],
          [63.57012, 53.23753],
          [63.57074, 53.23711],
          [63.57242, 53.23612]
        ]
      }
    },
    {
      "type": "Feature",
      "properties": { "district": "kostanay-2", "kind": "minor" },
      "geometry": {
        "type": "LineString",
        "coordinates": [
          [63.56826, 53.23647],
          [63.5689, 53.23683],
          [63.56951, 53.23719],
          [63.57012, 53.23753],
          [63.57092, 53.23798]
        ]
      }
    },
    {
      "type": "Feature",
      "properties": { "district": "kostanay-2", "kind": "minor" },
      "geometry": {
        "type": "LineString",
        "coordinates": [
          [63.56804, 53.23891],
          [63.56745, 53.23857],
          [63.56683, 53.2382],
          [63.56677, 53.23812],
          [63.56624, 53.23782]
        ]
      }
    },
    {
      "type": "Feature",
      "properties": { "district": "kostanay-2", "kind": "minor" },
      "geometry": {
        "type": "LineString",
        "coordinates": [
          [63.56726, 53.2404],
          [63.5689, 53.24131],
          [63.56946, 53.24161],
          [63.57001, 53.24192],
          [63.5708, 53.24236]
        ]
      }
    },
    {
      "type": "Feature",
      "properties": { "district": "kostanay-2", "kind": "minor" },
      "geometry": {
        "type": "LineString",
        "coordinates": [
          [63.5651, 53.24182],
          [63.56572, 53.24217],
          [63.56623, 53.24245],
          [63.56677, 53.24276],
          [63.56732, 53.24306],
          [63.56785, 53.24336],
          [63.56858, 53.24377]
        ]
      }
    },
    {
      "type": "Feature",
      "properties": { "district": "kostanay-2", "kind": "minor" },
      "geometry": {
        "type": "LineString",
        "coordinates": [
          [63.56457, 53.24307],
          [63.56499, 53.24329],
          [63.56549, 53.24356],
          [63.56608, 53.24388],
          [63.56663, 53.24417],
          [63.56735, 53.24456]
        ]
      }
    },
    {
      "type": "Feature",
      "properties": { "district": "kostanay-2", "kind": "minor" },
      "geometry": {
        "type": "LineString",
        "coordinates": [
          [63.56556, 53.23827],
          [63.56624, 53.23782],
          [63.56826, 53.23647],
          [63.56889, 53.23605],
          [63.57042, 53.23503],
          [63.57104, 53.23462]
        ]
      }
    },
    {
      "type": "Feature",
      "properties": { "district": "kostanay-2", "kind": "minor" },
      "geometry": {
        "type": "LineString",
        "coordinates": [
          [63.57132, 53.23847],
          [63.57166, 53.23867],
          [63.57188, 53.23879],
          [63.57244, 53.2391],
          [63.57298, 53.2394],
          [63.57358, 53.23973],
          [63.57422, 53.24004]
        ]
      }
    },
    {
      "type": "Feature",
      "properties": { "district": "kostanay-2", "kind": "minor" },
      "geometry": {
        "type": "LineString",
        "coordinates": [
          [63.56498, 53.24388],
          [63.56549, 53.24356],
          [63.56677, 53.24276],
          [63.56739, 53.24236],
          [63.56836, 53.24173],
          [63.56845, 53.24162],
          [63.5689, 53.24131],
          [63.56989, 53.24063]
        ]
      }
    },
    {
      "type": "Feature",
      "properties": { "district": "kostanay-2", "kind": "minor" },
      "geometry": {
        "type": "LineString",
        "coordinates": [
          [63.56889, 53.23605],
          [63.57017, 53.23678],
          [63.57074, 53.23711],
          [63.57155, 53.23757],
          [63.57258, 53.2381],
          [63.57323, 53.23844],
          [63.57504, 53.23947],
          [63.57594, 53.23999]
        ]
      }
    },
    {
      "type": "Feature",
      "properties": { "district": "kostanay-2", "kind": "minor" },
      "geometry": {
        "type": "LineString",
        "coordinates": [
          [63.58431, 53.2409],
          [63.58461, 53.24071],
          [63.58616, 53.23977],
          [63.5877, 53.23877],
          [63.58826, 53.2384],
          [63.58897, 53.23795],
          [63.59025, 53.23712],
          [63.5922, 53.23587],
          [63.59237, 53.23575],
          [63.59351, 53.23501],
          [63.59464, 53.23428]
        ]
      }
    },
    {
      "type": "Feature",
      "properties": { "district": "kostanay-2", "kind": "minor" },
      "geometry": {
        "type": "LineString",
        "coordinates": [
          [63.572, 53.23513],
          [63.57233, 53.23491],
          [63.57246, 53.23482],
          [63.57253, 53.23478],
          [63.57322, 53.23433],
          [63.57336, 53.23424],
          [63.57405, 53.23378],
          [63.5742, 53.23368],
          [63.57498, 53.23318],
          [63.57569, 53.23271],
          [63.57581, 53.23264],
          [63.57669, 53.23204],
          [63.5775, 53.23152],
          [63.57915, 53.23043],
          [63.57991, 53.22992],
          [63.5808, 53.22935],
          [63.58166, 53.22878],
          [63.58186, 53.22863],
          [63.58224, 53.22837],
          [63.58325, 53.2277],
          [63.58415, 53.22713]
        ]
      }
    },
    {
      "type": "Feature",
      "properties": { "district": "kostanay-2", "kind": "minor" },
      "geometry": {
        "type": "LineString",
        "coordinates": [
          [63.57498, 53.23318],
          [63.57697, 53.23424]
        ]
      }
    },
    {
      "type": "Feature",
      "properties": { "district": "kostanay-2", "kind": "minor" },
      "geometry": {
        "type": "LineString",
        "coordinates": [
          [63.57991, 53.22992],
          [63.58533, 53.23281]
        ]
      }
    },
    {
      "type": "Feature",
      "properties": { "district": "kostanay-2", "kind": "minor" },
      "geometry": {
        "type": "LineString",
        "coordinates": [
          [63.57744, 53.23799],
          [63.57769, 53.23782],
          [63.57793, 53.23767],
          [63.578, 53.23762],
          [63.58151, 53.23531],
          [63.58171, 53.23519],
          [63.58197, 53.23501],
          [63.58366, 53.2339],
          [63.58451, 53.23334],
          [63.58471, 53.23321],
          [63.58488, 53.2331],
          [63.58533, 53.23281],
          [63.58611, 53.2323],
          [63.58718, 53.23159],
          [63.58758, 53.23133],
          [63.58836, 53.23081],
          [63.58852, 53.23071],
          [63.58866, 53.23063],
          [63.58942, 53.23013],
          [63.58974, 53.22991],
          [63.59011, 53.22967],
          [63.59029, 53.22956],
          [63.59126, 53.22916],
          [63.59158, 53.229],
          [63.59184, 53.22884],
          [63.59197, 53.22876],
          [63.59207, 53.22869],
          [63.59301, 53.2281],
          [63.59463, 53.22708],
          [63.59501, 53.22683],
          [63.59558, 53.22649],
          [63.59619, 53.2261],
          [63.59685, 53.22569],
          [63.59777, 53.22511]
        ]
      }
    },
    {
      "type": "Feature",
      "properties": { "district": "kostanay-2", "kind": "minor" },
      "geometry": {
        "type": "LineString",
        "coordinates": [
          [63.58224, 53.22837],
          [63.58471, 53.22974],
          [63.58758, 53.23133]
        ]
      }
    },
    {
      "type": "Feature",
      "properties": { "district": "kostanay-2", "kind": "minor" },
      "geometry": {
        "type": "LineString",
        "coordinates": [
          [63.58718, 53.23159],
          [63.58431, 53.23],
          [63.58186, 53.22863]
        ]
      }
    },
    {
      "type": "Feature",
      "properties": { "district": "kostanay-2", "kind": "minor" },
      "geometry": {
        "type": "LineString",
        "coordinates": [
          [63.60789, 53.23808],
          [63.60952, 53.23901]
        ]
      }
    },
    {
      "type": "Feature",
      "properties": { "district": "kostanay-2", "kind": "minor" },
      "geometry": {
        "type": "LineString",
        "coordinates": [
          [63.58366, 53.2339],
          [63.58031, 53.23207],
          [63.57917, 53.23144]
        ]
      }
    },
    {
      "type": "Feature",
      "properties": { "district": "kostanay-2", "kind": "minor" },
      "geometry": {
        "type": "LineString",
        "coordinates": [
          [63.57336, 53.23424],
          [63.5747, 53.235],
          [63.57587, 53.23565]
        ]
      }
    },
    {
      "type": "Feature",
      "properties": { "district": "kostanay-2", "kind": "minor" },
      "geometry": {
        "type": "LineString",
        "coordinates": [
          [63.60655, 53.24093],
          [63.60699, 53.24064],
          [63.60772, 53.24017],
          [63.60814, 53.2399],
          [63.60891, 53.2394],
          [63.60952, 53.23901],
          [63.60972, 53.23888],
          [63.61012, 53.23862],
          [63.61087, 53.23814],
          [63.6112, 53.23792],
          [63.61127, 53.23788]
        ]
      }
    },
    {
      "type": "Feature",
      "properties": { "district": "kostanay-2", "kind": "minor" },
      "geometry": {
        "type": "LineString",
        "coordinates": [
          [63.58451, 53.23334],
          [63.58115, 53.23153],
          [63.57915, 53.23043]
        ]
      }
    },
    {
      "type": "Feature",
      "properties": { "district": "kostanay-2", "kind": "minor" },
      "geometry": {
        "type": "LineString",
        "coordinates": [
          [63.58415, 53.22713],
          [63.585, 53.22663],
          [63.58583, 53.22607]
        ]
      }
    },
    {
      "type": "Feature",
      "properties": { "district": "kostanay-2", "kind": "minor" },
      "geometry": {
        "type": "LineString",
        "coordinates": [
          [63.60489, 53.24001],
          [63.60506, 53.23991],
          [63.60566, 53.23951],
          [63.60634, 53.23907],
          [63.60714, 53.23857],
          [63.60789, 53.23808],
          [63.60962, 53.23697]
        ]
      }
    },
    {
      "type": "Feature",
      "properties": { "district": "kostanay-2", "kind": "minor" },
      "geometry": {
        "type": "LineString",
        "coordinates": [
          [63.61334, 53.23903],
          [63.61276, 53.2387],
          [63.61246, 53.23854],
          [63.61127, 53.23788],
          [63.60962, 53.23697],
          [63.6094, 53.23684]
        ]
      }
    },
    {
      "type": "Feature",
      "properties": { "district": "kostanay-2", "kind": "minor" },
      "geometry": {
        "type": "LineString",
        "coordinates": [
          [63.58528, 53.22881],
          [63.58615, 53.22824],
          [63.58695, 53.22771]
        ]
      }
    },
    {
      "type": "Feature",
      "properties": { "district": "kostanay-2", "kind": "minor" },
      "geometry": {
        "type": "LineString",
        "coordinates": [
          [63.59668, 53.24435],
          [63.59847, 53.24319],
          [63.6017, 53.24107],
          [63.60188, 53.24096]
        ]
      }
    },
    {
      "type": "Feature",
      "properties": { "district": "kostanay-2", "kind": "minor" },
      "geometry": {
        "type": "LineString",
        "coordinates": [
          [63.585, 53.22663],
          [63.58695, 53.22771],
          [63.58739, 53.22795],
          [63.59029, 53.22956]
        ]
      }
    },
    {
      "type": "Feature",
      "properties": { "district": "kostanay-2", "kind": "minor" },
      "geometry": {
        "type": "LineString",
        "coordinates": [
          [63.58323, 53.23072],
          [63.58431, 53.23],
          [63.58471, 53.22974],
          [63.58574, 53.22905]
        ]
      }
    },
    {
      "type": "Feature",
      "properties": { "district": "kostanay-2", "kind": "minor" },
      "geometry": {
        "type": "LineString",
        "coordinates": [
          [63.59074, 53.24155],
          [63.59115, 53.24129],
          [63.59294, 53.24014]
        ]
      }
    },
    {
      "type": "Feature",
      "properties": { "district": "kostanay-2", "kind": "minor" },
      "geometry": {
        "type": "LineString",
        "coordinates": [
          [63.5775, 53.23152],
          [63.5795, 53.23261],
          [63.57957, 53.23265],
          [63.58093, 53.23338],
          [63.58179, 53.23385]
        ]
      }
    },
    {
      "type": "Feature",
      "properties": { "district": "kostanay-2", "kind": "minor" },
      "geometry": {
        "type": "LineString",
        "coordinates": [
          [63.59804, 53.2451],
          [63.59869, 53.24468],
          [63.59957, 53.24411],
          [63.59983, 53.24394],
          [63.60309, 53.24184],
          [63.60326, 53.24172],
          [63.60505, 53.24056],
          [63.60544, 53.24031]
        ]
      }
    },
    {
      "type": "Feature",
      "properties": { "district": "kostanay-2", "kind": "minor" },
      "geometry": {
        "type": "LineString",
        "coordinates": [
          [63.59701, 53.24238],
          [63.60024, 53.24026],
          [63.60047, 53.24018]
        ]
      }
    },
    {
      "type": "Feature",
      "properties": { "district": "kostanay-2", "kind": "minor" },
      "geometry": {
        "type": "LineString",
        "coordinates": [
          [63.5792, 53.22847],
          [63.57994, 53.22888],
          [63.5808, 53.22935],
          [63.58323, 53.23072],
          [63.58611, 53.2323]
        ]
      }
    },
    {
      "type": "Feature",
      "properties": { "district": "kostanay-2", "kind": "minor" },
      "geometry": {
        "type": "LineString",
        "coordinates": [
          [63.5767, 53.23728],
          [63.57692, 53.23713],
          [63.5795, 53.23543],
          [63.58097, 53.23446]
        ]
      }
    },
    {
      "type": "Feature",
      "properties": { "district": "kostanay-2", "kind": "minor" },
      "geometry": {
        "type": "LineString",
        "coordinates": [
          [63.59382, 53.24277],
          [63.5956, 53.2416]
        ]
      }
    },
    {
      "type": "Feature",
      "properties": { "district": "kostanay-2", "kind": "minor" },
      "geometry": {
        "type": "LineString",
        "coordinates": [
          [63.58616, 53.23977],
          [63.58879, 53.24117],
          [63.58932, 53.24145],
          [63.58955, 53.24152],
          [63.59052, 53.24159],
          [63.59074, 53.24155]
        ]
      }
    },
    {
      "type": "Feature",
      "properties": { "district": "kostanay-2", "kind": "minor" },
      "geometry": {
        "type": "LineString",
        "coordinates": [
          [63.58325, 53.2277],
          [63.58528, 53.22881],
          [63.58574, 53.22905],
          [63.58866, 53.23063]
        ]
      }
    },
    {
      "type": "Feature",
      "properties": { "district": "kostanay-2", "kind": "minor" },
      "geometry": {
        "type": "LineString",
        "coordinates": [
          [63.58698, 53.23532],
          [63.59025, 53.23712]
        ]
      }
    },
    {
      "type": "Feature",
      "properties": { "district": "kostanay-2", "kind": "minor" },
      "geometry": {
        "type": "LineString",
        "coordinates": [
          [63.57574, 53.23676],
          [63.57596, 53.23661],
          [63.57813, 53.23522],
          [63.57922, 53.23452],
          [63.58008, 53.23396]
        ]
      }
    },
    {
      "type": "Feature",
      "properties": { "district": "kostanay-2", "kind": "minor" },
      "geometry": {
        "type": "LineString",
        "coordinates": [
          [63.57233, 53.23491],
          [63.57488, 53.2363],
          [63.57574, 53.23676],
          [63.5767, 53.23728],
          [63.57769, 53.23782]
        ]
      }
    },
    {
      "type": "Feature",
      "properties": { "district": "kostanay-2", "kind": "minor" },
      "geometry": {
        "type": "LineString",
        "coordinates": [
          [63.57952, 53.23845],
          [63.58304, 53.23617]
        ]
      }
    },
    {
      "type": "Feature",
      "properties": { "district": "kostanay-2", "kind": "minor" },
      "geometry": {
        "type": "LineString",
        "coordinates": [
          [63.58428, 53.22525],
          [63.58501, 53.22564],
          [63.58583, 53.22607],
          [63.58821, 53.22743],
          [63.59126, 53.22916]
        ]
      }
    },
    {
      "type": "Feature",
      "properties": { "district": "kostanay-2", "kind": "minor" },
      "geometry": {
        "type": "LineString",
        "coordinates": [
          [63.59197, 53.22876],
          [63.58887, 53.22701],
          [63.58738, 53.22615],
          [63.58705, 53.22595],
          [63.58572, 53.22522]
        ]
      }
    },
    {
      "type": "Feature",
      "properties": { "district": "kostanay-2", "kind": "minor" },
      "geometry": {
        "type": "LineString",
        "coordinates": [
          [63.59115, 53.24129],
          [63.59258, 53.24208],
          [63.59382, 53.24277],
          [63.59668, 53.24435]
        ]
      }
    },
    {
      "type": "Feature",
      "properties": { "district": "kostanay-2", "kind": "minor" },
      "geometry": {
        "type": "LineString",
        "coordinates": [
          [63.58261, 53.22626],
          [63.58415, 53.22713],
          [63.5842, 53.22717],
          [63.58615, 53.22824],
          [63.58815, 53.22935]
        ]
      }
    },
    {
      "type": "Feature",
      "properties": { "district": "kostanay-2", "kind": "minor" },
      "geometry": {
        "type": "LineString",
        "coordinates": [
          [63.58739, 53.22795],
          [63.58821, 53.22743],
          [63.58887, 53.22701],
          [63.58986, 53.22637],
          [63.59085, 53.22573]
        ]
      }
    },
    {
      "type": "Feature",
      "properties": { "district": "kostanay-2", "kind": "minor" },
      "geometry": {
        "type": "LineString",
        "coordinates": [
          [63.57459, 53.23649],
          [63.57488, 53.2363],
          [63.5751, 53.23615],
          [63.57587, 53.23565],
          [63.57721, 53.23478],
          [63.57731, 53.23469],
          [63.57735, 53.23459],
          [63.57734, 53.23451],
          [63.5773, 53.23442],
          [63.57697, 53.23424]
        ]
      }
    },
    {
      "type": "Feature",
      "properties": { "district": "kostanay-2", "kind": "minor" },
      "geometry": {
        "type": "LineString",
        "coordinates": [
          [63.59429, 53.24088],
          [63.59666, 53.23934],
          [63.59754, 53.23876],
          [63.59771, 53.23865]
        ]
      }
    },
    {
      "type": "Feature",
      "properties": { "district": "kostanay-2", "kind": "minor" },
      "geometry": {
        "type": "LineString",
        "coordinates": [
          [63.58488, 53.2331],
          [63.58647, 53.23398],
          [63.5879, 53.23475],
          [63.59008, 53.23524],
          [63.59237, 53.23575],
          [63.59279, 53.23592],
          [63.59368, 53.23641],
          [63.59501, 53.23715],
          [63.59771, 53.23865],
          [63.59904, 53.23938],
          [63.60047, 53.24018],
          [63.60188, 53.24096],
          [63.60326, 53.24172],
          [63.60493, 53.24196],
          [63.60661, 53.24219],
          [63.60695, 53.24225],
          [63.60698, 53.24226],
          [63.60715, 53.24231],
          [63.60757, 53.24248]
        ]
      }
    },
    {
      "type": "Feature",
      "properties": { "district": "kostanay-2", "kind": "minor" },
      "geometry": {
        "type": "LineString",
        "coordinates": [
          [63.578, 53.23762],
          [63.57952, 53.23845],
          [63.58104, 53.23923],
          [63.58282, 53.24],
          [63.58461, 53.24071],
          [63.58759, 53.24196]
        ]
      }
    },
    {
      "type": "Feature",
      "properties": { "district": "kostanay-2", "kind": "minor" },
      "geometry": {
        "type": "LineString",
        "coordinates": [
          [63.58151, 53.23531],
          [63.58304, 53.23617],
          [63.58446, 53.23696]
        ]
      }
    },
    {
      "type": "Feature",
      "properties": { "district": "kostanay-2", "kind": "minor" },
      "geometry": {
        "type": "LineString",
        "coordinates": [
          [63.60767, 53.24276],
          [63.60739, 53.24259],
          [63.60713, 53.24248],
          [63.60679, 53.24238],
          [63.60653, 53.24234],
          [63.60487, 53.2421],
          [63.60347, 53.2419],
          [63.60309, 53.24184],
          [63.6017, 53.24107],
          [63.60024, 53.24026],
          [63.59886, 53.23949],
          [63.59754, 53.23876],
          [63.59484, 53.23726],
          [63.59351, 53.23652],
          [63.59264, 53.23603],
          [63.5922, 53.23587],
          [63.58999, 53.23537],
          [63.58924, 53.23521],
          [63.58771, 53.23487],
          [63.58629, 53.23409],
          [63.58471, 53.23321]
        ]
      }
    },
    {
      "type": "Feature",
      "properties": { "district": "kostanay-2", "kind": "minor" },
      "geometry": {
        "type": "LineString",
        "coordinates": [
          [63.59301, 53.2281],
          [63.59208, 53.2276],
          [63.59113, 53.22707],
          [63.58986, 53.22637],
          [63.58874, 53.22576],
          [63.58826, 53.22545]
        ]
      }
    },
    {
      "type": "Feature",
      "properties": { "district": "kostanay-2", "kind": "minor" },
      "geometry": {
        "type": "LineString",
        "coordinates": [
          [63.58705, 53.22595],
          [63.58826, 53.22545],
          [63.58941, 53.22516],
          [63.59047, 53.22497],
          [63.5921, 53.22485],
          [63.59361, 53.22531],
          [63.59558, 53.22649]
        ]
      }
    },
    {
      "type": "Feature",
      "properties": { "district": "kostanay-2", "kind": "minor" },
      "geometry": {
        "type": "LineString",
        "coordinates": [
          [63.57514, 53.23111],
          [63.57586, 53.23152],
          [63.57669, 53.23204],
          [63.57873, 53.23321],
          [63.58008, 53.23396],
          [63.58013, 53.23399],
          [63.58097, 53.23446],
          [63.58197, 53.23501]
        ]
      }
    },
    {
      "type": "Feature",
      "properties": { "district": "kostanay-2", "kind": "minor" },
      "geometry": {
        "type": "LineString",
        "coordinates": [
          [63.60099, 53.23783],
          [63.60291, 53.23889],
          [63.60351, 53.23923],
          [63.60408, 53.23955],
          [63.6042, 53.23962],
          [63.60471, 53.23991],
          [63.60489, 53.24001]
        ]
      }
    },
    {
      "type": "Feature",
      "properties": { "district": "kostanay-2", "kind": "minor" },
      "geometry": {
        "type": "LineString",
        "coordinates": [
          [63.60784, 53.24265],
          [63.6081, 53.2428],
          [63.60821, 53.24289]
        ]
      }
    },
    {
      "type": "Feature",
      "properties": { "district": "kostanay-2", "kind": "minor" },
      "geometry": {
        "type": "LineString",
        "coordinates": [
          [63.58078, 53.23943],
          [63.58104, 53.23923],
          [63.58446, 53.23696],
          [63.58507, 53.23656],
          [63.58571, 53.23615],
          [63.58698, 53.23532],
          [63.58771, 53.23487],
          [63.5879, 53.23475],
          [63.59026, 53.2332],
          [63.59135, 53.23249]
        ]
      }
    },
    {
      "type": "Feature",
      "properties": { "district": "kostanay-2", "kind": "minor" },
      "geometry": {
        "type": "LineString",
        "coordinates": [
          [63.58718, 53.24223],
          [63.58759, 53.24196],
          [63.58879, 53.24117],
          [63.59028, 53.24021],
          [63.59085, 53.23985],
          [63.59157, 53.23938],
          [63.59286, 53.23854],
          [63.59484, 53.23726],
          [63.59501, 53.23715],
          [63.5961, 53.23644]
        ]
      }
    },
    {
      "type": "Feature",
      "properties": { "district": "kostanay-2", "kind": "minor" },
      "geometry": {
        "type": "LineString",
        "coordinates": [
          [63.58501, 53.22564],
          [63.58572, 53.22522],
          [63.58691, 53.22474],
          [63.58897, 53.22421],
          [63.59023, 53.22402],
          [63.59232, 53.22386],
          [63.59377, 53.22417],
          [63.59468, 53.22454],
          [63.59685, 53.22569]
        ]
      }
    },
    {
      "type": "Feature",
      "properties": { "district": "kostanay-2", "kind": "minor" },
      "geometry": {
        "type": "LineString",
        "coordinates": [
          [63.58571, 53.23615],
          [63.58897, 53.23795],
          [63.59157, 53.23938],
          [63.59294, 53.24014],
          [63.59429, 53.24088],
          [63.59438, 53.24093],
          [63.5956, 53.2416],
          [63.59672, 53.24223],
          [63.59701, 53.24238],
          [63.5974, 53.2426],
          [63.59847, 53.24319],
          [63.59983, 53.24394]
        ]
      }
    },
    {
      "type": "Feature",
      "properties": { "district": "vokzal", "kind": "minor" },
      "geometry": {
        "type": "LineString",
        "coordinates": [
          [63.61766, 53.23121],
          [63.61666, 53.23056],
          [63.61584, 53.23007],
          [63.61558, 53.22993]
        ]
      }
    },
    {
      "type": "Feature",
      "properties": { "district": "uzkaya-koleya", "kind": "minor" },
      "geometry": {
        "type": "LineString",
        "coordinates": [
          [63.66605, 53.26722],
          [63.66675, 53.26679],
          [63.66765, 53.26614],
          [63.66852, 53.26543],
          [63.66978, 53.26442],
          [63.67001, 53.2643],
          [63.6703, 53.26428],
          [63.67059, 53.26438],
          [63.67194, 53.26503],
          [63.67245, 53.26527]
        ]
      }
    },
    {
      "type": "Feature",
      "properties": { "district": null, "kind": "minor" },
      "geometry": {
        "type": "LineString",
        "coordinates": [
          [63.67245, 53.26527],
          [63.67431, 53.26616],
          [63.67706, 53.26747],
          [63.6772, 53.2676],
          [63.67726, 53.26779],
          [63.67715, 53.26795],
          [63.67487, 53.26965]
        ]
      }
    },
    {
      "type": "Feature",
      "properties": { "district": "uzkaya-koleya", "kind": "minor" },
      "geometry": {
        "type": "LineString",
        "coordinates": [
          [63.66402, 53.27289],
          [63.66455, 53.27245],
          [63.66468, 53.2723],
          [63.66473, 53.27219],
          [63.66473, 53.27204],
          [63.66464, 53.27191],
          [63.66441, 53.27181],
          [63.66223, 53.27117],
          [63.66098, 53.2705],
          [63.661, 53.27027],
          [63.66589, 53.26747],
          [63.66605, 53.26722]
        ]
      }
    },
    {
      "type": "Feature",
      "properties": { "district": "uzkaya-koleya", "kind": "minor" },
      "geometry": {
        "type": "LineString",
        "coordinates": [
          [63.65965, 53.26379],
          [63.65709, 53.2653],
          [63.65642, 53.26569],
          [63.65603, 53.26592],
          [63.65523, 53.26639]
        ]
      }
    },
    {
      "type": "Feature",
      "properties": { "district": "uzkaya-koleya", "kind": "minor" },
      "geometry": {
        "type": "LineString",
        "coordinates": [
          [63.65961, 53.26367],
          [63.65965, 53.26379],
          [63.66043, 53.26426],
          [63.66139, 53.2648]
        ]
      }
    },
    {
      "type": "Feature",
      "properties": { "district": "uzkaya-koleya", "kind": "minor" },
      "geometry": {
        "type": "LineString",
        "coordinates": [
          [63.66043, 53.26426],
          [63.65786, 53.26577],
          [63.65642, 53.26662],
          [63.65634, 53.26674],
          [63.65595, 53.26699]
        ]
      }
    },
    {
      "type": "Feature",
      "properties": { "district": "uzkaya-koleya", "kind": "minor" },
      "geometry": {
        "type": "LineString",
        "coordinates": [
          [63.65001, 53.26088],
          [63.65029, 53.26071],
          [63.65137, 53.26008],
          [63.65161, 53.25994],
          [63.65199, 53.25972],
          [63.6525, 53.25943],
          [63.65347, 53.25887]
        ]
      }
    },
    {
      "type": "Feature",
      "properties": { "district": "center", "kind": "minor" },
      "geometry": {
        "type": "LineString",
        "coordinates": [
          [63.60517, 53.21381],
          [63.60528, 53.21384],
          [63.60559, 53.21401],
          [63.60578, 53.2141],
          [63.60596, 53.21417],
          [63.60735, 53.21522],
          [63.60876, 53.21619],
          [63.60912, 53.21648],
          [63.60922, 53.21661]
        ]
      }
    },
    {
      "type": "Feature",
      "properties": { "district": "kostanay-2", "kind": "minor" },
      "geometry": {
        "type": "LineString",
        "coordinates": [
          [63.58733, 53.24229],
          [63.58718, 53.24223],
          [63.58431, 53.2409],
          [63.58305, 53.24039],
          [63.58174, 53.23983],
          [63.58137, 53.23967],
          [63.58078, 53.23943],
          [63.57938, 53.23884],
          [63.57835, 53.23839],
          [63.57744, 53.23799],
          [63.57728, 53.23791],
          [63.57459, 53.23649],
          [63.57381, 53.23608],
          [63.572, 53.23513],
          [63.57104, 53.23462],
          [63.57031, 53.23423]
        ]
      }
    },
    {
      "type": "Feature",
      "properties": { "district": "zapadny", "kind": "minor" },
      "geometry": {
        "type": "LineString",
        "coordinates": [
          [63.60501, 53.20429],
          [63.60544, 53.2043],
          [63.60553, 53.20425],
          [63.60573, 53.20415],
          [63.60581, 53.20412],
          [63.60656, 53.20376],
          [63.60724, 53.20341],
          [63.60739, 53.20334],
          [63.60833, 53.20286],
          [63.60929, 53.20237],
          [63.60978, 53.2021],
          [63.60984, 53.20207],
          [63.60996, 53.20202]
        ]
      }
    },
    {
      "type": "Feature",
      "properties": { "district": "narimanovka", "kind": "minor" },
      "geometry": {
        "type": "LineString",
        "coordinates": [
          [63.63771, 53.20479],
          [63.63721, 53.20486],
          [63.63601, 53.20548]
        ]
      }
    },
    {
      "type": "Feature",
      "properties": { "district": "narimanovka", "kind": "minor" },
      "geometry": {
        "type": "LineString",
        "coordinates": [
          [63.64136, 53.20413],
          [63.64186, 53.20399],
          [63.64255, 53.20372],
          [63.64369, 53.20334],
          [63.64371, 53.20333],
          [63.64382, 53.2033],
          [63.64388, 53.20326],
          [63.64492, 53.20264],
          [63.64497, 53.20261],
          [63.64571, 53.2022]
        ]
      }
    },
    {
      "type": "Feature",
      "properties": { "district": "perevalovka", "kind": "minor" },
      "geometry": {
        "type": "LineString",
        "coordinates": [
          [63.66855, 53.22603],
          [63.66757, 53.22667],
          [63.66753, 53.2267]
        ]
      }
    },
    {
      "type": "Feature",
      "properties": { "district": "perevalovka", "kind": "minor" },
      "geometry": {
        "type": "LineString",
        "coordinates": [
          [63.65775, 53.22451],
          [63.65837, 53.22423],
          [63.65861, 53.22401],
          [63.65891, 53.22385],
          [63.65894, 53.22383],
          [63.65916, 53.22371]
        ]
      }
    },
    {
      "type": "Feature",
      "properties": { "district": "kostanay-2", "kind": "minor" },
      "geometry": {
        "type": "LineString",
        "coordinates": [
          [63.59299, 53.22285],
          [63.59322, 53.22278],
          [63.5937, 53.22262],
          [63.59404, 53.22264],
          [63.59708, 53.22343]
        ]
      }
    },
    {
      "type": "Feature",
      "properties": { "district": "kostanay-2", "kind": "minor" },
      "geometry": {
        "type": "LineString",
        "coordinates": [
          [63.59308, 53.22197],
          [63.59254, 53.22198],
          [63.59249, 53.22204],
          [63.59, 53.22216],
          [63.58919, 53.22214]
        ]
      }
    },
    {
      "type": "Feature",
      "properties": { "district": null, "kind": "minor" },
      "geometry": {
        "type": "LineString",
        "coordinates": [
          [63.62397, 53.16139],
          [63.62382, 53.16102],
          [63.62379, 53.16085],
          [63.62376, 53.16068],
          [63.62364, 53.16034],
          [63.62362, 53.16029],
          [63.62356, 53.16022],
          [63.62339, 53.16009],
          [63.62318, 53.15985],
          [63.62302, 53.15957],
          [63.62292, 53.15927],
          [63.62298, 53.15917],
          [63.62342, 53.15883]
        ]
      }
    },
    {
      "type": "Feature",
      "properties": { "district": "zapadny", "kind": "minor" },
      "geometry": {
        "type": "LineString",
        "coordinates": [
          [63.60145, 53.19361],
          [63.60217, 53.19356],
          [63.6022, 53.19376]
        ]
      }
    },
    {
      "type": "Feature",
      "properties": { "district": "dostyk", "kind": "minor" },
      "geometry": {
        "type": "LineString",
        "coordinates": [
          [63.55449, 53.15296],
          [63.54848, 53.15297],
          [63.54824, 53.15298],
          [63.54806, 53.15298],
          [63.5479, 53.15299],
          [63.54751, 53.15277],
          [63.54514, 53.15236],
          [63.54178, 53.15182],
          [63.5416, 53.15177],
          [63.54127, 53.15174],
          [63.53953, 53.15186],
          [63.53761, 53.15208],
          [63.53627, 53.15233]
        ]
      }
    },
    {
      "type": "Feature",
      "properties": { "district": "dostyk", "kind": "minor" },
      "geometry": {
        "type": "LineString",
        "coordinates": [
          [63.55336, 53.15413],
          [63.54799, 53.15417],
          [63.54616, 53.15419],
          [63.54461, 53.1542],
          [63.54275, 53.1542],
          [63.54225, 53.1548],
          [63.5422, 53.15483],
          [63.54212, 53.15484],
          [63.54153, 53.15482],
          [63.54122, 53.15486],
          [63.53988, 53.15484]
        ]
      }
    },
    {
      "type": "Feature",
      "properties": { "district": "dostyk", "kind": "minor" },
      "geometry": {
        "type": "LineString",
        "coordinates": [
          [63.54956, 53.15823],
          [63.5478, 53.15763],
          [63.5456, 53.15684],
          [63.54538, 53.15673],
          [63.54463, 53.15637],
          [63.54391, 53.15605],
          [63.54216, 53.15531],
          [63.54122, 53.15486]
        ]
      }
    },
    {
      "type": "Feature",
      "properties": { "district": "dostyk", "kind": "minor" },
      "geometry": {
        "type": "LineString",
        "coordinates": [
          [63.55165, 53.15599],
          [63.55071, 53.15568],
          [63.54927, 53.15518],
          [63.54906, 53.1551],
          [63.5489, 53.15505],
          [63.54783, 53.15464]
        ]
      }
    },
    {
      "type": "Feature",
      "properties": { "district": "dostyk", "kind": "minor" },
      "geometry": {
        "type": "LineString",
        "coordinates": [
          [63.54068, 53.15357],
          [63.54052, 53.15356],
          [63.54025, 53.15355]
        ]
      }
    },
    {
      "type": "Feature",
      "properties": { "district": "dostyk", "kind": "minor" },
      "geometry": {
        "type": "LineString",
        "coordinates": [
          [63.54906, 53.1551],
          [63.54798, 53.15532],
          [63.54742, 53.15565],
          [63.54705, 53.15595]
        ]
      }
    },
    {
      "type": "Feature",
      "properties": { "district": "dostyk", "kind": "minor" },
      "geometry": {
        "type": "LineString",
        "coordinates": [
          [63.54275, 53.1542],
          [63.54254, 53.15419],
          [63.54192, 53.1541],
          [63.54117, 53.15406],
          [63.54039, 53.15403]
        ]
      }
    },
    {
      "type": "Feature",
      "properties": { "district": "dostyk", "kind": "minor" },
      "geometry": {
        "type": "LineString",
        "coordinates": [
          [63.54806, 53.15298],
          [63.54804, 53.15353],
          [63.54799, 53.15417],
          [63.54787, 53.15456],
          [63.54783, 53.15464],
          [63.54775, 53.15472],
          [63.54675, 53.15556],
          [63.54668, 53.15568],
          [63.54664, 53.1558],
          [63.54655, 53.1559],
          [63.5456, 53.15684],
          [63.54517, 53.15728],
          [63.54463, 53.15786],
          [63.54423, 53.15826]
        ]
      }
    },
    {
      "type": "Feature",
      "properties": { "district": "dostyk", "kind": "minor" },
      "geometry": {
        "type": "LineString",
        "coordinates": [
          [63.54557, 53.15992],
          [63.54152, 53.15923],
          [63.54124, 53.15919],
          [63.54111, 53.15918],
          [63.53642, 53.15915]
        ]
      }
    },
    {
      "type": "Feature",
      "properties": { "district": "dostyk", "kind": "minor" },
      "geometry": {
        "type": "LineString",
        "coordinates": [
          [63.53642, 53.16031],
          [63.53642, 53.15954],
          [63.53642, 53.15915],
          [63.53641, 53.15803],
          [63.53641, 53.15668],
          [63.53641, 53.15613]
        ]
      }
    },
    {
      "type": "Feature",
      "properties": { "district": "dostyk", "kind": "minor" },
      "geometry": {
        "type": "LineString",
        "coordinates": [
          [63.54253, 53.15072],
          [63.54178, 53.15182],
          [63.54174, 53.15191],
          [63.54123, 53.1527],
          [63.54068, 53.15357],
          [63.54039, 53.15403],
          [63.53988, 53.15484]
        ]
      }
    },
    {
      "type": "Feature",
      "properties": { "district": "dostyk", "kind": "minor" },
      "geometry": {
        "type": "LineString",
        "coordinates": [
          [63.53767, 53.15283],
          [63.54018, 53.15273],
          [63.54105, 53.1527],
          [63.54123, 53.1527],
          [63.54232, 53.15289],
          [63.54264, 53.15291],
          [63.5429, 53.15292],
          [63.54321, 53.15294]
        ]
      }
    },
    {
      "type": "Feature",
      "properties": { "district": "dostyk", "kind": "minor" },
      "geometry": {
        "type": "LineString",
        "coordinates": [
          [63.54641, 53.15906],
          [63.54423, 53.15826],
          [63.54396, 53.15815],
          [63.5436, 53.15808],
          [63.54286, 53.15796],
          [63.54255, 53.15791],
          [63.54216, 53.15787],
          [63.54188, 53.15785],
          [63.54163, 53.15787],
          [63.54111, 53.15797],
          [63.541, 53.15799],
          [63.54055, 53.15807],
          [63.53849, 53.15806],
          [63.53641, 53.15803]
        ]
      }
    },
    {
      "type": "Feature",
      "properties": { "district": "dostyk", "kind": "minor" },
      "geometry": {
        "type": "LineString",
        "coordinates": [
          [63.55449, 53.15296],
          [63.55388, 53.15362],
          [63.55336, 53.15413],
          [63.55165, 53.15599],
          [63.55058, 53.15713],
          [63.54956, 53.15823],
          [63.54909, 53.15871],
          [63.54653, 53.1614],
          [63.54597, 53.162]
        ]
      }
    },
    {
      "type": "Feature",
      "properties": { "district": "zapadny", "kind": "minor" },
      "geometry": {
        "type": "LineString",
        "coordinates": [
          [63.60021, 53.20692],
          [63.60006, 53.20629],
          [63.59989, 53.20554],
          [63.59972, 53.20478],
          [63.59957, 53.20415],
          [63.59954, 53.20398],
          [63.5994, 53.20337],
          [63.59924, 53.20267]
        ]
      }
    },
    {
      "type": "Feature",
      "properties": { "district": "zapadny", "kind": "minor" },
      "geometry": {
        "type": "LineString",
        "coordinates": [
          [63.60487, 53.20371],
          [63.60224, 53.20393],
          [63.59957, 53.20415],
          [63.59724, 53.20434],
          [63.59695, 53.20436]
        ]
      }
    },
    {
      "type": "Feature",
      "properties": { "district": null, "kind": "minor" },
      "geometry": {
        "type": "LineString",
        "coordinates": [
          [63.71415, 53.20507],
          [63.71399, 53.20512],
          [63.71347, 53.20526],
          [63.71298, 53.20539],
          [63.71274, 53.20546],
          [63.71184, 53.20572],
          [63.71106, 53.20593],
          [63.71099, 53.20596],
          [63.70982, 53.20628],
          [63.70916, 53.20647],
          [63.70864, 53.20662],
          [63.70758, 53.2069],
          [63.70681, 53.2071],
          [63.70667, 53.20714],
          [63.70605, 53.2073],
          [63.70583, 53.20736]
        ]
      }
    },
    {
      "type": "Feature",
      "properties": { "district": null, "kind": "minor" },
      "geometry": {
        "type": "LineString",
        "coordinates": [
          [63.69551, 53.21003],
          [63.69517, 53.21011],
          [63.69466, 53.21024],
          [63.69416, 53.21037],
          [63.69399, 53.21043],
          [63.69377, 53.21046],
          [63.69356, 53.21048],
          [63.69348, 53.21048],
          [63.69107, 53.2105],
          [63.69098, 53.21051],
          [63.69005, 53.21053],
          [63.68955, 53.21056],
          [63.68835, 53.21063]
        ]
      }
    },
    {
      "type": "Feature",
      "properties": { "district": null, "kind": "minor" },
      "geometry": {
        "type": "LineString",
        "coordinates": [
          [63.70583, 53.20736],
          [63.7056, 53.20742],
          [63.7047, 53.20765],
          [63.70352, 53.20795],
          [63.70234, 53.20826],
          [63.70204, 53.20833],
          [63.70117, 53.20856],
          [63.70102, 53.2086],
          [63.70013, 53.20882],
          [63.69865, 53.20921],
          [63.69683, 53.20968],
          [63.69612, 53.20987],
          [63.69567, 53.20999],
          [63.69551, 53.21003]
        ]
      }
    },
    {
      "type": "Feature",
      "properties": { "district": null, "kind": "minor" },
      "geometry": {
        "type": "LineString",
        "coordinates": [
          [63.68835, 53.21063],
          [63.68819, 53.21064],
          [63.68441, 53.21086]
        ]
      }
    },
    {
      "type": "Feature",
      "properties": { "district": null, "kind": "minor" },
      "geometry": {
        "type": "LineString",
        "coordinates": [
          [63.69568, 53.21655],
          [63.69883, 53.21662],
          [63.69987, 53.21668],
          [63.70154, 53.21677],
          [63.70167, 53.21678],
          [63.70228, 53.21682],
          [63.70307, 53.21687]
        ]
      }
    },
    {
      "type": "Feature",
      "properties": { "district": null, "kind": "minor" },
      "geometry": {
        "type": "LineString",
        "coordinates": [
          [63.68945, 53.21539],
          [63.69197, 53.21531],
          [63.69553, 53.21507],
          [63.69616, 53.21504],
          [63.69799, 53.21497]
        ]
      }
    },
    {
      "type": "Feature",
      "properties": { "district": null, "kind": "minor" },
      "geometry": {
        "type": "LineString",
        "coordinates": [
          [63.71167, 53.20286],
          [63.70953, 53.20353],
          [63.7089, 53.20373],
          [63.70808, 53.204]
        ]
      }
    },
    {
      "type": "Feature",
      "properties": { "district": null, "kind": "minor" },
      "geometry": {
        "type": "LineString",
        "coordinates": [
          [63.70452, 53.20488],
          [63.70295, 53.20523],
          [63.70203, 53.20544],
          [63.70111, 53.20564],
          [63.69997, 53.20589],
          [63.6997, 53.20595]
        ]
      }
    },
    {
      "type": "Feature",
      "properties": { "district": null, "kind": "minor" },
      "geometry": {
        "type": "LineString",
        "coordinates": [
          [63.6997, 53.20595],
          [63.69806, 53.20629],
          [63.69695, 53.20652],
          [63.69483, 53.20697],
          [63.69414, 53.20711],
          [63.69178, 53.20764],
          [63.69161, 53.20768],
          [63.68993, 53.20793],
          [63.68806, 53.20821]
        ]
      }
    },
    {
      "type": "Feature",
      "properties": { "district": null, "kind": "minor" },
      "geometry": {
        "type": "LineString",
        "coordinates": [
          [63.71783, 53.20779],
          [63.71775, 53.20774],
          [63.71688, 53.20709],
          [63.71672, 53.20698],
          [63.71665, 53.20693],
          [63.7164, 53.20674],
          [63.716, 53.20644],
          [63.71569, 53.20621],
          [63.71466, 53.20544],
          [63.71425, 53.20514],
          [63.71415, 53.20507]
        ]
      }
    },
    {
      "type": "Feature",
      "properties": { "district": null, "kind": "minor" },
      "geometry": {
        "type": "LineString",
        "coordinates": [
          [63.70639, 53.2122],
          [63.70437, 53.21098],
          [63.70399, 53.21074],
          [63.70331, 53.21028],
          [63.70239, 53.20962],
          [63.70172, 53.20918],
          [63.70149, 53.20903],
          [63.70102, 53.2086]
        ]
      }
    },
    {
      "type": "Feature",
      "properties": { "district": null, "kind": "major" },
      "geometry": {
        "type": "LineString",
        "coordinates": [
          [63.72089, 53.21601],
          [63.71946, 53.21659],
          [63.71904, 53.21672],
          [63.71778, 53.2172],
          [63.71689, 53.2176],
          [63.71543, 53.21819],
          [63.71399, 53.21875],
          [63.71388, 53.21879],
          [63.71279, 53.21923],
          [63.7115, 53.21976],
          [63.71041, 53.22018],
          [63.70895, 53.22078],
          [63.70855, 53.22094],
          [63.70801, 53.22116]
        ]
      }
    },
    {
      "type": "Feature",
      "properties": { "district": null, "kind": "minor" },
      "geometry": {
        "type": "LineString",
        "coordinates": [
          [63.70057, 53.19883],
          [63.69939, 53.19701]
        ]
      }
    },
    {
      "type": "Feature",
      "properties": { "district": null, "kind": "minor" },
      "geometry": {
        "type": "LineString",
        "coordinates": [
          [63.70583, 53.20736],
          [63.70506, 53.20612],
          [63.70498, 53.20597],
          [63.70478, 53.20552],
          [63.70452, 53.20488],
          [63.7042, 53.20436],
          [63.70391, 53.20385],
          [63.70362, 53.20342],
          [63.70333, 53.20299],
          [63.7033, 53.20293],
          [63.70313, 53.20267],
          [63.70272, 53.20206],
          [63.70269, 53.20202],
          [63.70255, 53.20182],
          [63.70242, 53.20163],
          [63.70218, 53.20129],
          [63.70198, 53.201],
          [63.70168, 53.20056],
          [63.7016, 53.20045],
          [63.70073, 53.1993],
          [63.70064, 53.19917],
          [63.70041, 53.19887]
        ]
      }
    },
    {
      "type": "Feature",
      "properties": { "district": null, "kind": "minor" },
      "geometry": {
        "type": "LineString",
        "coordinates": [
          [63.69842, 53.19934],
          [63.69819, 53.19934],
          [63.69799, 53.19929],
          [63.69782, 53.19919],
          [63.6975, 53.19884],
          [63.69543, 53.19556],
          [63.69525, 53.19515],
          [63.69514, 53.19486]
        ]
      }
    },
    {
      "type": "Feature",
      "properties": { "district": null, "kind": "minor" },
      "geometry": {
        "type": "LineString",
        "coordinates": [
          [63.71167, 53.20286],
          [63.71018, 53.20153],
          [63.70978, 53.20118],
          [63.70975, 53.20115],
          [63.7092, 53.20067],
          [63.70885, 53.20035],
          [63.70835, 53.19991],
          [63.70718, 53.19888]
        ]
      }
    },
    {
      "type": "Feature",
      "properties": { "district": null, "kind": "minor" },
      "geometry": {
        "type": "LineString",
        "coordinates": [
          [63.69799, 53.21497],
          [63.69883, 53.21662]
        ]
      }
    },
    {
      "type": "Feature",
      "properties": { "district": null, "kind": "minor" },
      "geometry": {
        "type": "LineString",
        "coordinates": [
          [63.69551, 53.21003],
          [63.69625, 53.2114],
          [63.69729, 53.21356],
          [63.69735, 53.21368],
          [63.69762, 53.21421],
          [63.69796, 53.21491],
          [63.69799, 53.21497]
        ]
      }
    },
    {
      "type": "Feature",
      "properties": { "district": null, "kind": "minor" },
      "geometry": {
        "type": "LineString",
        "coordinates": [
          [63.68945, 53.21539],
          [63.68979, 53.21717]
        ]
      }
    },
    {
      "type": "Feature",
      "properties": { "district": null, "kind": "minor" },
      "geometry": {
        "type": "LineString",
        "coordinates": [
          [63.68373, 53.19683],
          [63.68375, 53.19689],
          [63.68378, 53.19694],
          [63.68422, 53.19797],
          [63.68455, 53.19885],
          [63.68563, 53.20173],
          [63.68603, 53.20263],
          [63.68607, 53.2027],
          [63.68712, 53.20504],
          [63.68772, 53.20667],
          [63.68773, 53.2067],
          [63.68806, 53.20821],
          [63.68806, 53.20827],
          [63.68815, 53.20899],
          [63.68831, 53.21033],
          [63.68835, 53.21063]
        ]
      }
    },
    {
      "type": "Feature",
      "properties": { "district": null, "kind": "minor" },
      "geometry": {
        "type": "LineString",
        "coordinates": [
          [63.70414, 53.19546],
          [63.70422, 53.19532],
          [63.70404, 53.19513]
        ]
      }
    },
    {
      "type": "Feature",
      "properties": { "district": null, "kind": "minor" },
      "geometry": {
        "type": "LineString",
        "coordinates": [
          [63.71162, 53.20965],
          [63.71542, 53.21182],
          [63.71583, 53.21206],
          [63.71804, 53.2133],
          [63.72199, 53.21557]
        ]
      }
    },
    {
      "type": "Feature",
      "properties": { "district": null, "kind": "minor" },
      "geometry": {
        "type": "LineString",
        "coordinates": [
          [63.71579, 53.21098],
          [63.71287, 53.20927]
        ]
      }
    },
    {
      "type": "Feature",
      "properties": { "district": null, "kind": "minor" },
      "geometry": {
        "type": "LineString",
        "coordinates": [
          [63.7167, 53.21035],
          [63.71415, 53.20889]
        ]
      }
    },
    {
      "type": "Feature",
      "properties": { "district": null, "kind": "minor" },
      "geometry": {
        "type": "LineString",
        "coordinates": [
          [63.71749, 53.20975],
          [63.71538, 53.20853]
        ]
      }
    },
    {
      "type": "Feature",
      "properties": { "district": null, "kind": "minor" },
      "geometry": {
        "type": "LineString",
        "coordinates": [
          [63.71828, 53.2092],
          [63.71657, 53.20817]
        ]
      }
    },
    {
      "type": "Feature",
      "properties": { "district": null, "kind": "minor" },
      "geometry": {
        "type": "LineString",
        "coordinates": [
          [63.71828, 53.2092],
          [63.71871, 53.20877],
          [63.71854, 53.20831]
        ]
      }
    },
    {
      "type": "Feature",
      "properties": { "district": null, "kind": "minor" },
      "geometry": {
        "type": "LineString",
        "coordinates": [
          [63.71679, 53.2116],
          [63.71893, 53.21276],
          [63.72313, 53.2151]
        ]
      }
    },
    {
      "type": "Feature",
      "properties": { "district": null, "kind": "minor" },
      "geometry": {
        "type": "LineString",
        "coordinates": [
          [63.71785, 53.21117],
          [63.71979, 53.2122],
          [63.72391, 53.21455],
          [63.72414, 53.21469]
        ]
      }
    },
    {
      "type": "Feature",
      "properties": { "district": null, "kind": "minor" },
      "geometry": {
        "type": "LineString",
        "coordinates": [
          [63.719, 53.2107],
          [63.72065, 53.21167],
          [63.72482, 53.2141],
          [63.72513, 53.21428]
        ]
      }
    },
    {
      "type": "Feature",
      "properties": { "district": null, "kind": "major" },
      "geometry": {
        "type": "LineString",
        "coordinates": [
          [63.70801, 53.22116],
          [63.70717, 53.22149]
        ]
      }
    },
    {
      "type": "Feature",
      "properties": { "district": null, "kind": "major" },
      "geometry": {
        "type": "LineString",
        "coordinates": [
          [63.70717, 53.22149],
          [63.70477, 53.22239],
          [63.70451, 53.22247],
          [63.70347, 53.22281],
          [63.70241, 53.22315],
          [63.70132, 53.22347],
          [63.7002, 53.22379],
          [63.69813, 53.22439],
          [63.69489, 53.22534],
          [63.69334, 53.22578],
          [63.69198, 53.22607],
          [63.68877, 53.22674],
          [63.6878, 53.22695],
          [63.68729, 53.22707],
          [63.68696, 53.22715],
          [63.6866, 53.22726]
        ]
      }
    },
    {
      "type": "Feature",
      "properties": { "district": null, "kind": "minor" },
      "geometry": {
        "type": "LineString",
        "coordinates": [
          [63.70858, 53.21873],
          [63.70918, 53.21838],
          [63.71025, 53.21774],
          [63.7114, 53.21711],
          [63.71276, 53.2164],
          [63.713, 53.21628],
          [63.71361, 53.21594],
          [63.71374, 53.21587],
          [63.71491, 53.21524],
          [63.71592, 53.21467],
          [63.71714, 53.21389]
        ]
      }
    },
    {
      "type": "Feature",
      "properties": { "district": null, "kind": "minor" },
      "geometry": {
        "type": "LineString",
        "coordinates": [
          [63.70831, 53.21115],
          [63.71104, 53.21289]
        ]
      }
    },
    {
      "type": "Feature",
      "properties": { "district": null, "kind": "minor" },
      "geometry": {
        "type": "LineString",
        "coordinates": [
          [63.7094, 53.21053],
          [63.71364, 53.21324]
        ]
      }
    },
    {
      "type": "Feature",
      "properties": { "district": null, "kind": "minor" },
      "geometry": {
        "type": "LineString",
        "coordinates": [
          [63.71929, 53.20375],
          [63.71936, 53.20386],
          [63.71943, 53.20396],
          [63.71956, 53.20416],
          [63.72031, 53.20531],
          [63.72054, 53.20583],
          [63.72166, 53.20663],
          [63.72196, 53.20689]
        ]
      }
    },
    {
      "type": "Feature",
      "properties": { "district": null, "kind": "minor" },
      "geometry": {
        "type": "LineString",
        "coordinates": [
          [63.71137, 53.21431],
          [63.71374, 53.21587],
          [63.71619, 53.21758]
        ]
      }
    },
    {
      "type": "Feature",
      "properties": { "district": null, "kind": "minor" },
      "geometry": {
        "type": "LineString",
        "coordinates": [
          [63.7068, 53.21195],
          [63.7079, 53.21247],
          [63.7086, 53.21282],
          [63.70903, 53.21312]
        ]
      }
    },
    {
      "type": "Feature",
      "properties": { "district": null, "kind": "minor" },
      "geometry": {
        "type": "LineString",
        "coordinates": [
          [63.71407, 53.21353],
          [63.71592, 53.21467],
          [63.71904, 53.21672]
        ]
      }
    },
    {
      "type": "Feature",
      "properties": { "district": null, "kind": "minor" },
      "geometry": {
        "type": "LineString",
        "coordinates": [
          [63.7079, 53.21247],
          [63.70831, 53.21227],
          [63.70924, 53.21285],
          [63.7098, 53.21322],
          [63.71007, 53.2134],
          [63.71105, 53.21403]
        ]
      }
    },
    {
      "type": "Feature",
      "properties": { "district": null, "kind": "minor" },
      "geometry": {
        "type": "LineString",
        "coordinates": [
          [63.7166, 53.2044],
          [63.7167, 53.20447],
          [63.72011, 53.20684],
          [63.72039, 53.20701]
        ]
      }
    },
    {
      "type": "Feature",
      "properties": { "district": null, "kind": "minor" },
      "geometry": {
        "type": "LineString",
        "coordinates": [
          [63.71267, 53.2138],
          [63.71491, 53.21524],
          [63.71756, 53.21705],
          [63.71778, 53.2172]
        ]
      }
    },
    {
      "type": "Feature",
      "properties": { "district": null, "kind": "minor" },
      "geometry": {
        "type": "LineString",
        "coordinates": [
          [63.71783, 53.20779],
          [63.71921, 53.20736],
          [63.72039, 53.20701],
          [63.72166, 53.20663],
          [63.72287, 53.20627],
          [63.72342, 53.2061],
          [63.72494, 53.2057],
          [63.7268, 53.20529]
        ]
      }
    },
    {
      "type": "Feature",
      "properties": { "district": null, "kind": "minor" },
      "geometry": {
        "type": "LineString",
        "coordinates": [
          [63.70117, 53.20856],
          [63.70094, 53.20804],
          [63.70055, 53.20718],
          [63.69997, 53.20589]
        ]
      }
    },
    {
      "type": "Feature",
      "properties": { "district": null, "kind": "minor" },
      "geometry": {
        "type": "LineString",
        "coordinates": [
          [63.69806, 53.20629],
          [63.69706, 53.2052],
          [63.69567, 53.204],
          [63.69477, 53.20303],
          [63.69374, 53.20148],
          [63.69267, 53.19995],
          [63.6917, 53.19865],
          [63.69168, 53.19861],
          [63.69145, 53.19827],
          [63.68986, 53.19592],
          [63.68973, 53.19573],
          [63.68952, 53.19542]
        ]
      }
    },
    {
      "type": "Feature",
      "properties": { "district": null, "kind": "minor" },
      "geometry": {
        "type": "LineString",
        "coordinates": [
          [63.6997, 53.20595],
          [63.69862, 53.20488],
          [63.69857, 53.20483],
          [63.69765, 53.2039],
          [63.69582, 53.20204],
          [63.6952, 53.20118],
          [63.69517, 53.20114],
          [63.69407, 53.19963]
        ]
      }
    },
    {
      "type": "Feature",
      "properties": { "district": null, "kind": "minor" },
      "geometry": {
        "type": "LineString",
        "coordinates": [
          [63.69842, 53.19934],
          [63.69879, 53.19925],
          [63.69967, 53.19904],
          [63.70041, 53.19887],
          [63.70057, 53.19883],
          [63.70092, 53.19874],
          [63.70149, 53.19861],
          [63.7023, 53.19842],
          [63.70318, 53.19821],
          [63.7037, 53.19809],
          [63.70429, 53.19795],
          [63.70509, 53.19776],
          [63.70586, 53.19758],
          [63.70651, 53.19743],
          [63.70694, 53.19733],
          [63.70737, 53.19726],
          [63.70781, 53.19725],
          [63.70818, 53.19732],
          [63.70868, 53.19752]
        ]
      }
    },
    {
      "type": "Feature",
      "properties": { "district": null, "kind": "minor" },
      "geometry": {
        "type": "LineString",
        "coordinates": [
          [63.68607, 53.2027],
          [63.68745, 53.20247],
          [63.6886, 53.20229],
          [63.69065, 53.20195]
        ]
      }
    },
    {
      "type": "Feature",
      "properties": { "district": null, "kind": "minor" },
      "geometry": {
        "type": "LineString",
        "coordinates": [
          [63.6952, 53.20118],
          [63.69655, 53.20081]
        ]
      }
    },
    {
      "type": "Feature",
      "properties": { "district": null, "kind": "minor" },
      "geometry": {
        "type": "LineString",
        "coordinates": [
          [63.70975, 53.20115],
          [63.70821, 53.20152],
          [63.70792, 53.20159],
          [63.70656, 53.20192],
          [63.70643, 53.20194]
        ]
      }
    },
    {
      "type": "Feature",
      "properties": { "district": null, "kind": "minor" },
      "geometry": {
        "type": "LineString",
        "coordinates": [
          [63.70414, 53.19546],
          [63.70395, 53.19584]
        ]
      }
    },
    {
      "type": "Feature",
      "properties": { "district": null, "kind": "minor" },
      "geometry": {
        "type": "LineString",
        "coordinates": [
          [63.68422, 53.2029],
          [63.68471, 53.20283],
          [63.68591, 53.20265],
          [63.68603, 53.20263]
        ]
      }
    },
    {
      "type": "Feature",
      "properties": { "district": null, "kind": "minor" },
      "geometry": {
        "type": "LineString",
        "coordinates": [
          [63.69787, 53.19487],
          [63.69805, 53.1953],
          [63.69802, 53.19543],
          [63.69789, 53.19559],
          [63.69795, 53.19579],
          [63.69802, 53.19601],
          [63.69798, 53.19624],
          [63.698, 53.19647],
          [63.69878, 53.19764],
          [63.69967, 53.19904]
        ]
      }
    },
    {
      "type": "Feature",
      "properties": { "district": null, "kind": "minor" },
      "geometry": {
        "type": "LineString",
        "coordinates": [
          [63.69665, 53.20094],
          [63.69805, 53.20055]
        ]
      }
    },
    {
      "type": "Feature",
      "properties": { "district": null, "kind": "minor" },
      "geometry": {
        "type": "LineString",
        "coordinates": [
          [63.70483, 53.19602],
          [63.70586, 53.19758]
        ]
      }
    },
    {
      "type": "Feature",
      "properties": { "district": null, "kind": "minor" },
      "geometry": {
        "type": "LineString",
        "coordinates": [
          [63.69553, 53.19485],
          [63.69605, 53.1951],
          [63.69628, 53.19533],
          [63.69786, 53.19788],
          [63.69879, 53.19925]
        ]
      }
    },
    {
      "type": "Feature",
      "properties": { "district": null, "kind": "minor" },
      "geometry": {
        "type": "LineString",
        "coordinates": [
          [63.6907, 53.20202],
          [63.69216, 53.20178],
          [63.69307, 53.20163],
          [63.69374, 53.20148],
          [63.69517, 53.20114]
        ]
      }
    },
    {
      "type": "Feature",
      "properties": { "district": null, "kind": "minor" },
      "geometry": {
        "type": "LineString",
        "coordinates": [
          [63.70112, 53.19657],
          [63.7023, 53.19842],
          [63.70301, 53.19947]
        ]
      }
    },
    {
      "type": "Feature",
      "properties": { "district": null, "kind": "minor" },
      "geometry": {
        "type": "LineString",
        "coordinates": [
          [63.70219, 53.19654],
          [63.70248, 53.19654],
          [63.70267, 53.19652],
          [63.70326, 53.19637]
        ]
      }
    },
    {
      "type": "Feature",
      "properties": { "district": null, "kind": "minor" },
      "geometry": {
        "type": "LineString",
        "coordinates": [
          [63.70199, 53.1964],
          [63.70205, 53.1964],
          [63.70209, 53.19643],
          [63.70219, 53.19654],
          [63.7022, 53.19657],
          [63.70218, 53.19662],
          [63.70219, 53.19667],
          [63.70222, 53.19672],
          [63.70318, 53.19821]
        ]
      }
    },
    {
      "type": "Feature",
      "properties": { "district": null, "kind": "minor" },
      "geometry": {
        "type": "LineString",
        "coordinates": [
          [63.69672, 53.19902],
          [63.69805, 53.20055],
          [63.69864, 53.20124]
        ]
      }
    },
    {
      "type": "Feature",
      "properties": { "district": null, "kind": "minor" },
      "geometry": {
        "type": "LineString",
        "coordinates": [
          [63.70168, 53.20056],
          [63.70184, 53.20051],
          [63.70199, 53.20047],
          [63.70258, 53.20032]
        ]
      }
    },
    {
      "type": "Feature",
      "properties": { "district": null, "kind": "minor" },
      "geometry": {
        "type": "LineString",
        "coordinates": [
          [63.70848, 53.20312],
          [63.70945, 53.20286]
        ]
      }
    },
    {
      "type": "Feature",
      "properties": { "district": null, "kind": "minor" },
      "geometry": {
        "type": "LineString",
        "coordinates": [
          [63.70319, 53.19573],
          [63.70313, 53.19604],
          [63.70326, 53.19637],
          [63.70429, 53.19795]
        ]
      }
    },
    {
      "type": "Feature",
      "properties": { "district": null, "kind": "minor" },
      "geometry": {
        "type": "LineString",
        "coordinates": [
          [63.69542, 53.19932],
          [63.69655, 53.20081],
          [63.69665, 53.20094],
          [63.69736, 53.20187]
        ]
      }
    },
    {
      "type": "Feature",
      "properties": { "district": null, "kind": "minor" },
      "geometry": {
        "type": "LineString",
        "coordinates": [
          [63.70643, 53.20194],
          [63.70688, 53.20252],
          [63.70715, 53.20285],
          [63.70808, 53.204]
        ]
      }
    },
    {
      "type": "Feature",
      "properties": { "district": null, "kind": "minor" },
      "geometry": {
        "type": "LineString",
        "coordinates": [
          [63.68218, 53.19779],
          [63.68268, 53.19904],
          [63.68346, 53.201],
          [63.68422, 53.2029]
        ]
      }
    },
    {
      "type": "Feature",
      "properties": { "district": null, "kind": "minor" },
      "geometry": {
        "type": "LineString",
        "coordinates": [
          [63.69605, 53.1951],
          [63.69682, 53.19515],
          [63.69695, 53.19517],
          [63.69707, 53.19522],
          [63.69718, 53.19539],
          [63.69729, 53.19559],
          [63.69741, 53.19563],
          [63.69754, 53.19564],
          [63.69789, 53.19559]
        ]
      }
    },
    {
      "type": "Feature",
      "properties": { "district": null, "kind": "minor" },
      "geometry": {
        "type": "LineString",
        "coordinates": [
          [63.68086, 53.19934],
          [63.68132, 53.20037],
          [63.6819, 53.20096],
          [63.68243, 53.20113],
          [63.68346, 53.201]
        ]
      }
    },
    {
      "type": "Feature",
      "properties": { "district": null, "kind": "minor" },
      "geometry": {
        "type": "LineString",
        "coordinates": [
          [63.70199, 53.1964],
          [63.70112, 53.19657],
          [63.70099, 53.19661],
          [63.70027, 53.19675],
          [63.69943, 53.19696],
          [63.69939, 53.19698],
          [63.69939, 53.19701]
        ]
      }
    },
    {
      "type": "Feature",
      "properties": { "district": null, "kind": "minor" },
      "geometry": {
        "type": "LineString",
        "coordinates": [
          [63.70785, 53.20264],
          [63.70815, 53.20303]
        ]
      }
    },
    {
      "type": "Feature",
      "properties": { "district": null, "kind": "minor" },
      "geometry": {
        "type": "LineString",
        "coordinates": [
          [63.68969, 53.20066],
          [63.6911, 53.20031],
          [63.69267, 53.19995],
          [63.69407, 53.19963],
          [63.69542, 53.19932],
          [63.69672, 53.19902],
          [63.6975, 53.19884]
        ]
      }
    },
    {
      "type": "Feature",
      "properties": { "district": null, "kind": "minor" },
      "geometry": {
        "type": "LineString",
        "coordinates": [
          [63.70258, 53.20032],
          [63.70359, 53.20009],
          [63.70383, 53.20004],
          [63.70406, 53.19996],
          [63.70501, 53.19962],
          [63.70549, 53.19946],
          [63.70672, 53.19904],
          [63.70718, 53.19888]
        ]
      }
    },
    {
      "type": "Feature",
      "properties": { "district": null, "kind": "minor" },
      "geometry": {
        "type": "LineString",
        "coordinates": [
          [63.70891, 53.20237],
          [63.70956, 53.20215],
          [63.70962, 53.20216],
          [63.70966, 53.2022],
          [63.70971, 53.2023],
          [63.7097, 53.20234],
          [63.70965, 53.2024],
          [63.70937, 53.20248],
          [63.70919, 53.20247],
          [63.70898, 53.20241],
          [63.70891, 53.20237]
        ]
      }
    },
    {
      "type": "Feature",
      "properties": { "district": null, "kind": "minor" },
      "geometry": {
        "type": "LineString",
        "coordinates": [
          [63.70733, 53.19614],
          [63.70864, 53.19475],
          [63.70915, 53.1942],
          [63.70931, 53.19403],
          [63.71012, 53.19317],
          [63.71071, 53.19254],
          [63.71119, 53.19203],
          [63.71171, 53.19147],
          [63.71201, 53.19115],
          [63.71471, 53.18827],
          [63.71554, 53.1874],
          [63.71768, 53.18474],
          [63.71793, 53.18459],
          [63.72507, 53.18204],
          [63.72542, 53.18186],
          [63.72571, 53.1816],
          [63.72665, 53.17983],
          [63.72673, 53.17968],
          [63.72686, 53.17955],
          [63.72708, 53.17945],
          [63.7363, 53.17673],
          [63.73745, 53.17642],
          [63.73824, 53.17637],
          [63.73857, 53.17647],
          [63.73927, 53.17705],
          [63.73946, 53.17735]
        ]
      }
    },
    {
      "type": "Feature",
      "properties": { "district": null, "kind": "minor" },
      "geometry": {
        "type": "LineString",
        "coordinates": [
          [63.62404, 53.1444],
          [63.62039, 53.1418]
        ]
      }
    },
    {
      "type": "Feature",
      "properties": { "district": null, "kind": "minor" },
      "geometry": {
        "type": "LineString",
        "coordinates": [
          [63.61667, 53.1435],
          [63.61805, 53.14284],
          [63.61917, 53.1423]
        ]
      }
    },
    {
      "type": "Feature",
      "properties": { "district": null, "kind": "minor" },
      "geometry": {
        "type": "LineString",
        "coordinates": [
          [63.62113, 53.14518],
          [63.61805, 53.14284],
          [63.61572, 53.14108]
        ]
      }
    },
    {
      "type": "Feature",
      "properties": { "district": null, "kind": "minor" },
      "geometry": {
        "type": "LineString",
        "coordinates": [
          [63.62245, 53.14481],
          [63.62217, 53.14456],
          [63.61917, 53.1423],
          [63.61915, 53.14228],
          [63.61822, 53.14158],
          [63.61684, 53.14054]
        ]
      }
    },
    {
      "type": "Feature",
      "properties": { "district": null, "kind": "minor" },
      "geometry": {
        "type": "LineString",
        "coordinates": [
          [63.61437, 53.14172],
          [63.61493, 53.14145],
          [63.61541, 53.14122],
          [63.61572, 53.14108],
          [63.61586, 53.14101],
          [63.61633, 53.14078],
          [63.61679, 53.14056],
          [63.61684, 53.14054],
          [63.61725, 53.14033],
          [63.61815, 53.13986],
          [63.61896, 53.13944],
          [63.61915, 53.13932],
          [63.61922, 53.13922],
          [63.61925, 53.13915],
          [63.61917, 53.13897]
        ]
      }
    },
    {
      "type": "Feature",
      "properties": { "district": null, "kind": "minor" },
      "geometry": {
        "type": "LineString",
        "coordinates": [
          [63.62329, 53.14097],
          [63.62249, 53.14043],
          [63.62185, 53.14007],
          [63.62114, 53.13981],
          [63.62009, 53.13936],
          [63.61917, 53.13897],
          [63.61868, 53.13877],
          [63.61839, 53.13865],
          [63.61821, 53.13861],
          [63.61806, 53.13864],
          [63.61778, 53.13876],
          [63.61742, 53.1389],
          [63.61705, 53.1391],
          [63.6167, 53.13926],
          [63.61648, 53.13937],
          [63.61621, 53.13955],
          [63.61574, 53.1398],
          [63.61533, 53.14007],
          [63.61491, 53.1403],
          [63.61479, 53.14036],
          [63.6145, 53.14053],
          [63.61444, 53.14057],
          [63.61427, 53.14068],
          [63.61407, 53.14083],
          [63.61404, 53.14086],
          [63.61388, 53.14103],
          [63.61377, 53.14119],
          [63.61374, 53.14125],
          [63.61391, 53.14144],
          [63.61437, 53.14172],
          [63.61487, 53.14205],
          [63.61667, 53.1435],
          [63.61928, 53.14569]
        ]
      }
    },
    {
      "type": "Feature",
      "properties": { "district": null, "kind": "minor" },
      "geometry": {
        "type": "LineString",
        "coordinates": [
          [63.62504, 53.14414],
          [63.62554, 53.14706],
          [63.62571, 53.14826],
          [63.62644, 53.15307],
          [63.62646, 53.15323],
          [63.62642, 53.1533],
          [63.62636, 53.15338],
          [63.6262, 53.15349],
          [63.62588, 53.15361],
          [63.62424, 53.15423],
          [63.61804, 53.15662],
          [63.61811, 53.15746],
          [63.61812, 53.15756]
        ]
      }
    },
    {
      "type": "Feature",
      "properties": { "district": null, "kind": "major" },
      "geometry": {
        "type": "LineString",
        "coordinates": [
          [63.68528, 53.19084],
          [63.68554, 53.19175],
          [63.68577, 53.19259],
          [63.68588, 53.19306],
          [63.68606, 53.19381],
          [63.68631, 53.19482]
        ]
      }
    },
    {
      "type": "Feature",
      "properties": { "district": null, "kind": "minor" },
      "geometry": {
        "type": "LineString",
        "coordinates": [
          [63.68514, 53.19037],
          [63.68566, 53.19035],
          [63.68588, 53.19037],
          [63.68623, 53.19039],
          [63.68632, 53.1904],
          [63.68654, 53.19043],
          [63.68668, 53.19053],
          [63.68707, 53.19167],
          [63.6871, 53.19174],
          [63.68726, 53.19189],
          [63.68731, 53.1919],
          [63.68754, 53.19193],
          [63.68796, 53.19187],
          [63.68904, 53.19172],
          [63.68972, 53.19162],
          [63.68981, 53.19161],
          [63.68995, 53.19159],
          [63.69207, 53.19133],
          [63.69225, 53.19128],
          [63.69235, 53.19119],
          [63.69234, 53.19108]
        ]
      }
    },
    {
      "type": "Feature",
      "properties": { "district": null, "kind": "minor" },
      "geometry": {
        "type": "LineString",
        "coordinates": [
          [63.69234, 53.19108],
          [63.69188, 53.18938],
          [63.69165, 53.18868],
          [63.69118, 53.18694],
          [63.69093, 53.18604],
          [63.69001, 53.1837]
        ]
      }
    },
    {
      "type": "Feature",
      "properties": { "district": null, "kind": "minor" },
      "geometry": {
        "type": "LineString",
        "coordinates": [
          [63.68512, 53.19407],
          [63.68434, 53.19109]
        ]
      }
    },
    {
      "type": "Feature",
      "properties": { "district": null, "kind": "minor" },
      "geometry": {
        "type": "LineString",
        "coordinates": [
          [63.6812, 53.19069],
          [63.68174, 53.19197],
          [63.68192, 53.19244],
          [63.68298, 53.19495],
          [63.68338, 53.19591],
          [63.6837, 53.19677],
          [63.68373, 53.19683]
        ]
      }
    },
    {
      "type": "Feature",
      "properties": { "district": null, "kind": "minor" },
      "geometry": {
        "type": "LineString",
        "coordinates": [
          [63.68112, 53.1921],
          [63.68054, 53.19085],
          [63.68055, 53.19079]
        ]
      }
    },
    {
      "type": "Feature",
      "properties": { "district": null, "kind": "minor" },
      "geometry": {
        "type": "LineString",
        "coordinates": [
          [63.68745, 53.20247],
          [63.6888, 53.20486]
        ]
      }
    },
    {
      "type": "Feature",
      "properties": { "district": null, "kind": "minor" },
      "geometry": {
        "type": "LineString",
        "coordinates": [
          [63.69006, 53.20488],
          [63.69158, 53.2047],
          [63.69246, 53.20449]
        ]
      }
    },
    {
      "type": "Feature",
      "properties": { "district": null, "kind": "minor" },
      "geometry": {
        "type": "LineString",
        "coordinates": [
          [63.68754, 53.19193],
          [63.6872, 53.192],
          [63.68707, 53.19204],
          [63.68697, 53.19211],
          [63.68694, 53.19221],
          [63.68699, 53.19249],
          [63.68727, 53.19357],
          [63.68761, 53.19465]
        ]
      }
    },
    {
      "type": "Feature",
      "properties": { "district": null, "kind": "minor" },
      "geometry": {
        "type": "LineString",
        "coordinates": [
          [63.683, 53.19021],
          [63.68329, 53.19029],
          [63.68347, 53.19042],
          [63.68368, 53.19064],
          [63.68396, 53.1908],
          [63.6843, 53.19091],
          [63.68457, 53.19091]
        ]
      }
    },
    {
      "type": "Feature",
      "properties": { "district": null, "kind": "minor" },
      "geometry": {
        "type": "LineString",
        "coordinates": [
          [63.68761, 53.19465],
          [63.68766, 53.19467],
          [63.68775, 53.19468],
          [63.68866, 53.19465],
          [63.68974, 53.19458],
          [63.68978, 53.19458],
          [63.68983, 53.19458],
          [63.68986, 53.19456],
          [63.68987, 53.19454],
          [63.68986, 53.19451],
          [63.68983, 53.19447],
          [63.68982, 53.19441]
        ]
      }
    },
    {
      "type": "Feature",
      "properties": { "district": null, "kind": "minor" },
      "geometry": {
        "type": "LineString",
        "coordinates": [
          [63.68478, 53.20506],
          [63.68578, 53.20505],
          [63.68633, 53.20505],
          [63.68698, 53.20504],
          [63.68712, 53.20504],
          [63.6888, 53.20486],
          [63.68916, 53.20483],
          [63.68993, 53.20475]
        ]
      }
    },
    {
      "type": "Feature",
      "properties": { "district": null, "kind": "minor" },
      "geometry": {
        "type": "LineString",
        "coordinates": [
          [63.68796, 53.19187],
          [63.68812, 53.19226],
          [63.68821, 53.1927],
          [63.68866, 53.19465]
        ]
      }
    },
    {
      "type": "Feature",
      "properties": { "district": null, "kind": "minor" },
      "geometry": {
        "type": "LineString",
        "coordinates": [
          [63.68055, 53.19079],
          [63.68066, 53.19075],
          [63.6812, 53.19069],
          [63.68237, 53.19049],
          [63.68329, 53.19029]
        ]
      }
    },
    {
      "type": "Feature",
      "properties": { "district": null, "kind": "minor" },
      "geometry": {
        "type": "LineString",
        "coordinates": [
          [63.68904, 53.19172],
          [63.68982, 53.19441]
        ]
      }
    },
    {
      "type": "Feature",
      "properties": { "district": null, "kind": "minor" },
      "geometry": {
        "type": "LineString",
        "coordinates": [
          [63.69235, 53.20434],
          [63.69141, 53.20456],
          [63.6902, 53.2027]
        ]
      }
    },
    {
      "type": "Feature",
      "properties": { "district": null, "kind": "minor" },
      "geometry": {
        "type": "LineString",
        "coordinates": [
          [63.68773, 53.2067],
          [63.6896, 53.20658],
          [63.69088, 53.2064],
          [63.69339, 53.20586]
        ]
      }
    },
    {
      "type": "Feature",
      "properties": { "district": null, "kind": "minor" },
      "geometry": {
        "type": "LineString",
        "coordinates": [
          [63.6901, 53.19899],
          [63.6911, 53.20031],
          [63.69216, 53.20178],
          [63.69366, 53.20374],
          [63.6951, 53.2056]
        ]
      }
    },
    {
      "type": "Feature",
      "properties": { "district": null, "kind": "minor" },
      "geometry": {
        "type": "LineString",
        "coordinates": [
          [63.69343, 53.20592],
          [63.69425, 53.20577],
          [63.6951, 53.2056],
          [63.69632, 53.20535],
          [63.69706, 53.2052],
          [63.69857, 53.20483]
        ]
      }
    },
    {
      "type": "Feature",
      "properties": { "district": null, "kind": "minor" },
      "geometry": {
        "type": "LineString",
        "coordinates": [
          [63.68338, 53.19591],
          [63.6845, 53.19575],
          [63.68455, 53.19573],
          [63.68461, 53.19568],
          [63.68465, 53.19562],
          [63.68467, 53.19556],
          [63.68468, 53.19549],
          [63.68355, 53.19258],
          [63.68352, 53.19254],
          [63.68348, 53.19251],
          [63.68337, 53.19246],
          [63.68328, 53.19242],
          [63.68321, 53.19236],
          [63.68314, 53.19226],
          [63.68292, 53.19176],
          [63.68237, 53.19049]
        ]
      }
    },
    {
      "type": "Feature",
      "properties": { "district": null, "kind": "minor" },
      "geometry": {
        "type": "LineString",
        "coordinates": [
          [63.68552, 53.19632],
          [63.6862, 53.19757],
          [63.68799, 53.20117],
          [63.6886, 53.20229],
          [63.68966, 53.20445],
          [63.68993, 53.20475],
          [63.69006, 53.20488],
          [63.69077, 53.20611],
          [63.69088, 53.2064],
          [63.69161, 53.20768]
        ]
      }
    },
    {
      "type": "Feature",
      "properties": { "district": null, "kind": "minor" },
      "geometry": {
        "type": "LineString",
        "coordinates": [
          [63.68864, 53.19907],
          [63.68907, 53.19897],
          [63.68921, 53.19891],
          [63.68926, 53.19886],
          [63.68925, 53.19879],
          [63.6891, 53.19852],
          [63.68902, 53.19838],
          [63.68872, 53.19791],
          [63.68822, 53.19723],
          [63.68785, 53.19674],
          [63.68882, 53.19654],
          [63.68891, 53.19652],
          [63.68963, 53.19637],
          [63.68966, 53.19636]
        ]
      }
    },
    {
      "type": "Feature",
      "properties": { "district": null, "kind": "minor" },
      "geometry": {
        "type": "LineString",
        "coordinates": [
          [63.69865, 53.20921],
          [63.69874, 53.20935],
          [63.69868, 53.2095],
          [63.69876, 53.20993],
          [63.69954, 53.21071],
          [63.69984, 53.21102],
          [63.69983, 53.21112],
          [63.69983, 53.2112],
          [63.70026, 53.21146],
          [63.70058, 53.21189],
          [63.70402, 53.21495],
          [63.70413, 53.21507],
          [63.70449, 53.21545],
          [63.7074, 53.2178],
          [63.70858, 53.21873],
          [63.71015, 53.21996],
          [63.71028, 53.22007],
          [63.71041, 53.22018],
          [63.71074, 53.22048],
          [63.71077, 53.22055],
          [63.7108, 53.22067],
          [63.71077, 53.2208],
          [63.7107, 53.22096],
          [63.71059, 53.2211],
          [63.71041, 53.2212]
        ]
      }
    },
    {
      "type": "Feature",
      "properties": { "district": null, "kind": "minor" },
      "geometry": {
        "type": "LineString",
        "coordinates": [
          [63.6918, 53.21758],
          [63.69205, 53.21702],
          [63.69197, 53.21531],
          [63.69193, 53.21508],
          [63.69159, 53.21408],
          [63.69152, 53.21375],
          [63.6915, 53.2134],
          [63.69149, 53.21302],
          [63.69145, 53.21221],
          [63.69138, 53.21189],
          [63.6913, 53.21146],
          [63.69121, 53.21099],
          [63.6911, 53.21076],
          [63.69107, 53.2105]
        ]
      }
    },
    {
      "type": "Feature",
      "properties": { "district": null, "kind": "minor" },
      "geometry": {
        "type": "LineString",
        "coordinates": [
          [63.68237, 53.21494],
          [63.68278, 53.21506],
          [63.68326, 53.21529],
          [63.68545, 53.21634],
          [63.68581, 53.21638],
          [63.68683, 53.21652],
          [63.68717, 53.21656],
          [63.68837, 53.21684],
          [63.68979, 53.21717],
          [63.69121, 53.21744],
          [63.6918, 53.21758],
          [63.6932, 53.21803],
          [63.69449, 53.21825],
          [63.69472, 53.21829],
          [63.69613, 53.21866],
          [63.69639, 53.21873],
          [63.69906, 53.21949],
          [63.69987, 53.21973],
          [63.70083, 53.21988],
          [63.70295, 53.22007],
          [63.70459, 53.22017]
        ]
      }
    },
    {
      "type": "Feature",
      "properties": { "district": null, "kind": "minor" },
      "geometry": {
        "type": "LineString",
        "coordinates": [
          [63.6985, 53.21336],
          [63.69892, 53.21448],
          [63.69901, 53.21473]
        ]
      }
    },
    {
      "type": "Feature",
      "properties": { "district": null, "kind": "minor" },
      "geometry": {
        "type": "LineString",
        "coordinates": [
          [63.68829, 53.19857],
          [63.68902, 53.19838]
        ]
      }
    },
    {
      "type": "Feature",
      "properties": { "district": null, "kind": "minor" },
      "geometry": {
        "type": "LineString",
        "coordinates": [
          [63.70497, 53.21449],
          [63.70898, 53.21707]
        ]
      }
    },
    {
      "type": "Feature",
      "properties": { "district": null, "kind": "minor" },
      "geometry": {
        "type": "LineString",
        "coordinates": [
          [63.68982, 53.20892],
          [63.69005, 53.21053]
        ]
      }
    },
    {
      "type": "Feature",
      "properties": { "district": null, "kind": "minor" },
      "geometry": {
        "type": "LineString",
        "coordinates": [
          [63.69867, 53.21097],
          [63.69918, 53.21212],
          [63.69978, 53.21348],
          [63.70013, 53.21432]
        ]
      }
    },
    {
      "type": "Feature",
      "properties": { "district": null, "kind": "minor" },
      "geometry": {
        "type": "LineString",
        "coordinates": [
          [63.68925, 53.19879],
          [63.68967, 53.19869],
          [63.6906, 53.19845]
        ]
      }
    },
    {
      "type": "Feature",
      "properties": { "district": null, "kind": "minor" },
      "geometry": {
        "type": "LineString",
        "coordinates": [
          [63.70154, 53.21677],
          [63.70083, 53.21988]
        ]
      }
    },
    {
      "type": "Feature",
      "properties": { "district": null, "kind": "minor" },
      "geometry": {
        "type": "LineString",
        "coordinates": [
          [63.69892, 53.21448],
          [63.70013, 53.21432],
          [63.70107, 53.2142],
          [63.70125, 53.21416]
        ]
      }
    },
    {
      "type": "Feature",
      "properties": { "district": null, "kind": "minor" },
      "geometry": {
        "type": "LineString",
        "coordinates": [
          [63.68871, 53.19618],
          [63.68891, 53.19652]
        ]
      }
    },
    {
      "type": "Feature",
      "properties": { "district": null, "kind": "minor" },
      "geometry": {
        "type": "LineString",
        "coordinates": [
          [63.69729, 53.21356],
          [63.6985, 53.21336]
        ]
      }
    },
    {
      "type": "Feature",
      "properties": { "district": null, "kind": "minor" },
      "geometry": {
        "type": "LineString",
        "coordinates": [
          [63.71025, 53.21774],
          [63.71233, 53.21906]
        ]
      }
    },
    {
      "type": "Feature",
      "properties": { "district": null, "kind": "minor" },
      "geometry": {
        "type": "LineString",
        "coordinates": [
          [63.70918, 53.21838],
          [63.71103, 53.21958]
        ]
      }
    },
    {
      "type": "Feature",
      "properties": { "district": null, "kind": "minor" },
      "geometry": {
        "type": "LineString",
        "coordinates": [
          [63.69348, 53.21733],
          [63.69369, 53.21612]
        ]
      }
    },
    {
      "type": "Feature",
      "properties": { "district": null, "kind": "minor" },
      "geometry": {
        "type": "LineString",
        "coordinates": [
          [63.68986, 53.19592],
          [63.68871, 53.19618],
          [63.68693, 53.19659]
        ]
      }
    },
    {
      "type": "Feature",
      "properties": { "district": null, "kind": "minor" },
      "geometry": {
        "type": "LineString",
        "coordinates": [
          [63.69796, 53.21491],
          [63.69901, 53.21473],
          [63.69929, 53.21526],
          [63.69952, 53.21566],
          [63.69969, 53.21572],
          [63.69981, 53.21571],
          [63.70152, 53.21558],
          [63.7017, 53.21557],
          [63.70244, 53.21551]
        ]
      }
    },
    {
      "type": "Feature",
      "properties": { "district": null, "kind": "minor" },
      "geometry": {
        "type": "LineString",
        "coordinates": [
          [63.70111, 53.20564],
          [63.70185, 53.20696],
          [63.702, 53.20723]
        ]
      }
    },
    {
      "type": "Feature",
      "properties": { "district": null, "kind": "minor" },
      "geometry": {
        "type": "LineString",
        "coordinates": [
          [63.70459, 53.22017],
          [63.7046, 53.21905]
        ]
      }
    },
    {
      "type": "Feature",
      "properties": { "district": null, "kind": "minor" },
      "geometry": {
        "type": "LineString",
        "coordinates": [
          [63.70307, 53.21687],
          [63.70295, 53.22007]
        ]
      }
    },
    {
      "type": "Feature",
      "properties": { "district": null, "kind": "minor" },
      "geometry": {
        "type": "LineString",
        "coordinates": [
          [63.69987, 53.21668],
          [63.69951, 53.21822],
          [63.69906, 53.21949]
        ]
      }
    },
    {
      "type": "Feature",
      "properties": { "district": null, "kind": "minor" },
      "geometry": {
        "type": "LineString",
        "coordinates": [
          [63.69138, 53.21189],
          [63.69276, 53.21174],
          [63.69309, 53.21168]
        ]
      }
    },
    {
      "type": "Feature",
      "properties": { "district": null, "kind": "minor" },
      "geometry": {
        "type": "LineString",
        "coordinates": [
          [63.70244, 53.21551],
          [63.70312, 53.21603],
          [63.70618, 53.21836],
          [63.70899, 53.22058]
        ]
      }
    },
    {
      "type": "Feature",
      "properties": { "district": null, "kind": "minor" },
      "geometry": {
        "type": "LineString",
        "coordinates": [
          [63.69757, 53.21116],
          [63.69807, 53.21231],
          [63.69851, 53.21318],
          [63.6985, 53.21336]
        ]
      }
    },
    {
      "type": "Feature",
      "properties": { "district": null, "kind": "minor" },
      "geometry": {
        "type": "LineString",
        "coordinates": [
          [63.69616, 53.21504],
          [63.69604, 53.21606],
          [63.69568, 53.21655],
          [63.69472, 53.21829]
        ]
      }
    },
    {
      "type": "Feature",
      "properties": { "district": null, "kind": "minor" },
      "geometry": {
        "type": "LineString",
        "coordinates": [
          [63.69302, 53.21612],
          [63.69369, 53.21612],
          [63.6954, 53.21602],
          [63.69604, 53.21606]
        ]
      }
    },
    {
      "type": "Feature",
      "properties": { "district": null, "kind": "minor" },
      "geometry": {
        "type": "LineString",
        "coordinates": [
          [63.69613, 53.21866],
          [63.69589, 53.21944],
          [63.69548, 53.22048]
        ]
      }
    },
    {
      "type": "Feature",
      "properties": { "district": null, "kind": "minor" },
      "geometry": {
        "type": "LineString",
        "coordinates": [
          [63.70228, 53.21682],
          [63.7024, 53.2164],
          [63.70243, 53.21632],
          [63.70312, 53.21603],
          [63.70449, 53.21545]
        ]
      }
    },
    {
      "type": "Feature",
      "properties": { "district": null, "kind": "minor" },
      "geometry": {
        "type": "LineString",
        "coordinates": [
          [63.69625, 53.2114],
          [63.69757, 53.21116],
          [63.69867, 53.21097],
          [63.69873, 53.21088],
          [63.69954, 53.21071]
        ]
      }
    },
    {
      "type": "Feature",
      "properties": { "district": null, "kind": "minor" },
      "geometry": {
        "type": "LineString",
        "coordinates": [
          [63.69883, 53.21662],
          [63.69864, 53.2174],
          [63.69848, 53.21792],
          [63.69835, 53.21815],
          [63.69822, 53.21856]
        ]
      }
    },
    {
      "type": "Feature",
      "properties": { "district": null, "kind": "minor" },
      "geometry": {
        "type": "LineString",
        "coordinates": [
          [63.70307, 53.21687],
          [63.70461, 53.21795]
        ]
      }
    },
    {
      "type": "Feature",
      "properties": { "district": null, "kind": "minor" },
      "geometry": {
        "type": "LineString",
        "coordinates": [
          [63.7046, 53.21905],
          [63.70555, 53.21865],
          [63.70618, 53.21836],
          [63.7074, 53.2178],
          [63.70898, 53.21707],
          [63.71032, 53.21645],
          [63.7118, 53.21576]
        ]
      }
    },
    {
      "type": "Feature",
      "properties": { "district": null, "kind": "minor" },
      "geometry": {
        "type": "LineString",
        "coordinates": [
          [63.69399, 53.21043],
          [63.69406, 53.21053],
          [63.69416, 53.21081],
          [63.69424, 53.2111],
          [63.69575, 53.21374],
          [63.69585, 53.21392],
          [63.69602, 53.21421],
          [63.6962, 53.21487],
          [63.69616, 53.21504]
        ]
      }
    },
    {
      "type": "Feature",
      "properties": { "district": null, "kind": "minor" },
      "geometry": {
        "type": "LineString",
        "coordinates": [
          [63.69178, 53.20764],
          [63.692, 53.20798],
          [63.69202, 53.20799],
          [63.69205, 53.20799],
          [63.69225, 53.20795],
          [63.69228, 53.20796],
          [63.69231, 53.20797],
          [63.69241, 53.20809],
          [63.69243, 53.2081],
          [63.6925, 53.20809],
          [63.6927, 53.20844],
          [63.69273, 53.20865],
          [63.69297, 53.20912],
          [63.69335, 53.20942],
          [63.69366, 53.20958],
          [63.69416, 53.21037]
        ]
      }
    },
    {
      "type": "Feature",
      "properties": { "district": null, "kind": "minor" },
      "geometry": {
        "type": "LineString",
        "coordinates": [
          [63.69548, 53.22048],
          [63.69605, 53.22045],
          [63.69832, 53.22034],
          [63.70272, 53.22057],
          [63.70601, 53.22046],
          [63.70738, 53.22059],
          [63.70827, 53.2208],
          [63.70899, 53.22058],
          [63.71028, 53.22007]
        ]
      }
    },
    {
      "type": "Feature",
      "properties": { "district": null, "kind": "minor" },
      "geometry": {
        "type": "LineString",
        "coordinates": [
          [63.70042, 53.20978],
          [63.70131, 53.21038],
          [63.70506, 53.21307],
          [63.70536, 53.21326],
          [63.71032, 53.21645],
          [63.7114, 53.21711],
          [63.71359, 53.21861],
          [63.71388, 53.21879]
        ]
      }
    },
    {
      "type": "Feature",
      "properties": { "district": null, "kind": "minor" },
      "geometry": {
        "type": "LineString",
        "coordinates": [
          [63.6842, 53.21193],
          [63.6866, 53.21262],
          [63.68744, 53.21286],
          [63.68874, 53.21304],
          [63.68892, 53.21307],
          [63.6915, 53.2134],
          [63.69417, 53.21371],
          [63.69449, 53.21383],
          [63.69522, 53.21383],
          [63.69575, 53.21374]
        ]
      }
    },
    {
      "type": "Feature",
      "properties": { "district": null, "kind": "major" },
      "geometry": {
        "type": "LineString",
        "coordinates": [
          [63.67927, 53.16753],
          [63.67892, 53.16683],
          [63.67866, 53.16658],
          [63.6783, 53.16635],
          [63.67339, 53.16399],
          [63.67284, 53.16384],
          [63.67141, 53.16361]
        ]
      }
    },
    {
      "type": "Feature",
      "properties": { "district": null, "kind": "major" },
      "geometry": {
        "type": "LineString",
        "coordinates": [
          [63.56301, 53.13596],
          [63.56413, 53.13583]
        ]
      }
    },
    {
      "type": "Feature",
      "properties": { "district": null, "kind": "major" },
      "geometry": {
        "type": "LineString",
        "coordinates": [
          [63.55851, 53.13657],
          [63.56008, 53.13633],
          [63.56301, 53.13596]
        ]
      }
    },
    {
      "type": "Feature",
      "properties": { "district": "amangeldy", "kind": "major" },
      "geometry": {
        "type": "LineString",
        "coordinates": [
          [63.5649, 53.13735],
          [63.56444, 53.13705]
        ]
      }
    },
    {
      "type": "Feature",
      "properties": { "district": null, "kind": "major" },
      "geometry": {
        "type": "LineString",
        "coordinates": [
          [63.56444, 53.13705],
          [63.56395, 53.13687],
          [63.56344, 53.13676],
          [63.56047, 53.13644],
          [63.56001, 53.13643],
          [63.55851, 53.13657]
        ]
      }
    },
    {
      "type": "Feature",
      "properties": { "district": "amangeldy", "kind": "major" },
      "geometry": {
        "type": "LineString",
        "coordinates": [
          [63.56631, 53.13654],
          [63.56605, 53.13696],
          [63.56592, 53.1372],
          [63.56586, 53.13742],
          [63.56586, 53.13766],
          [63.56594, 53.13791],
          [63.5662, 53.1384]
        ]
      }
    },
    {
      "type": "Feature",
      "properties": { "district": null, "kind": "major" },
      "geometry": {
        "type": "LineString",
        "coordinates": [
          [63.61178, 53.16503],
          [63.61599, 53.16372]
        ]
      }
    },
    {
      "type": "Feature",
      "properties": { "district": "khimik", "kind": "major" },
      "geometry": {
        "type": "LineString",
        "coordinates": [
          [63.59521, 53.16661],
          [63.59551, 53.16652]
        ]
      }
    },
    {
      "type": "Feature",
      "properties": { "district": "kzhbi", "kind": "major" },
      "geometry": {
        "type": "LineString",
        "coordinates": [
          [63.59551, 53.16652],
          [63.59637, 53.16631],
          [63.59757, 53.16598],
          [63.59902, 53.16566],
          [63.5995, 53.16557],
          [63.60001, 53.16551],
          [63.60056, 53.16546],
          [63.60115, 53.16542],
          [63.60191, 53.16542],
          [63.60263, 53.16545],
          [63.60364, 53.16552],
          [63.60461, 53.16564],
          [63.60544, 53.16575],
          [63.60643, 53.16591],
          [63.60726, 53.16605],
          [63.60793, 53.16607],
          [63.60825, 53.16607]
        ]
      }
    },
    {
      "type": "Feature",
      "properties": { "district": null, "kind": "major" },
      "geometry": {
        "type": "LineString",
        "coordinates": [
          [63.67888, 53.16377],
          [63.67779, 53.16383]
        ]
      }
    },
    {
      "type": "Feature",
      "properties": { "district": null, "kind": "major" },
      "geometry": {
        "type": "LineString",
        "coordinates": [
          [63.67777, 53.1637],
          [63.67887, 53.16364]
        ]
      }
    },
    {
      "type": "Feature",
      "properties": { "district": null, "kind": "major" },
      "geometry": {
        "type": "LineString",
        "coordinates": [
          [63.67141, 53.16361],
          [63.67007, 53.16339],
          [63.66295, 53.16209],
          [63.65832, 53.16124],
          [63.65428, 53.16051],
          [63.65338, 53.16036],
          [63.65033, 53.15983],
          [63.64912, 53.15969],
          [63.64847, 53.15964],
          [63.64545, 53.1594],
          [63.64464, 53.15933],
          [63.64379, 53.15936],
          [63.64343, 53.15936],
          [63.64203, 53.15925],
          [63.64094, 53.15909],
          [63.64, 53.15904],
          [63.63934, 53.15904],
          [63.63851, 53.15909],
          [63.6377, 53.15918],
          [63.63723, 53.15925],
          [63.63648, 53.15939],
          [63.63575, 53.15955],
          [63.63387, 53.16004]
        ]
      }
    },
    {
      "type": "Feature",
      "properties": { "district": null, "kind": "major" },
      "geometry": {
        "type": "LineString",
        "coordinates": [
          [63.67887, 53.16364],
          [63.67978, 53.16359],
          [63.68029, 53.16352],
          [63.6806, 53.16341],
          [63.6808, 53.16326],
          [63.68087, 53.16308],
          [63.68084, 53.16291],
          [63.68072, 53.16269],
          [63.68048, 53.16248],
          [63.68016, 53.16228],
          [63.67983, 53.16218],
          [63.67946, 53.16211],
          [63.67913, 53.1621],
          [63.67882, 53.16215],
          [63.6786, 53.16224],
          [63.67841, 53.16238],
          [63.67829, 53.16259],
          [63.67823, 53.16293]
        ]
      }
    },
    {
      "type": "Feature",
      "properties": { "district": "center", "kind": "major" },
      "geometry": {
        "type": "LineString",
        "coordinates": [
          [63.63837, 53.21348],
          [63.63846, 53.21344],
          [63.63852, 53.21342],
          [63.63915, 53.21308],
          [63.63924, 53.21303],
          [63.63989, 53.2127],
          [63.64009, 53.21259]
        ]
      }
    },
    {
      "type": "Feature",
      "properties": { "district": "center", "kind": "minor" },
      "geometry": {
        "type": "LineString",
        "coordinates": [
          [63.63451, 53.2109],
          [63.6337, 53.21131],
          [63.63327, 53.21151],
          [63.63295, 53.21167],
          [63.63277, 53.21176]
        ]
      }
    },
    {
      "type": "Feature",
      "properties": { "district": "khimik", "kind": "minor" },
      "geometry": {
        "type": "LineString",
        "coordinates": [
          [63.60412, 53.15983],
          [63.6042, 53.15951],
          [63.60156, 53.15611]
        ]
      }
    },
    {
      "type": "Feature",
      "properties": { "district": "khimik", "kind": "minor" },
      "geometry": {
        "type": "LineString",
        "coordinates": [
          [63.60101, 53.16162],
          [63.60027, 53.16082],
          [63.60006, 53.16046],
          [63.60027, 53.16014],
          [63.60063, 53.15998],
          [63.60127, 53.15993],
          [63.60148, 53.15998],
          [63.60257, 53.16112]
        ]
      }
    },
    {
      "type": "Feature",
      "properties": { "district": "khimik", "kind": "minor" },
      "geometry": {
        "type": "LineString",
        "coordinates": [
          [63.60439, 53.16024],
          [63.60412, 53.15983],
          [63.60344, 53.15932],
          [63.60186, 53.15873],
          [63.60006, 53.1566]
        ]
      }
    },
    {
      "type": "Feature",
      "properties": { "district": "khimik", "kind": "minor" },
      "geometry": {
        "type": "LineString",
        "coordinates": [
          [63.60467, 53.16074],
          [63.60434, 53.16078],
          [63.60365, 53.16083],
          [63.60257, 53.16112],
          [63.60112, 53.16163],
          [63.60106, 53.16163],
          [63.60101, 53.16162]
        ]
      }
    },
    {
      "type": "Feature",
      "properties": { "district": "kzhbi", "kind": "minor" },
      "geometry": {
        "type": "LineString",
        "coordinates": [
          [63.60825, 53.16607],
          [63.60817, 53.16582],
          [63.60813, 53.1656],
          [63.60798, 53.16493]
        ]
      }
    },
    {
      "type": "Feature",
      "properties": { "district": "khimik", "kind": "minor" },
      "geometry": {
        "type": "LineString",
        "coordinates": [
          [63.60798, 53.16493],
          [63.60795, 53.1648],
          [63.60784, 53.16467],
          [63.60622, 53.16271],
          [63.60539, 53.16173],
          [63.60467, 53.16074],
          [63.60439, 53.16024]
        ]
      }
    },
    {
      "type": "Feature",
      "properties": { "district": "center", "kind": "major" },
      "geometry": {
        "type": "LineString",
        "coordinates": [
          [63.63781, 53.22182],
          [63.63735, 53.2215],
          [63.63708, 53.22131],
          [63.63695, 53.22122],
          [63.63686, 53.22116],
          [63.63624, 53.22071],
          [63.63518, 53.21997],
          [63.63509, 53.2199],
          [63.63498, 53.21982],
          [63.63375, 53.21896],
          [63.63315, 53.21854],
          [63.63236, 53.21798],
          [63.63225, 53.21791],
          [63.63138, 53.21729],
          [63.63121, 53.21717],
          [63.63107, 53.21708],
          [63.63062, 53.21675],
          [63.62976, 53.21615],
          [63.62969, 53.2161],
          [63.62945, 53.21593],
          [63.62928, 53.21581],
          [63.62912, 53.2157],
          [63.62872, 53.21542],
          [63.62849, 53.21526],
          [63.6277, 53.2147],
          [63.6274, 53.21449],
          [63.6273, 53.21442],
          [63.62723, 53.21437],
          [63.62692, 53.21415],
          [63.62641, 53.21379],
          [63.62576, 53.21333],
          [63.6254, 53.21308],
          [63.62504, 53.21283],
          [63.62353, 53.21176],
          [63.62349, 53.21173],
          [63.62344, 53.2117],
          [63.62331, 53.2116],
          [63.62279, 53.21124],
          [63.62154, 53.21036],
          [63.62065, 53.20976],
          [63.61995, 53.20922],
          [63.61976, 53.20906],
          [63.61958, 53.20889],
          [63.61943, 53.20866],
          [63.61931, 53.20839],
          [63.61917, 53.2082],
          [63.61851, 53.20771]
        ]
      }
    },
    {
      "type": "Feature",
      "properties": { "district": "narimanovka", "kind": "major" },
      "geometry": {
        "type": "LineString",
        "coordinates": [
          [63.61851, 53.20771],
          [63.61834, 53.20759]
        ]
      }
    },
    {
      "type": "Feature",
      "properties": { "district": "center", "kind": "major" },
      "geometry": {
        "type": "LineString",
        "coordinates": [
          [63.61834, 53.20759],
          [63.61804, 53.20737]
        ]
      }
    },
    {
      "type": "Feature",
      "properties": { "district": "narimanovka", "kind": "major" },
      "geometry": {
        "type": "LineString",
        "coordinates": [
          [63.61804, 53.20737],
          [63.61724, 53.20679],
          [63.61528, 53.20546],
          [63.61524, 53.20543]
        ]
      }
    },
    {
      "type": "Feature",
      "properties": { "district": "zapadny", "kind": "major" },
      "geometry": {
        "type": "LineString",
        "coordinates": [
          [63.61524, 53.20543],
          [63.61507, 53.20533]
        ]
      }
    },
    {
      "type": "Feature",
      "properties": { "district": "narimanovka", "kind": "major" },
      "geometry": {
        "type": "LineString",
        "coordinates": [
          [63.61507, 53.20533],
          [63.6148, 53.20515],
          [63.61324, 53.20413]
        ]
      }
    },
    {
      "type": "Feature",
      "properties": { "district": "zapadny", "kind": "major" },
      "geometry": {
        "type": "LineString",
        "coordinates": [
          [63.61324, 53.20413],
          [63.61309, 53.20404],
          [63.61304, 53.204],
          [63.61005, 53.20207],
          [63.60996, 53.20202],
          [63.60983, 53.20195],
          [63.60941, 53.2017],
          [63.60928, 53.20154]
        ]
      }
    },
    {
      "type": "Feature",
      "properties": { "district": "narimanovka", "kind": "major" },
      "geometry": {
        "type": "LineString",
        "coordinates": [
          [63.60928, 53.20154],
          [63.6092, 53.20139],
          [63.60902, 53.20027]
        ]
      }
    },
    {
      "type": "Feature",
      "properties": { "district": "zapadny", "kind": "major" },
      "geometry": {
        "type": "LineString",
        "coordinates": [
          [63.60902, 53.20027],
          [63.60894, 53.19968],
          [63.60886, 53.19914],
          [63.60884, 53.19898],
          [63.60884, 53.19893]
        ]
      }
    },
    {
      "type": "Feature",
      "properties": { "district": "narimanovka", "kind": "major" },
      "geometry": {
        "type": "LineString",
        "coordinates": [
          [63.60884, 53.19893],
          [63.60869, 53.19753]
        ]
      }
    },
    {
      "type": "Feature",
      "properties": { "district": "zapadny", "kind": "major" },
      "geometry": {
        "type": "LineString",
        "coordinates": [
          [63.60869, 53.19753],
          [63.60867, 53.19741],
          [63.60864, 53.19712],
          [63.60863, 53.19699],
          [63.6086, 53.19675],
          [63.60853, 53.19594],
          [63.60852, 53.19582],
          [63.60847, 53.1952],
          [63.60844, 53.19481],
          [63.60842, 53.19454],
          [63.60838, 53.19405],
          [63.60834, 53.19348],
          [63.60832, 53.19333],
          [63.60813, 53.19182]
        ]
      }
    },
    {
      "type": "Feature",
      "properties": { "district": "narimanovka", "kind": "major" },
      "geometry": {
        "type": "LineString",
        "coordinates": [
          [63.60813, 53.19182],
          [63.60799, 53.19007]
        ]
      }
    },
    {
      "type": "Feature",
      "properties": { "district": "zapadny", "kind": "major" },
      "geometry": {
        "type": "LineString",
        "coordinates": [
          [63.60799, 53.19007],
          [63.60798, 53.18996],
          [63.60793, 53.18941],
          [63.60792, 53.18917],
          [63.60788, 53.18865],
          [63.60787, 53.18857],
          [63.60774, 53.18722],
          [63.6077, 53.18655],
          [63.60769, 53.18633],
          [63.60764, 53.18606],
          [63.60751, 53.18579]
        ]
      }
    },
    {
      "type": "Feature",
      "properties": { "district": "narimanovka", "kind": "major" },
      "geometry": {
        "type": "LineString",
        "coordinates": [
          [63.63237, 53.2072],
          [63.63379, 53.20818],
          [63.6343, 53.20852],
          [63.63487, 53.20891],
          [63.6362, 53.20982],
          [63.63637, 53.20993],
          [63.63787, 53.21095],
          [63.63806, 53.21109],
          [63.63822, 53.2112],
          [63.63839, 53.21131]
        ]
      }
    },
    {
      "type": "Feature",
      "properties": { "district": "center", "kind": "major" },
      "geometry": {
        "type": "LineString",
        "coordinates": [
          [63.63839, 53.21131],
          [63.63981, 53.2123],
          [63.64002, 53.21244]
        ]
      }
    },
    {
      "type": "Feature",
      "properties": { "district": "narimanovka", "kind": "major" },
      "geometry": {
        "type": "LineString",
        "coordinates": [
          [63.64002, 53.21244],
          [63.64018, 53.21255]
        ]
      }
    },
    {
      "type": "Feature",
      "properties": { "district": "narimanovka", "kind": "minor" },
      "geometry": {
        "type": "LineString",
        "coordinates": [
          [63.63309, 53.19607],
          [63.63353, 53.19559],
          [63.63402, 53.19503],
          [63.63447, 53.19476],
          [63.63505, 53.19453],
          [63.6355, 53.19448],
          [63.63583, 53.19443],
          [63.63599, 53.19446],
          [63.63608, 53.19448],
          [63.63615, 53.1945],
          [63.63619, 53.19455],
          [63.63619, 53.19459],
          [63.63618, 53.19465]
        ]
      }
    },
    {
      "type": "Feature",
      "properties": { "district": null, "kind": "minor" },
      "geometry": {
        "type": "LineString",
        "coordinates": [
          [63.65222, 53.20512],
          [63.65132, 53.20559],
          [63.65022, 53.20607]
        ]
      }
    },
    {
      "type": "Feature",
      "properties": { "district": "kzhbi", "kind": "minor" },
      "geometry": {
        "type": "LineString",
        "coordinates": [
          [63.59379, 53.17933],
          [63.59357, 53.17875],
          [63.59353, 53.17863],
          [63.59337, 53.17817],
          [63.59328, 53.1779],
          [63.59319, 53.17749]
        ]
      }
    },
    {
      "type": "Feature",
      "properties": { "district": "kzhbi", "kind": "minor" },
      "geometry": {
        "type": "LineString",
        "coordinates": [
          [63.59606, 53.17419],
          [63.59681, 53.174]
        ]
      }
    },
    {
      "type": "Feature",
      "properties": { "district": "kzhbi", "kind": "minor" },
      "geometry": {
        "type": "LineString",
        "coordinates": [
          [63.59319, 53.17749],
          [63.59319, 53.17732],
          [63.59319, 53.17725],
          [63.59322, 53.17699],
          [63.59327, 53.17683],
          [63.59341, 53.17641],
          [63.59368, 53.1758],
          [63.59395, 53.17524],
          [63.59406, 53.17504],
          [63.59429, 53.17478],
          [63.59455, 53.17464],
          [63.59485, 53.17452],
          [63.59606, 53.17419]
        ]
      }
    },
    {
      "type": "Feature",
      "properties": { "district": "kzhbi", "kind": "minor" },
      "geometry": {
        "type": "LineString",
        "coordinates": [
          [63.58596, 53.18648],
          [63.58552, 53.18651],
          [63.58515, 53.18652],
          [63.58469, 53.18655],
          [63.5845, 53.18656],
          [63.58144, 53.1867],
          [63.58134, 53.1867],
          [63.5801, 53.18686],
          [63.57931, 53.18688],
          [63.57896, 53.1868]
        ]
      }
    },
    {
      "type": "Feature",
      "properties": { "district": null, "kind": "minor" },
      "geometry": {
        "type": "LineString",
        "coordinates": [
          [63.57896, 53.1868],
          [63.57872, 53.18674],
          [63.57848, 53.18658],
          [63.57832, 53.18641]
        ]
      }
    },
    {
      "type": "Feature",
      "properties": { "district": "kzhbi", "kind": "major" },
      "geometry": {
        "type": "LineString",
        "coordinates": [
          [63.58601, 53.18676],
          [63.58606, 53.18697],
          [63.5862, 53.18771]
        ]
      }
    },
    {
      "type": "Feature",
      "properties": { "district": "zapadny", "kind": "major" },
      "geometry": {
        "type": "LineString",
        "coordinates": [
          [63.5862, 53.18771],
          [63.58665, 53.19008],
          [63.58673, 53.1905],
          [63.58689, 53.19131],
          [63.58693, 53.19155]
        ]
      }
    },
    {
      "type": "Feature",
      "properties": { "district": "kzhbi", "kind": "major" },
      "geometry": {
        "type": "LineString",
        "coordinates": [
          [63.58586, 53.18596],
          [63.58593, 53.1863],
          [63.58595, 53.18641],
          [63.58596, 53.18648],
          [63.58601, 53.18676]
        ]
      }
    },
    {
      "type": "Feature",
      "properties": { "district": "kzhbi", "kind": "major" },
      "geometry": {
        "type": "LineString",
        "coordinates": [
          [63.60477, 53.18136],
          [63.60459, 53.18111],
          [63.60438, 53.18083]
        ]
      }
    },
    {
      "type": "Feature",
      "properties": { "district": "zapadny", "kind": "minor" },
      "geometry": {
        "type": "LineString",
        "coordinates": [
          [63.60358, 53.19796],
          [63.60395, 53.19967],
          [63.60408, 53.20013],
          [63.60428, 53.20086],
          [63.60439, 53.20147],
          [63.60458, 53.20218]
        ]
      }
    },
    {
      "type": "Feature",
      "properties": { "district": "zapadny", "kind": "major" },
      "geometry": {
        "type": "LineString",
        "coordinates": [
          [63.58693, 53.19155],
          [63.58706, 53.1922],
          [63.58715, 53.19268],
          [63.58723, 53.19306],
          [63.58726, 53.19324],
          [63.58731, 53.19348],
          [63.58732, 53.19351],
          [63.58734, 53.19366],
          [63.58736, 53.19374],
          [63.58744, 53.19417],
          [63.58747, 53.1943],
          [63.58767, 53.1952],
          [63.58778, 53.19568],
          [63.58779, 53.19573],
          [63.58782, 53.19583],
          [63.58799, 53.19667],
          [63.58816, 53.19743],
          [63.58822, 53.19773],
          [63.5884, 53.19852],
          [63.58842, 53.19862],
          [63.58844, 53.19869],
          [63.58855, 53.19924],
          [63.58874, 53.20003],
          [63.58877, 53.20024],
          [63.58902, 53.20142],
          [63.58919, 53.20223],
          [63.58927, 53.20258],
          [63.58946, 53.20344],
          [63.58948, 53.20355],
          [63.5895, 53.20366],
          [63.58973, 53.2048],
          [63.58992, 53.20546],
          [63.59, 53.20557],
          [63.59008, 53.2057],
          [63.59039, 53.20618],
          [63.59098, 53.20681]
        ]
      }
    },
    {
      "type": "Feature",
      "properties": { "district": "ksk", "kind": "major" },
      "geometry": {
        "type": "LineString",
        "coordinates": [
          [63.67602, 53.23517],
          [63.67594, 53.23511],
          [63.6755, 53.23479],
          [63.67517, 53.23455],
          [63.67394, 53.23366],
          [63.67344, 53.2333],
          [63.67299, 53.23297]
        ]
      }
    },
    {
      "type": "Feature",
      "properties": { "district": "zapadny", "kind": "minor" },
      "geometry": {
        "type": "LineString",
        "coordinates": [
          [63.58992, 53.19127],
          [63.58972, 53.19042],
          [63.58967, 53.19021],
          [63.58961, 53.19002],
          [63.58942, 53.18933]
        ]
      }
    },
    {
      "type": "Feature",
      "properties": { "district": "zapadny", "kind": "minor" },
      "geometry": {
        "type": "LineString",
        "coordinates": [
          [63.6012, 53.19222],
          [63.60182, 53.19215],
          [63.60263, 53.19206],
          [63.60308, 53.19208],
          [63.60486, 53.19199],
          [63.60699, 53.19188],
          [63.60813, 53.19182]
        ]
      }
    },
    {
      "type": "Feature",
      "properties": { "district": "narimanovka", "kind": "minor" },
      "geometry": {
        "type": "LineString",
        "coordinates": [
          [63.60813, 53.19182],
          [63.60972, 53.19174],
          [63.61007, 53.19172],
          [63.61044, 53.19169],
          [63.61053, 53.19169],
          [63.61075, 53.19164],
          [63.61127, 53.19152],
          [63.61142, 53.19148],
          [63.61159, 53.19144],
          [63.61199, 53.19131]
        ]
      }
    },
    {
      "type": "Feature",
      "properties": { "district": "vokzal", "kind": "minor" },
      "geometry": {
        "type": "LineString",
        "coordinates": [
          [63.60855, 53.22588],
          [63.60801, 53.22621]
        ]
      }
    },
    {
      "type": "Feature",
      "properties": { "district": "kzhbi", "kind": "minor" },
      "geometry": {
        "type": "LineString",
        "coordinates": [
          [63.61606, 53.17387],
          [63.61612, 53.1739],
          [63.61642, 53.17409],
          [63.61656, 53.17412],
          [63.61722, 53.17387],
          [63.61747, 53.17382],
          [63.61792, 53.17374],
          [63.61852, 53.17373],
          [63.61869, 53.17364],
          [63.61879, 53.17348],
          [63.61879, 53.17347],
          [63.6187, 53.17277],
          [63.61854, 53.17231],
          [63.61871, 53.17185],
          [63.61836, 53.17006],
          [63.62003, 53.16879]
        ]
      }
    },
    {
      "type": "Feature",
      "properties": { "district": null, "kind": "minor" },
      "geometry": {
        "type": "LineString",
        "coordinates": [
          [63.6577, 53.18171],
          [63.6589, 53.18099],
          [63.65997, 53.18036],
          [63.66022, 53.18022],
          [63.66384, 53.1781]
        ]
      }
    },
    {
      "type": "Feature",
      "properties": { "district": null, "kind": "minor" },
      "geometry": {
        "type": "LineString",
        "coordinates": [
          [63.64746, 53.17925],
          [63.64786, 53.17901],
          [63.6495, 53.17795],
          [63.6497, 53.17785]
        ]
      }
    },
    {
      "type": "Feature",
      "properties": { "district": null, "kind": "minor" },
      "geometry": {
        "type": "LineString",
        "coordinates": [
          [63.6284, 53.16141],
          [63.62861, 53.1618],
          [63.63123, 53.16572],
          [63.63657, 53.17364],
          [63.63733, 53.17459]
        ]
      }
    },
    {
      "type": "Feature",
      "properties": { "district": null, "kind": "minor" },
      "geometry": {
        "type": "LineString",
        "coordinates": [
          [63.62903, 53.17371],
          [63.63181, 53.1767],
          [63.63211, 53.17674],
          [63.63375, 53.17602],
          [63.63577, 53.17514],
          [63.6368, 53.17469],
          [63.63733, 53.17459]
        ]
      }
    },
    {
      "type": "Feature",
      "properties": { "district": null, "kind": "minor" },
      "geometry": {
        "type": "LineString",
        "coordinates": [
          [63.63733, 53.17459],
          [63.63779, 53.17473],
          [63.6421, 53.17705],
          [63.64226, 53.17713],
          [63.64454, 53.1783],
          [63.64507, 53.17857],
          [63.64647, 53.17929],
          [63.6467, 53.17937],
          [63.647, 53.17939],
          [63.64725, 53.17934],
          [63.64746, 53.17925]
        ]
      }
    },
    {
      "type": "Feature",
      "properties": { "district": null, "kind": "minor" },
      "geometry": {
        "type": "LineString",
        "coordinates": [
          [63.65301, 53.17986],
          [63.6534, 53.18011],
          [63.65378, 53.18023],
          [63.65407, 53.18031],
          [63.65441, 53.18041],
          [63.65463, 53.18046],
          [63.65486, 53.18052],
          [63.65505, 53.18057],
          [63.65521, 53.18062],
          [63.65545, 53.18071],
          [63.65586, 53.18084],
          [63.65615, 53.181],
          [63.65646, 53.18116],
          [63.6567, 53.18129],
          [63.65719, 53.18159],
          [63.65745, 53.18173],
          [63.65759, 53.18174],
          [63.6577, 53.18171]
        ]
      }
    },
    {
      "type": "Feature",
      "properties": { "district": null, "kind": "minor" },
      "geometry": {
        "type": "LineString",
        "coordinates": [
          [63.68006, 53.21559],
          [63.68011, 53.21563],
          [63.68088, 53.21626],
          [63.6812, 53.21636],
          [63.68146, 53.21638],
          [63.68199, 53.21642],
          [63.68225, 53.21653],
          [63.68243, 53.21707],
          [63.68306, 53.21768],
          [63.6834, 53.21779],
          [63.68371, 53.21755],
          [63.68444, 53.217],
          [63.68454, 53.21692],
          [63.68607, 53.21665],
          [63.68683, 53.21652]
        ]
      }
    },
    {
      "type": "Feature",
      "properties": { "district": null, "kind": "minor" },
      "geometry": {
        "type": "LineString",
        "coordinates": [
          [63.68289, 53.21095],
          [63.68258, 53.2113]
        ]
      }
    },
    {
      "type": "Feature",
      "properties": { "district": null, "kind": "minor" },
      "geometry": {
        "type": "LineString",
        "coordinates": [
          [63.68471, 53.20283],
          [63.68578, 53.20505]
        ]
      }
    },
    {
      "type": "Feature",
      "properties": { "district": null, "kind": "major" },
      "geometry": {
        "type": "LineString",
        "coordinates": [
          [63.68884, 53.19553],
          [63.68952, 53.19542],
          [63.69016, 53.19531],
          [63.69141, 53.19514],
          [63.69248, 53.19503],
          [63.69324, 53.19496],
          [63.69336, 53.19495],
          [63.69412, 53.19489],
          [63.69428, 53.19489],
          [63.69452, 53.19488],
          [63.69514, 53.19486],
          [63.69543, 53.19485],
          [63.69553, 53.19485],
          [63.69567, 53.19484],
          [63.69595, 53.19485],
          [63.69787, 53.19487],
          [63.69899, 53.19492],
          [63.69983, 53.19497],
          [63.70048, 53.19502],
          [63.70195, 53.19515],
          [63.70301, 53.19528],
          [63.70381, 53.19541],
          [63.70414, 53.19546],
          [63.70512, 53.19565],
          [63.7071, 53.19609],
          [63.70733, 53.19614],
          [63.70816, 53.19637],
          [63.70949, 53.19679],
          [63.70963, 53.19683],
          [63.70978, 53.19688],
          [63.71058, 53.19715],
          [63.7115, 53.19749],
          [63.7123, 53.19779],
          [63.71248, 53.19786],
          [63.71396, 53.19858],
          [63.71565, 53.19941],
          [63.71633, 53.19976],
          [63.71811, 53.20077],
          [63.71838, 53.2009],
          [63.71851, 53.20097],
          [63.71887, 53.20116],
          [63.7202, 53.20185],
          [63.72077, 53.20214],
          [63.72247, 53.20302]
        ]
      }
    },
    {
      "type": "Feature",
      "properties": { "district": null, "kind": "minor" },
      "geometry": {
        "type": "LineString",
        "coordinates": [
          [63.68584, 53.21528],
          [63.68719, 53.2153],
          [63.68827, 53.21525],
          [63.68922, 53.21521],
          [63.68941, 53.2152]
        ]
      }
    },
    {
      "type": "Feature",
      "properties": { "district": null, "kind": "minor" },
      "geometry": {
        "type": "LineString",
        "coordinates": [
          [63.68006, 53.21559],
          [63.68183, 53.21162],
          [63.68216, 53.21119]
        ]
      }
    },
    {
      "type": "Feature",
      "properties": { "district": null, "kind": "minor" },
      "geometry": {
        "type": "LineString",
        "coordinates": [
          [63.68633, 53.20505],
          [63.68685, 53.20675],
          [63.68689, 53.20835],
          [63.6869, 53.20877]
        ]
      }
    },
    {
      "type": "Feature",
      "properties": { "district": null, "kind": "minor" },
      "geometry": {
        "type": "LineString",
        "coordinates": [
          [63.68393, 53.215],
          [63.6842, 53.21502],
          [63.68584, 53.21512]
        ]
      }
    },
    {
      "type": "Feature",
      "properties": { "district": null, "kind": "minor" },
      "geometry": {
        "type": "LineString",
        "coordinates": [
          [63.6782, 53.21122],
          [63.67796, 53.20999],
          [63.67779, 53.20906]
        ]
      }
    },
    {
      "type": "Feature",
      "properties": { "district": null, "kind": "minor" },
      "geometry": {
        "type": "LineString",
        "coordinates": [
          [63.68216, 53.21119],
          [63.68258, 53.2113],
          [63.68424, 53.21173]
        ]
      }
    },
    {
      "type": "Feature",
      "properties": { "district": null, "kind": "minor" },
      "geometry": {
        "type": "LineString",
        "coordinates": [
          [63.68361, 53.21295],
          [63.68472, 53.21314],
          [63.6842, 53.21502]
        ]
      }
    },
    {
      "type": "Feature",
      "properties": { "district": null, "kind": "major" },
      "geometry": {
        "type": "LineString",
        "coordinates": [
          [63.68417, 53.18978],
          [63.68322, 53.18935],
          [63.68093, 53.18834],
          [63.68069, 53.18823],
          [63.68036, 53.18809],
          [63.67937, 53.18764],
          [63.67909, 53.18752],
          [63.67796, 53.18702],
          [63.67724, 53.1867],
          [63.67589, 53.1861],
          [63.67563, 53.18599],
          [63.67461, 53.1855]
        ]
      }
    },
    {
      "type": "Feature",
      "properties": { "district": null, "kind": "minor" },
      "geometry": {
        "type": "LineString",
        "coordinates": [
          [63.68253, 53.21097],
          [63.67942, 53.21009],
          [63.67864, 53.20994],
          [63.67796, 53.20999],
          [63.67698, 53.21007],
          [63.67679, 53.21009]
        ]
      }
    },
    {
      "type": "Feature",
      "properties": { "district": null, "kind": "minor" },
      "geometry": {
        "type": "LineString",
        "coordinates": [
          [63.68581, 53.21638],
          [63.68584, 53.21528],
          [63.68584, 53.21512],
          [63.68587, 53.21409],
          [63.68618, 53.21374],
          [63.68633, 53.21335],
          [63.6866, 53.21262]
        ]
      }
    },
    {
      "type": "Feature",
      "properties": { "district": null, "kind": "minor" },
      "geometry": {
        "type": "LineString",
        "coordinates": [
          [63.67942, 53.21009],
          [63.67936, 53.20973],
          [63.67924, 53.20933],
          [63.67887, 53.20903],
          [63.67776, 53.20709],
          [63.67702, 53.20619]
        ]
      }
    },
    {
      "type": "Feature",
      "properties": { "district": null, "kind": "minor" },
      "geometry": {
        "type": "LineString",
        "coordinates": [
          [63.68441, 53.21086],
          [63.68313, 53.21094],
          [63.68289, 53.21095],
          [63.68253, 53.21097],
          [63.6782, 53.21122]
        ]
      }
    },
    {
      "type": "Feature",
      "properties": { "district": null, "kind": "major" },
      "geometry": {
        "type": "LineString",
        "coordinates": [
          [63.56135, 53.27842],
          [63.56587, 53.28013]
        ]
      }
    },
    {
      "type": "Feature",
      "properties": { "district": null, "kind": "major" },
      "geometry": {
        "type": "LineString",
        "coordinates": [
          [63.56135, 53.27842],
          [63.5623, 53.27866],
          [63.56289, 53.27872],
          [63.56352, 53.2787],
          [63.56771, 53.27803],
          [63.56821, 53.27788],
          [63.56864, 53.27768],
          [63.56913, 53.27738]
        ]
      }
    },
    {
      "type": "Feature",
      "properties": { "district": null, "kind": "major" },
      "geometry": {
        "type": "LineString",
        "coordinates": [
          [63.56355, 53.28326],
          [63.56373, 53.28288],
          [63.56379, 53.28264],
          [63.56378, 53.28238],
          [63.56369, 53.28208],
          [63.56314, 53.28084],
          [63.56245, 53.27926],
          [63.56226, 53.27901],
          [63.56196, 53.27876],
          [63.56135, 53.27842]
        ]
      }
    },
    {
      "type": "Feature",
      "properties": { "district": null, "kind": "major" },
      "geometry": {
        "type": "LineString",
        "coordinates": [
          [63.566, 53.28071],
          [63.56574, 53.28118],
          [63.56565, 53.28145],
          [63.5657, 53.28167],
          [63.56585, 53.28182],
          [63.56611, 53.28195],
          [63.56642, 53.28202],
          [63.56671, 53.28204],
          [63.56723, 53.28201],
          [63.56766, 53.28189],
          [63.56797, 53.28173],
          [63.56817, 53.28152],
          [63.5682, 53.28131],
          [63.56812, 53.28114],
          [63.56792, 53.28097],
          [63.56748, 53.28073]
        ]
      }
    },
    {
      "type": "Feature",
      "properties": { "district": null, "kind": "major" },
      "geometry": {
        "type": "LineString",
        "coordinates": [
          [63.56748, 53.28073],
          [63.56815, 53.28088],
          [63.56852, 53.2809],
          [63.56885, 53.28082],
          [63.5691, 53.28066],
          [63.56927, 53.28047],
          [63.56934, 53.28024],
          [63.56933, 53.28004],
          [63.56926, 53.27979],
          [63.56907, 53.27956],
          [63.5688, 53.27939],
          [63.56846, 53.27925],
          [63.56812, 53.27922],
          [63.56779, 53.27927],
          [63.56751, 53.27939],
          [63.56691, 53.27974]
        ]
      }
    },
    {
      "type": "Feature",
      "properties": { "district": null, "kind": "major" },
      "geometry": {
        "type": "LineString",
        "coordinates": [
          [63.52993, 53.16785],
          [63.53098, 53.16708],
          [63.53173, 53.16647],
          [63.53229, 53.16586],
          [63.53258, 53.16538],
          [63.53278, 53.16487],
          [63.53283, 53.16445],
          [63.53279, 53.16393],
          [63.53254, 53.16275],
          [63.53227, 53.16197],
          [63.53194, 53.16109],
          [63.53167, 53.16053]
        ]
      }
    },
    {
      "type": "Feature",
      "properties": { "district": "dostyk", "kind": "major" },
      "geometry": {
        "type": "LineString",
        "coordinates": [
          [63.53167, 53.16053],
          [63.53069, 53.15847],
          [63.53067, 53.15842],
          [63.53025, 53.15745]
        ]
      }
    },
    {
      "type": "Feature",
      "properties": { "district": null, "kind": "major" },
      "geometry": {
        "type": "LineString",
        "coordinates": [
          [63.53025, 53.15745],
          [63.52997, 53.1568],
          [63.5297, 53.15591],
          [63.52951, 53.15515],
          [63.52929, 53.15409]
        ]
      }
    },
    {
      "type": "Feature",
      "properties": { "district": "dostyk", "kind": "major" },
      "geometry": {
        "type": "LineString",
        "coordinates": [
          [63.52929, 53.15409],
          [63.52919, 53.15345],
          [63.52908, 53.15266],
          [63.52901, 53.15207]
        ]
      }
    },
    {
      "type": "Feature",
      "properties": { "district": null, "kind": "major" },
      "geometry": {
        "type": "LineString",
        "coordinates": [
          [63.52901, 53.15207],
          [63.52906, 53.15147],
          [63.52916, 53.15091],
          [63.52932, 53.15043],
          [63.52972, 53.1496],
          [63.53003, 53.14912],
          [63.53041, 53.14865],
          [63.53107, 53.14798],
          [63.53171, 53.14743],
          [63.53255, 53.14689],
          [63.53315, 53.14655],
          [63.53403, 53.14613],
          [63.53504, 53.14575],
          [63.53535, 53.14565],
          [63.53611, 53.1454],
          [63.54162, 53.14398],
          [63.54229, 53.14381],
          [63.54369, 53.1434],
          [63.54504, 53.14294],
          [63.54597, 53.14261],
          [63.54761, 53.14192],
          [63.5489, 53.14131],
          [63.54952, 53.141],
          [63.55018, 53.14064],
          [63.55458, 53.13819],
          [63.55546, 53.13772],
          [63.55644, 53.13728],
          [63.55745, 53.13689],
          [63.55805, 53.13669],
          [63.55851, 53.13657]
        ]
      }
    },
    {
      "type": "Feature",
      "properties": { "district": "vokzal", "kind": "major" },
      "geometry": {
        "type": "LineString",
        "coordinates": [
          [63.58673, 53.20949],
          [63.58614, 53.20963]
        ]
      }
    },
    {
      "type": "Feature",
      "properties": { "district": "zapadny", "kind": "major" },
      "geometry": {
        "type": "LineString",
        "coordinates": [
          [63.58472, 53.21034],
          [63.58477, 53.21019],
          [63.58498, 53.21],
          [63.58524, 53.20984],
          [63.58561, 53.20968],
          [63.58609, 53.20955]
        ]
      }
    },
    {
      "type": "Feature",
      "properties": { "district": "vokzal", "kind": "major" },
      "geometry": {
        "type": "LineString",
        "coordinates": [
          [63.58614, 53.20963],
          [63.58568, 53.20976],
          [63.58533, 53.20991],
          [63.58509, 53.21006],
          [63.5849, 53.21023]
        ]
      }
    },
    {
      "type": "Feature",
      "properties": { "district": "zapadny", "kind": "major" },
      "geometry": {
        "type": "LineString",
        "coordinates": [
          [63.5849, 53.21023],
          [63.58472, 53.21034]
        ]
      }
    },
    {
      "type": "Feature",
      "properties": { "district": "aeroport", "kind": "minor" },
      "geometry": {
        "type": "LineString",
        "coordinates": [
          [63.57872, 53.21419],
          [63.57862, 53.21387],
          [63.57846, 53.21348],
          [63.57754, 53.21128]
        ]
      }
    },
    {
      "type": "Feature",
      "properties": { "district": "zapadny", "kind": "minor" },
      "geometry": {
        "type": "LineString",
        "coordinates": [
          [63.57754, 53.21128],
          [63.57735, 53.21063],
          [63.57724, 53.21024],
          [63.57694, 53.20927],
          [63.57625, 53.20804],
          [63.57609, 53.20784],
          [63.57598, 53.20779],
          [63.57585, 53.20778]
        ]
      }
    },
    {
      "type": "Feature",
      "properties": { "district": null, "kind": "minor" },
      "geometry": {
        "type": "LineString",
        "coordinates": [
          [63.7173, 53.22289],
          [63.71865, 53.22392],
          [63.71881, 53.22398],
          [63.71885, 53.224],
          [63.71909, 53.22424],
          [63.71904, 53.22436],
          [63.71904, 53.22448],
          [63.71912, 53.22461],
          [63.71919, 53.22466],
          [63.7193, 53.22469],
          [63.71956, 53.22471],
          [63.72068, 53.22592],
          [63.722, 53.22734],
          [63.72298, 53.22841],
          [63.72373, 53.22921],
          [63.72376, 53.22932],
          [63.72379, 53.22941],
          [63.72407, 53.22969],
          [63.72573, 53.23128],
          [63.72838, 53.23447],
          [63.73096, 53.23741]
        ]
      }
    },
    {
      "type": "Feature",
      "properties": { "district": null, "kind": "minor" },
      "geometry": {
        "type": "LineString",
        "coordinates": [
          [63.71882, 53.22217],
          [63.7197, 53.22284],
          [63.72118, 53.22388]
        ]
      }
    },
    {
      "type": "Feature",
      "properties": { "district": null, "kind": "minor" },
      "geometry": {
        "type": "LineString",
        "coordinates": [
          [63.72034, 53.22145],
          [63.71882, 53.22217],
          [63.71751, 53.22274],
          [63.71744, 53.22279],
          [63.7173, 53.22289]
        ]
      }
    },
    {
      "type": "Feature",
      "properties": { "district": null, "kind": "minor" },
      "geometry": {
        "type": "LineString",
        "coordinates": [
          [63.71543, 53.21819],
          [63.715, 53.21789],
          [63.71494, 53.21785],
          [63.714, 53.21722],
          [63.71276, 53.2164],
          [63.7118, 53.21576],
          [63.71057, 53.21496],
          [63.70879, 53.21379],
          [63.70639, 53.2122]
        ]
      }
    },
    {
      "type": "Feature",
      "properties": { "district": null, "kind": "major" },
      "geometry": {
        "type": "LineString",
        "coordinates": [
          [63.56587, 53.28013],
          [63.56679, 53.28048]
        ]
      }
    },
    {
      "type": "Feature",
      "properties": { "district": null, "kind": "major" },
      "geometry": {
        "type": "LineString",
        "coordinates": [
          [63.56679, 53.28048],
          [63.56748, 53.28073]
        ]
      }
    },
    {
      "type": "Feature",
      "properties": { "district": null, "kind": "major" },
      "geometry": {
        "type": "LineString",
        "coordinates": [
          [63.65749, 53.1614],
          [63.65735, 53.16066]
        ]
      }
    },
    {
      "type": "Feature",
      "properties": { "district": "center", "kind": "minor" },
      "geometry": {
        "type": "LineString",
        "coordinates": [
          [63.6429, 53.22071],
          [63.6436, 53.2213]
        ]
      }
    },
    {
      "type": "Feature",
      "properties": { "district": "center", "kind": "minor" },
      "geometry": {
        "type": "LineString",
        "coordinates": [
          [63.64201, 53.2198],
          [63.64272, 53.22041],
          [63.6429, 53.22071]
        ]
      }
    },
    {
      "type": "Feature",
      "properties": { "district": "center", "kind": "minor" },
      "geometry": {
        "type": "LineString",
        "coordinates": [
          [63.6429, 53.22071],
          [63.64245, 53.22052],
          [63.64171, 53.21994]
        ]
      }
    },
    {
      "type": "Feature",
      "properties": { "district": "amangeldy", "kind": "minor" },
      "geometry": {
        "type": "LineString",
        "coordinates": [
          [63.58389, 53.15232],
          [63.58411, 53.15341],
          [63.58409, 53.15369],
          [63.58418, 53.15394],
          [63.58431, 53.15431],
          [63.58453, 53.15444],
          [63.58474, 53.15451],
          [63.59034, 53.15431],
          [63.59171, 53.15426]
        ]
      }
    },
    {
      "type": "Feature",
      "properties": { "district": "amangeldy", "kind": "minor" },
      "geometry": {
        "type": "LineString",
        "coordinates": [
          [63.57201, 53.14285],
          [63.57172, 53.14311],
          [63.57158, 53.14331]
        ]
      }
    },
    {
      "type": "Feature",
      "properties": { "district": "amangeldy", "kind": "minor" },
      "geometry": {
        "type": "LineString",
        "coordinates": [
          [63.58293, 53.14129],
          [63.58354, 53.14114],
          [63.58425, 53.14091]
        ]
      }
    },
    {
      "type": "Feature",
      "properties": { "district": "khimik", "kind": "minor" },
      "geometry": {
        "type": "LineString",
        "coordinates": [
          [63.59377, 53.15507],
          [63.59373, 53.155]
        ]
      }
    },
    {
      "type": "Feature",
      "properties": { "district": "amangeldy", "kind": "minor" },
      "geometry": {
        "type": "LineString",
        "coordinates": [
          [63.59373, 53.155],
          [63.59345, 53.15433],
          [63.59329, 53.15395],
          [63.59273, 53.15261]
        ]
      }
    },
    {
      "type": "Feature",
      "properties": { "district": "amangeldy", "kind": "minor" },
      "geometry": {
        "type": "LineString",
        "coordinates": [
          [63.5711, 53.14285],
          [63.57151, 53.14289],
          [63.57201, 53.14285]
        ]
      }
    },
    {
      "type": "Feature",
      "properties": { "district": "amangeldy", "kind": "minor" },
      "geometry": {
        "type": "LineString",
        "coordinates": [
          [63.58226, 53.14098],
          [63.58202, 53.14109],
          [63.58051, 53.14189],
          [63.57927, 53.14256],
          [63.5786, 53.14291],
          [63.57757, 53.14349]
        ]
      }
    },
    {
      "type": "Feature",
      "properties": { "district": "amangeldy", "kind": "minor" },
      "geometry": {
        "type": "LineString",
        "coordinates": [
          [63.59171, 53.15426],
          [63.59185, 53.15411],
          [63.59166, 53.1524],
          [63.59161, 53.1521],
          [63.59167, 53.15177]
        ]
      }
    },
    {
      "type": "Feature",
      "properties": { "district": "amangeldy", "kind": "minor" },
      "geometry": {
        "type": "LineString",
        "coordinates": [
          [63.59404, 53.15],
          [63.5948, 53.14952],
          [63.59492, 53.14944],
          [63.59567, 53.14896],
          [63.59609, 53.14865]
        ]
      }
    },
    {
      "type": "Feature",
      "properties": { "district": "amangeldy", "kind": "minor" },
      "geometry": {
        "type": "LineString",
        "coordinates": [
          [63.59171, 53.15426],
          [63.59195, 53.15449],
          [63.5924, 53.15453],
          [63.59301, 53.15446],
          [63.59345, 53.15433]
        ]
      }
    },
    {
      "type": "Feature",
      "properties": { "district": "amangeldy", "kind": "minor" },
      "geometry": {
        "type": "LineString",
        "coordinates": [
          [63.60061, 53.1513],
          [63.60133, 53.15107],
          [63.60173, 53.15098],
          [63.60211, 53.15101],
          [63.60243, 53.15114],
          [63.60521, 53.15397],
          [63.60658, 53.1554]
        ]
      }
    },
    {
      "type": "Feature",
      "properties": { "district": "narimanovka", "kind": "minor" },
      "geometry": {
        "type": "LineString",
        "coordinates": [
          [63.63237, 53.2072],
          [63.63282, 53.20697],
          [63.63322, 53.20677],
          [63.63331, 53.20672],
          [63.63398, 53.20639],
          [63.63425, 53.20624],
          [63.63587, 53.20539]
        ]
      }
    },
    {
      "type": "Feature",
      "properties": { "district": null, "kind": "minor" },
      "geometry": {
        "type": "LineString",
        "coordinates": [
          [63.48399, 53.15024],
          [63.49086, 53.153],
          [63.49171, 53.15329],
          [63.49655, 53.15518],
          [63.50363, 53.1581],
          [63.50666, 53.15947],
          [63.50767, 53.15977],
          [63.51744, 53.16354],
          [63.51885, 53.16415],
          [63.51963, 53.16463],
          [63.52003, 53.16478],
          [63.52149, 53.16516],
          [63.52684, 53.16731],
          [63.52763, 53.16778],
          [63.52793, 53.16811],
          [63.52803, 53.1686],
          [63.52789, 53.16887],
          [63.52388, 53.17157],
          [63.52337, 53.17185],
          [63.52292, 53.17215],
          [63.52091, 53.17354],
          [63.52016, 53.17397],
          [63.51968, 53.17419],
          [63.51907, 53.1744],
          [63.51855, 53.17465],
          [63.51376, 53.17779],
          [63.51367, 53.17806],
          [63.51374, 53.17846],
          [63.5139, 53.179]
        ]
      }
    },
    {
      "type": "Feature",
      "properties": { "district": null, "kind": "minor" },
      "geometry": {
        "type": "LineString",
        "coordinates": [
          [63.68258, 53.1803],
          [63.68322, 53.18025],
          [63.68569, 53.18006],
          [63.68612, 53.1801],
          [63.68709, 53.17999],
          [63.68751, 53.17991],
          [63.68894, 53.17976],
          [63.68907, 53.17973],
          [63.68935, 53.17967],
          [63.69008, 53.17952],
          [63.6902, 53.17924],
          [63.69042, 53.17868],
          [63.69045, 53.17861],
          [63.69079, 53.1784],
          [63.69222, 53.17795],
          [63.69436, 53.17727],
          [63.69566, 53.17686]
        ]
      }
    },
    {
      "type": "Feature",
      "properties": { "district": null, "kind": "minor" },
      "geometry": {
        "type": "LineString",
        "coordinates": [
          [63.69566, 53.17686],
          [63.69595, 53.17674],
          [63.69637, 53.17665],
          [63.69667, 53.17663],
          [63.69673, 53.17671],
          [63.69671, 53.1768],
          [63.69648, 53.17682],
          [63.69566, 53.17686]
        ]
      }
    },
    {
      "type": "Feature",
      "properties": { "district": null, "kind": "major" },
      "geometry": {
        "type": "LineString",
        "coordinates": [
          [63.63728, 53.15915],
          [63.63766, 53.15909],
          [63.63849, 53.159],
          [63.63933, 53.15895],
          [63.64002, 53.15894],
          [63.64091, 53.15894],
          [63.64168, 53.1589],
          [63.64211, 53.15889],
          [63.64351, 53.15899],
          [63.64471, 53.15919],
          [63.64562, 53.15928],
          [63.64651, 53.15935],
          [63.64711, 53.15939],
          [63.6484, 53.15947],
          [63.64898, 53.15952],
          [63.64916, 53.15954]
        ]
      }
    },
    {
      "type": "Feature",
      "properties": { "district": "kzhbi", "kind": "major" },
      "geometry": {
        "type": "LineString",
        "coordinates": [
          [63.60825, 53.16607],
          [63.60939, 53.16578]
        ]
      }
    },
    {
      "type": "Feature",
      "properties": { "district": "khimik", "kind": "major" },
      "geometry": {
        "type": "LineString",
        "coordinates": [
          [63.60939, 53.16578],
          [63.61178, 53.16503]
        ]
      }
    },
    {
      "type": "Feature",
      "properties": { "district": null, "kind": "minor" },
      "geometry": {
        "type": "LineString",
        "coordinates": [
          [63.68583, 53.19518],
          [63.68594, 53.19526],
          [63.68611, 53.19531],
          [63.68633, 53.19532]
        ]
      }
    },
    {
      "type": "Feature",
      "properties": { "district": null, "kind": "major" },
      "geometry": {
        "type": "LineString",
        "coordinates": [
          [63.58244, 53.26329],
          [63.58247, 53.26338],
          [63.58251, 53.26348],
          [63.5826, 53.26358],
          [63.58271, 53.26369],
          [63.58277, 53.26378]
        ]
      }
    },
    {
      "type": "Feature",
      "properties": { "district": "perevalovka", "kind": "minor" },
      "geometry": {
        "type": "LineString",
        "coordinates": [
          [63.65074, 53.22043],
          [63.65206, 53.22159],
          [63.65257, 53.22201],
          [63.6544, 53.22354],
          [63.65459, 53.2237]
        ]
      }
    },
    {
      "type": "Feature",
      "properties": { "district": "narimanovka", "kind": "major" },
      "geometry": {
        "type": "LineString",
        "coordinates": [
          [63.60885, 53.18359],
          [63.60879, 53.1836]
        ]
      }
    },
    {
      "type": "Feature",
      "properties": { "district": "kzhbi", "kind": "major" },
      "geometry": {
        "type": "LineString",
        "coordinates": [
          [63.60879, 53.1836],
          [63.60815, 53.18377],
          [63.60795, 53.18384]
        ]
      }
    },
    {
      "type": "Feature",
      "properties": { "district": "narimanovka", "kind": "major" },
      "geometry": {
        "type": "LineString",
        "coordinates": [
          [63.60795, 53.18384],
          [63.6076, 53.18392]
        ]
      }
    },
    {
      "type": "Feature",
      "properties": { "district": "kzhbi", "kind": "major" },
      "geometry": {
        "type": "LineString",
        "coordinates": [
          [63.6076, 53.18392],
          [63.60709, 53.18404],
          [63.60693, 53.18408],
          [63.60682, 53.18411]
        ]
      }
    },
    {
      "type": "Feature",
      "properties": { "district": "kzhbi", "kind": "minor" },
      "geometry": {
        "type": "LineString",
        "coordinates": [
          [63.61041, 53.17916],
          [63.60975, 53.17837],
          [63.60892, 53.17746],
          [63.60874, 53.17724],
          [63.60806, 53.17641],
          [63.60769, 53.17596]
        ]
      }
    },
    {
      "type": "Feature",
      "properties": { "district": null, "kind": "major" },
      "geometry": {
        "type": "LineString",
        "coordinates": [
          [63.6771, 53.15871],
          [63.67724, 53.15902],
          [63.67767, 53.16068]
        ]
      }
    },
    {
      "type": "Feature",
      "properties": { "district": null, "kind": "major" },
      "geometry": {
        "type": "LineString",
        "coordinates": [
          [63.67823, 53.16293],
          [63.67848, 53.16386],
          [63.67863, 53.16446],
          [63.67871, 53.16479],
          [63.67905, 53.16616],
          [63.67922, 53.16683],
          [63.68002, 53.17001],
          [63.68003, 53.17024]
        ]
      }
    },
    {
      "type": "Feature",
      "properties": { "district": null, "kind": "major" },
      "geometry": {
        "type": "LineString",
        "coordinates": [
          [63.6576, 53.16196],
          [63.65749, 53.1614]
        ]
      }
    },
    {
      "type": "Feature",
      "properties": { "district": null, "kind": "major" },
      "geometry": {
        "type": "LineString",
        "coordinates": [
          [63.65791, 53.16364],
          [63.65784, 53.16326]
        ]
      }
    },
    {
      "type": "Feature",
      "properties": { "district": null, "kind": "major" },
      "geometry": {
        "type": "LineString",
        "coordinates": [
          [63.65806, 53.16438],
          [63.65791, 53.16364]
        ]
      }
    },
    {
      "type": "Feature",
      "properties": { "district": null, "kind": "major" },
      "geometry": {
        "type": "LineString",
        "coordinates": [
          [63.65682, 53.15767],
          [63.65641, 53.1555],
          [63.65561, 53.15131],
          [63.65549, 53.15095],
          [63.65528, 53.15064],
          [63.65281, 53.14815],
          [63.65161, 53.14701],
          [63.6495, 53.14489],
          [63.6488, 53.14417],
          [63.64398, 53.1392],
          [63.63963, 53.1347],
          [63.63879, 53.13392],
          [63.63256, 53.12924],
          [63.62585, 53.12448],
          [63.62508, 53.12398],
          [63.6239, 53.12341],
          [63.61638, 53.12024],
          [63.61147, 53.11809],
          [63.60728, 53.11633],
          [63.60374, 53.1148],
          [63.60258, 53.11426],
          [63.6021, 53.11394],
          [63.60077, 53.11289],
          [63.59925, 53.11163],
          [63.59751, 53.10989],
          [63.59665, 53.10901],
          [63.59561, 53.10791]
        ]
      }
    },
    {
      "type": "Feature",
      "properties": { "district": null, "kind": "minor" },
      "geometry": {
        "type": "LineString",
        "coordinates": [
          [63.66949, 53.18211],
          [63.66936, 53.18218],
          [63.66831, 53.18279],
          [63.66822, 53.18292],
          [63.66752, 53.18333],
          [63.66744, 53.18335],
          [63.66735, 53.18336],
          [63.66695, 53.18368],
          [63.66612, 53.18411],
          [63.66607, 53.18414],
          [63.6645, 53.18499],
          [63.66435, 53.18502]
        ]
      }
    },
    {
      "type": "Feature",
      "properties": { "district": null, "kind": "minor" },
      "geometry": {
        "type": "LineString",
        "coordinates": [
          [63.6684, 53.18133],
          [63.66706, 53.18213],
          [63.66618, 53.18262],
          [63.6658, 53.18281],
          [63.66487, 53.18332],
          [63.66404, 53.18378],
          [63.66319, 53.18424]
        ]
      }
    },
    {
      "type": "Feature",
      "properties": { "district": null, "kind": "minor" },
      "geometry": {
        "type": "LineString",
        "coordinates": [
          [63.66451, 53.18523],
          [63.66435, 53.18502],
          [63.66319, 53.18424],
          [63.66148, 53.18314],
          [63.66101, 53.18283],
          [63.66065, 53.18257],
          [63.66018, 53.18222],
          [63.65971, 53.18176],
          [63.65911, 53.18112],
          [63.6589, 53.18099]
        ]
      }
    },
    {
      "type": "Feature",
      "properties": { "district": null, "kind": "minor" },
      "geometry": {
        "type": "LineString",
        "coordinates": [
          [63.66037, 53.17561],
          [63.66013, 53.17575],
          [63.65972, 53.17599],
          [63.6586, 53.17666],
          [63.65753, 53.17727],
          [63.65646, 53.17788],
          [63.65629, 53.17798],
          [63.65541, 53.17849],
          [63.65315, 53.17978]
        ]
      }
    },
    {
      "type": "Feature",
      "properties": { "district": null, "kind": "minor" },
      "geometry": {
        "type": "LineString",
        "coordinates": [
          [63.65615, 53.181],
          [63.65867, 53.17958],
          [63.65889, 53.17945],
          [63.66256, 53.17739],
          [63.66272, 53.1773]
        ]
      }
    },
    {
      "type": "Feature",
      "properties": { "district": null, "kind": "minor" },
      "geometry": {
        "type": "LineString",
        "coordinates": [
          [63.663, 53.18301],
          [63.66373, 53.18265],
          [63.6641, 53.18245],
          [63.66431, 53.18233],
          [63.6647, 53.18212],
          [63.66542, 53.18258],
          [63.6658, 53.18281]
        ]
      }
    },
    {
      "type": "Feature",
      "properties": { "district": null, "kind": "minor" },
      "geometry": {
        "type": "LineString",
        "coordinates": [
          [63.66618, 53.18262],
          [63.66744, 53.18335]
        ]
      }
    },
    {
      "type": "Feature",
      "properties": { "district": null, "kind": "minor" },
      "geometry": {
        "type": "LineString",
        "coordinates": [
          [63.66735, 53.18058],
          [63.66593, 53.18134]
        ]
      }
    },
    {
      "type": "Feature",
      "properties": { "district": null, "kind": "minor" },
      "geometry": {
        "type": "LineString",
        "coordinates": [
          [63.66291, 53.17744],
          [63.65915, 53.17961],
          [63.65892, 53.17974],
          [63.65646, 53.18116]
        ]
      }
    },
    {
      "type": "Feature",
      "properties": { "district": null, "kind": "minor" },
      "geometry": {
        "type": "LineString",
        "coordinates": [
          [63.66185, 53.17668],
          [63.66164, 53.17681],
          [63.65796, 53.17894],
          [63.65775, 53.17906],
          [63.65555, 53.18036],
          [63.65521, 53.18062]
        ]
      }
    },
    {
      "type": "Feature",
      "properties": { "district": null, "kind": "minor" },
      "geometry": {
        "type": "LineString",
        "coordinates": [
          [63.65486, 53.18052],
          [63.65504, 53.18034],
          [63.6552, 53.18024],
          [63.65767, 53.17876],
          [63.66135, 53.17663],
          [63.66158, 53.1765]
        ]
      }
    },
    {
      "type": "Feature",
      "properties": { "district": null, "kind": "minor" },
      "geometry": {
        "type": "LineString",
        "coordinates": [
          [63.64786, 53.17901],
          [63.65222, 53.18113],
          [63.65235, 53.18114],
          [63.65247, 53.18113],
          [63.653, 53.18086],
          [63.65344, 53.18064],
          [63.65385, 53.18053],
          [63.65441, 53.18041]
        ]
      }
    },
    {
      "type": "Feature",
      "properties": { "district": null, "kind": "minor" },
      "geometry": {
        "type": "LineString",
        "coordinates": [
          [63.6641, 53.18245],
          [63.66294, 53.18177],
          [63.66244, 53.18148],
          [63.66125, 53.18081],
          [63.66078, 53.18054]
        ]
      }
    },
    {
      "type": "Feature",
      "properties": { "district": null, "kind": "minor" },
      "geometry": {
        "type": "LineString",
        "coordinates": [
          [63.66627, 53.17982],
          [63.66485, 53.18065],
          [63.66317, 53.18163],
          [63.66306, 53.18169],
          [63.66294, 53.18177]
        ]
      }
    },
    {
      "type": "Feature",
      "properties": { "district": null, "kind": "minor" },
      "geometry": {
        "type": "LineString",
        "coordinates": [
          [63.6598, 53.17367],
          [63.65965, 53.1737],
          [63.65953, 53.17375],
          [63.65771, 53.17481]
        ]
      }
    },
    {
      "type": "Feature",
      "properties": { "district": null, "kind": "minor" },
      "geometry": {
        "type": "LineString",
        "coordinates": [
          [63.6497, 53.17785],
          [63.64988, 53.17774],
          [63.65005, 53.17766],
          [63.65064, 53.1773],
          [63.65317, 53.17583],
          [63.65627, 53.17406]
        ]
      }
    },
    {
      "type": "Feature",
      "properties": { "district": null, "kind": "minor" },
      "geometry": {
        "type": "LineString",
        "coordinates": [
          [63.66077, 53.17623],
          [63.65699, 53.17838],
          [63.65423, 53.18],
          [63.65416, 53.18008],
          [63.65407, 53.18031]
        ]
      }
    },
    {
      "type": "Feature",
      "properties": { "district": null, "kind": "minor" },
      "geometry": {
        "type": "LineString",
        "coordinates": [
          [63.66383, 53.17925],
          [63.66339, 53.1795],
          [63.66336, 53.17958],
          [63.66153, 53.18062]
        ]
      }
    },
    {
      "type": "Feature",
      "properties": { "district": null, "kind": "minor" },
      "geometry": {
        "type": "LineString",
        "coordinates": [
          [63.6748, 53.17885],
          [63.67471, 53.17879],
          [63.67462, 53.1788],
          [63.67381, 53.17922],
          [63.67366, 53.17925],
          [63.67345, 53.17927],
          [63.6731, 53.17921],
          [63.67233, 53.17893],
          [63.67227, 53.17891],
          [63.67129, 53.17862],
          [63.6705, 53.17838],
          [63.66913, 53.178],
          [63.66856, 53.17777],
          [63.66687, 53.17717],
          [63.66629, 53.17701],
          [63.66569, 53.17684],
          [63.66418, 53.17643],
          [63.66226, 53.1759],
          [63.6621, 53.17581]
        ]
      }
    },
    {
      "type": "Feature",
      "properties": { "district": null, "kind": "minor" },
      "geometry": {
        "type": "LineString",
        "coordinates": [
          [63.66262, 53.17723],
          [63.66318, 53.17694],
          [63.66418, 53.17643]
        ]
      }
    },
    {
      "type": "Feature",
      "properties": { "district": null, "kind": "minor" },
      "geometry": {
        "type": "LineString",
        "coordinates": [
          [63.66629, 53.17701],
          [63.66467, 53.17785],
          [63.66444, 53.17791],
          [63.66401, 53.17802],
          [63.66384, 53.1781]
        ]
      }
    },
    {
      "type": "Feature",
      "properties": { "district": null, "kind": "minor" },
      "geometry": {
        "type": "LineString",
        "coordinates": [
          [63.67755, 53.18971],
          [63.6766, 53.18999],
          [63.67624, 53.18988],
          [63.67524, 53.18879],
          [63.67483, 53.18833]
        ]
      }
    },
    {
      "type": "Feature",
      "properties": { "district": null, "kind": "minor" },
      "geometry": {
        "type": "LineString",
        "coordinates": [
          [63.68023, 53.19172],
          [63.6794, 53.19213],
          [63.6766, 53.18999]
        ]
      }
    },
    {
      "type": "Feature",
      "properties": { "district": null, "kind": "minor" },
      "geometry": {
        "type": "LineString",
        "coordinates": [
          [63.67704, 53.18916],
          [63.67901, 53.18852],
          [63.68008, 53.18821],
          [63.68036, 53.18809]
        ]
      }
    },
    {
      "type": "Feature",
      "properties": { "district": null, "kind": "minor" },
      "geometry": {
        "type": "LineString",
        "coordinates": [
          [63.67647, 53.18853],
          [63.67857, 53.18786],
          [63.67887, 53.18766],
          [63.67909, 53.18752]
        ]
      }
    },
    {
      "type": "Feature",
      "properties": { "district": null, "kind": "minor" },
      "geometry": {
        "type": "LineString",
        "coordinates": [
          [63.67587, 53.18788],
          [63.67641, 53.18772],
          [63.67659, 53.18762],
          [63.67702, 53.18749],
          [63.67708, 53.1875],
          [63.67758, 53.18733],
          [63.67772, 53.18722],
          [63.67796, 53.18702]
        ]
      }
    },
    {
      "type": "Feature",
      "properties": { "district": null, "kind": "minor" },
      "geometry": {
        "type": "LineString",
        "coordinates": [
          [63.67531, 53.18726],
          [63.67687, 53.18681],
          [63.67724, 53.1867]
        ]
      }
    },
    {
      "type": "Feature",
      "properties": { "district": null, "kind": "minor" },
      "geometry": {
        "type": "LineString",
        "coordinates": [
          [63.71369, 53.20466],
          [63.71359, 53.2047],
          [63.71335, 53.20478],
          [63.71285, 53.20492],
          [63.7124, 53.20504],
          [63.71189, 53.20518],
          [63.7115, 53.20528],
          [63.71091, 53.20545],
          [63.7109, 53.20547],
          [63.71066, 53.20554],
          [63.71018, 53.20567],
          [63.70949, 53.20586]
        ]
      }
    },
    {
      "type": "Feature",
      "properties": { "district": null, "kind": "minor" },
      "geometry": {
        "type": "LineString",
        "coordinates": [
          [63.7115, 53.20528],
          [63.71184, 53.20572]
        ]
      }
    },
    {
      "type": "Feature",
      "properties": { "district": null, "kind": "minor" },
      "geometry": {
        "type": "LineString",
        "coordinates": [
          [63.7124, 53.20504],
          [63.71274, 53.20546]
        ]
      }
    },
    {
      "type": "Feature",
      "properties": { "district": null, "kind": "minor" },
      "geometry": {
        "type": "LineString",
        "coordinates": [
          [63.71054, 53.20497],
          [63.70979, 53.20517],
          [63.70911, 53.20535]
        ]
      }
    },
    {
      "type": "Feature",
      "properties": { "district": null, "kind": "minor" },
      "geometry": {
        "type": "LineString",
        "coordinates": [
          [63.71018, 53.20567],
          [63.70979, 53.20517]
        ]
      }
    },
    {
      "type": "Feature",
      "properties": { "district": null, "kind": "minor" },
      "geometry": {
        "type": "LineString",
        "coordinates": [
          [63.71285, 53.20492],
          [63.71246, 53.20444]
        ]
      }
    },
    {
      "type": "Feature",
      "properties": { "district": null, "kind": "minor" },
      "geometry": {
        "type": "LineString",
        "coordinates": [
          [63.71183, 53.20388],
          [63.71156, 53.20364],
          [63.7111, 53.20325]
        ]
      }
    },
    {
      "type": "Feature",
      "properties": { "district": null, "kind": "minor" },
      "geometry": {
        "type": "LineString",
        "coordinates": [
          [63.71125, 53.20354],
          [63.71015, 53.20389]
        ]
      }
    },
    {
      "type": "Feature",
      "properties": { "district": null, "kind": "minor" },
      "geometry": {
        "type": "LineString",
        "coordinates": [
          [63.71015, 53.20389],
          [63.71037, 53.20411]
        ]
      }
    },
    {
      "type": "Feature",
      "properties": { "district": null, "kind": "minor" },
      "geometry": {
        "type": "LineString",
        "coordinates": [
          [63.71189, 53.20518],
          [63.71154, 53.2047]
        ]
      }
    },
    {
      "type": "Feature",
      "properties": { "district": null, "kind": "minor" },
      "geometry": {
        "type": "LineString",
        "coordinates": [
          [63.70916, 53.20647],
          [63.70882, 53.20603],
          [63.70871, 53.20589],
          [63.70868, 53.20585],
          [63.70845, 53.20553]
        ]
      }
    },
    {
      "type": "Feature",
      "properties": { "district": null, "kind": "minor" },
      "geometry": {
        "type": "LineString",
        "coordinates": [
          [63.70506, 53.20612],
          [63.7058, 53.20595]
        ]
      }
    },
    {
      "type": "Feature",
      "properties": { "district": null, "kind": "minor" },
      "geometry": {
        "type": "LineString",
        "coordinates": [
          [63.70791, 53.20483],
          [63.708, 53.20485],
          [63.70861, 53.20469]
        ]
      }
    },
    {
      "type": "Feature",
      "properties": { "district": null, "kind": "minor" },
      "geometry": {
        "type": "LineString",
        "coordinates": [
          [63.7064, 53.20647],
          [63.70674, 53.2064],
          [63.70688, 53.20637],
          [63.70738, 53.20625]
        ]
      }
    },
    {
      "type": "Feature",
      "properties": { "district": null, "kind": "minor" },
      "geometry": {
        "type": "LineString",
        "coordinates": [
          [63.70688, 53.20637],
          [63.70713, 53.20675]
        ]
      }
    },
    {
      "type": "Feature",
      "properties": { "district": null, "kind": "minor" },
      "geometry": {
        "type": "LineString",
        "coordinates": [
          [63.70882, 53.20603],
          [63.70831, 53.20616],
          [63.70835, 53.20622],
          [63.70814, 53.20628],
          [63.70816, 53.2063],
          [63.70761, 53.20645]
        ]
      }
    },
    {
      "type": "Feature",
      "properties": { "district": null, "kind": "minor" },
      "geometry": {
        "type": "LineString",
        "coordinates": [
          [63.70674, 53.2064],
          [63.70647, 53.20598]
        ]
      }
    },
    {
      "type": "Feature",
      "properties": { "district": null, "kind": "minor" },
      "geometry": {
        "type": "LineString",
        "coordinates": [
          [63.70868, 53.20585],
          [63.70785, 53.20605],
          [63.70733, 53.20618]
        ]
      }
    },
    {
      "type": "Feature",
      "properties": { "district": null, "kind": "minor" },
      "geometry": {
        "type": "LineString",
        "coordinates": [
          [63.70615, 53.20653],
          [63.70584, 53.20606]
        ]
      }
    },
    {
      "type": "Feature",
      "properties": { "district": null, "kind": "minor" },
      "geometry": {
        "type": "LineString",
        "coordinates": [
          [63.70584, 53.20606],
          [63.7058, 53.20595]
        ]
      }
    },
    {
      "type": "Feature",
      "properties": { "district": null, "kind": "minor" },
      "geometry": {
        "type": "LineString",
        "coordinates": [
          [63.70625, 53.20684],
          [63.70608, 53.20659],
          [63.70606, 53.20656],
          [63.70615, 53.20653],
          [63.7064, 53.20647]
        ]
      }
    },
    {
      "type": "Feature",
      "properties": { "district": null, "kind": "minor" },
      "geometry": {
        "type": "LineString",
        "coordinates": [
          [63.70785, 53.20605],
          [63.70761, 53.20571]
        ]
      }
    },
    {
      "type": "Feature",
      "properties": { "district": null, "kind": "minor" },
      "geometry": {
        "type": "LineString",
        "coordinates": [
          [63.70856, 53.2055],
          [63.70845, 53.20553],
          [63.70795, 53.20565]
        ]
      }
    },
    {
      "type": "Feature",
      "properties": { "district": null, "kind": "minor" },
      "geometry": {
        "type": "LineString",
        "coordinates": [
          [63.71709, 53.20228],
          [63.71664, 53.2021],
          [63.71599, 53.20184],
          [63.71572, 53.20152]
        ]
      }
    },
    {
      "type": "Feature",
      "properties": { "district": null, "kind": "minor" },
      "geometry": {
        "type": "LineString",
        "coordinates": [
          [63.71551, 53.20402],
          [63.7166, 53.20377],
          [63.71785, 53.2035],
          [63.71925, 53.20319]
        ]
      }
    },
    {
      "type": "Feature",
      "properties": { "district": null, "kind": "minor" },
      "geometry": {
        "type": "LineString",
        "coordinates": [
          [63.71595, 53.2032],
          [63.71371, 53.20379],
          [63.71293, 53.20399]
        ]
      }
    },
    {
      "type": "Feature",
      "properties": { "district": null, "kind": "minor" },
      "geometry": {
        "type": "LineString",
        "coordinates": [
          [63.71664, 53.2021],
          [63.71222, 53.20335]
        ]
      }
    },
    {
      "type": "Feature",
      "properties": { "district": null, "kind": "minor" },
      "geometry": {
        "type": "LineString",
        "coordinates": [
          [63.71709, 53.20228],
          [63.71761, 53.20311],
          [63.71785, 53.2035]
        ]
      }
    },
    {
      "type": "Feature",
      "properties": { "district": null, "kind": "minor" },
      "geometry": {
        "type": "LineString",
        "coordinates": [
          [63.71761, 53.20311],
          [63.71634, 53.20335]
        ]
      }
    },
    {
      "type": "Feature",
      "properties": { "district": null, "kind": "minor" },
      "geometry": {
        "type": "LineString",
        "coordinates": [
          [63.71634, 53.20335],
          [63.71613, 53.2034]
        ]
      }
    },
    {
      "type": "Feature",
      "properties": { "district": null, "kind": "major" },
      "geometry": {
        "type": "LineString",
        "coordinates": [
          [63.5649, 53.13735],
          [63.56148, 53.13396]
        ]
      }
    },
    {
      "type": "Feature",
      "properties": { "district": "amangeldy", "kind": "major" },
      "geometry": {
        "type": "LineString",
        "coordinates": [
          [63.56407, 53.13629],
          [63.5662, 53.1384]
        ]
      }
    },
    {
      "type": "Feature",
      "properties": { "district": null, "kind": "minor" },
      "geometry": {
        "type": "LineString",
        "coordinates": [
          [63.66454, 53.18022],
          [63.66405, 53.17993],
          [63.66384, 53.17986],
          [63.66378, 53.17985],
          [63.66336, 53.17958]
        ]
      }
    },
    {
      "type": "Feature",
      "properties": { "district": "narimanovka", "kind": "minor" },
      "geometry": {
        "type": "LineString",
        "coordinates": [
          [63.64378, 53.20489],
          [63.64388, 53.20494],
          [63.64409, 53.20504],
          [63.64423, 53.20507],
          [63.64462, 53.20504],
          [63.64477, 53.20509],
          [63.64529, 53.2054],
          [63.6458, 53.20566],
          [63.64612, 53.20545],
          [63.6463, 53.20531],
          [63.64634, 53.20528]
        ]
      }
    },
    {
      "type": "Feature",
      "properties": { "district": "uzkaya-koleya", "kind": "minor" },
      "geometry": {
        "type": "LineString",
        "coordinates": [
          [63.6596, 53.26311],
          [63.66038, 53.26311],
          [63.66053, 53.26319],
          [63.66184, 53.26378]
        ]
      }
    },
    {
      "type": "Feature",
      "properties": { "district": "center", "kind": "minor" },
      "geometry": {
        "type": "LineString",
        "coordinates": [
          [63.62481, 53.23002],
          [63.62461, 53.22988],
          [63.62319, 53.22881],
          [63.62285, 53.22856]
        ]
      }
    },
    {
      "type": "Feature",
      "properties": { "district": "center", "kind": "minor" },
      "geometry": {
        "type": "LineString",
        "coordinates": [
          [63.61918, 53.22573],
          [63.61925, 53.22579],
          [63.61998, 53.2263],
          [63.62105, 53.22704],
          [63.62121, 53.22715],
          [63.62237, 53.22796],
          [63.62307, 53.22844]
        ]
      }
    },
    {
      "type": "Feature",
      "properties": { "district": "center", "kind": "minor" },
      "geometry": {
        "type": "LineString",
        "coordinates": [
          [63.62307, 53.22844],
          [63.62449, 53.22946],
          [63.62488, 53.22974],
          [63.62508, 53.22988]
        ]
      }
    },
    {
      "type": "Feature",
      "properties": { "district": null, "kind": "major" },
      "geometry": {
        "type": "LineString",
        "coordinates": [
          [63.56913, 53.27738],
          [63.56805, 53.27849]
        ]
      }
    },
    {
      "type": "Feature",
      "properties": { "district": null, "kind": "major" },
      "geometry": {
        "type": "LineString",
        "coordinates": [
          [63.56691, 53.27974],
          [63.566, 53.28071],
          [63.56491, 53.28185],
          [63.56481, 53.28191]
        ]
      }
    },
    {
      "type": "Feature",
      "properties": { "district": "kostanay-2", "kind": "minor" },
      "geometry": {
        "type": "LineString",
        "coordinates": [
          [63.60757, 53.24248],
          [63.6084, 53.24196]
        ]
      }
    },
    {
      "type": "Feature",
      "properties": { "district": "kostanay-2", "kind": "minor" },
      "geometry": {
        "type": "LineString",
        "coordinates": [
          [63.6084, 53.24196],
          [63.60849, 53.242],
          [63.60859, 53.24202],
          [63.6087, 53.24202],
          [63.60876, 53.242],
          [63.61022, 53.24106],
          [63.61165, 53.24012],
          [63.61179, 53.24003],
          [63.61334, 53.23903]
        ]
      }
    },
    {
      "type": "Feature",
      "properties": { "district": "kostanay-2", "kind": "minor" },
      "geometry": {
        "type": "LineString",
        "coordinates": [
          [63.6084, 53.24196],
          [63.60776, 53.2416],
          [63.60761, 53.24151],
          [63.60655, 53.24093],
          [63.60606, 53.24064],
          [63.60544, 53.24031],
          [63.60519, 53.24018],
          [63.60489, 53.24001]
        ]
      }
    },
    {
      "type": "Feature",
      "properties": { "district": null, "kind": "minor" },
      "geometry": {
        "type": "LineString",
        "coordinates": [
          [63.6658, 53.17948],
          [63.66454, 53.18022],
          [63.66265, 53.18131]
        ]
      }
    },
    {
      "type": "Feature",
      "properties": { "district": null, "kind": "minor" },
      "geometry": {
        "type": "LineString",
        "coordinates": [
          [63.66109, 53.18035],
          [63.66153, 53.18062],
          [63.66196, 53.18089],
          [63.66265, 53.18131],
          [63.66317, 53.18163],
          [63.66431, 53.18233]
        ]
      }
    },
    {
      "type": "Feature",
      "properties": { "district": null, "kind": "minor" },
      "geometry": {
        "type": "LineString",
        "coordinates": [
          [63.66078, 53.18054],
          [63.66093, 53.18044],
          [63.66109, 53.18035]
        ]
      }
    },
    {
      "type": "Feature",
      "properties": { "district": null, "kind": "minor" },
      "geometry": {
        "type": "LineString",
        "coordinates": [
          [63.66065, 53.18257],
          [63.66168, 53.18194],
          [63.66244, 53.18148]
        ]
      }
    },
    {
      "type": "Feature",
      "properties": { "district": null, "kind": "minor" },
      "geometry": {
        "type": "LineString",
        "coordinates": [
          [63.66384, 53.17986],
          [63.66196, 53.18089]
        ]
      }
    },
    {
      "type": "Feature",
      "properties": { "district": null, "kind": "minor" },
      "geometry": {
        "type": "LineString",
        "coordinates": [
          [63.65796, 53.17894],
          [63.65889, 53.17945],
          [63.65915, 53.17961],
          [63.66022, 53.18022]
        ]
      }
    },
    {
      "type": "Feature",
      "properties": { "district": null, "kind": "minor" },
      "geometry": {
        "type": "LineString",
        "coordinates": [
          [63.65629, 53.17798],
          [63.65699, 53.17838],
          [63.65767, 53.17876],
          [63.65796, 53.17894]
        ]
      }
    },
    {
      "type": "Feature",
      "properties": { "district": null, "kind": "minor" },
      "geometry": {
        "type": "LineString",
        "coordinates": [
          [63.65997, 53.18036],
          [63.65892, 53.17974],
          [63.65867, 53.17958],
          [63.65775, 53.17906]
        ]
      }
    },
    {
      "type": "Feature",
      "properties": { "district": null, "kind": "minor" },
      "geometry": {
        "type": "LineString",
        "coordinates": [
          [63.66485, 53.18065],
          [63.66593, 53.18134]
        ]
      }
    },
    {
      "type": "Feature",
      "properties": { "district": null, "kind": "minor" },
      "geometry": {
        "type": "LineString",
        "coordinates": [
          [63.66125, 53.18081],
          [63.66053, 53.18125],
          [63.65971, 53.18176],
          [63.65857, 53.18238]
        ]
      }
    },
    {
      "type": "Feature",
      "properties": { "district": "amangeldy", "kind": "major" },
      "geometry": {
        "type": "LineString",
        "coordinates": [
          [63.57038, 53.14279],
          [63.56981, 53.14223],
          [63.56828, 53.14071],
          [63.56813, 53.14056],
          [63.56603, 53.13846]
        ]
      }
    },
    {
      "type": "Feature",
      "properties": { "district": "amangeldy", "kind": "major" },
      "geometry": {
        "type": "LineString",
        "coordinates": [
          [63.57054, 53.14274],
          [63.57154, 53.14375],
          [63.57392, 53.14613],
          [63.57537, 53.14758],
          [63.57849, 53.15069],
          [63.58047, 53.15266]
        ]
      }
    },
    {
      "type": "Feature",
      "properties": { "district": "khimik", "kind": "major" },
      "geometry": {
        "type": "LineString",
        "coordinates": [
          [63.58047, 53.15266],
          [63.58179, 53.154],
          [63.58503, 53.15727],
          [63.58597, 53.15822],
          [63.58884, 53.1611],
          [63.589, 53.16126],
          [63.59236, 53.16459]
        ]
      }
    },
    {
      "type": "Feature",
      "properties": { "district": "center", "kind": "minor" },
      "geometry": {
        "type": "LineString",
        "coordinates": [
          [63.63695, 53.22122],
          [63.63709, 53.22108],
          [63.63848, 53.22034],
          [63.63881, 53.22018],
          [63.63923, 53.22],
          [63.63935, 53.21994],
          [63.63948, 53.21987],
          [63.64054, 53.21933],
          [63.64068, 53.21925],
          [63.64219, 53.21847],
          [63.64246, 53.21845]
        ]
      }
    },
    {
      "type": "Feature",
      "properties": { "district": "narimanovka", "kind": "major" },
      "geometry": {
        "type": "LineString",
        "coordinates": [
          [63.64373, 53.21074],
          [63.64386, 53.21067],
          [63.64459, 53.21028]
        ]
      }
    },
    {
      "type": "Feature",
      "properties": { "district": "center", "kind": "major" },
      "geometry": {
        "type": "LineString",
        "coordinates": [
          [63.64459, 53.21028],
          [63.64531, 53.2099],
          [63.64545, 53.20983]
        ]
      }
    },
    {
      "type": "Feature",
      "properties": { "district": "narimanovka", "kind": "major" },
      "geometry": {
        "type": "LineString",
        "coordinates": [
          [63.64545, 53.20983],
          [63.6456, 53.20975],
          [63.64703, 53.20904],
          [63.64711, 53.20899],
          [63.64716, 53.20896],
          [63.64727, 53.2089]
        ]
      }
    },
    {
      "type": "Feature",
      "properties": { "district": "center", "kind": "major" },
      "geometry": {
        "type": "LineString",
        "coordinates": [
          [63.64727, 53.2089],
          [63.64832, 53.20846]
        ]
      }
    },
    {
      "type": "Feature",
      "properties": { "district": "vokzal", "kind": "minor" },
      "geometry": {
        "type": "LineString",
        "coordinates": [
          [63.62473, 53.23586],
          [63.62512, 53.23594],
          [63.62516, 53.23595],
          [63.62532, 53.23597],
          [63.62554, 53.236],
          [63.62636, 53.23608],
          [63.62727, 53.23615],
          [63.62762, 53.23618],
          [63.62864, 53.23632]
        ]
      }
    },
    {
      "type": "Feature",
      "properties": { "district": "kzhbi", "kind": "major" },
      "geometry": {
        "type": "LineString",
        "coordinates": [
          [63.60953, 53.16914],
          [63.60952, 53.16912],
          [63.60931, 53.1687],
          [63.6092, 53.16843],
          [63.60833, 53.16627],
          [63.60825, 53.16607]
        ]
      }
    },
    {
      "type": "Feature",
      "properties": { "district": "kzhbi", "kind": "major" },
      "geometry": {
        "type": "LineString",
        "coordinates": [
          [63.6188, 53.18095],
          [63.61935, 53.18183],
          [63.61985, 53.18264],
          [63.62023, 53.18317]
        ]
      }
    },
    {
      "type": "Feature",
      "properties": { "district": null, "kind": "minor" },
      "geometry": {
        "type": "LineString",
        "coordinates": [
          [63.50945, 53.15182],
          [63.51043, 53.14928],
          [63.50821, 53.14893],
          [63.50859, 53.14786]
        ]
      }
    },
    {
      "type": "Feature",
      "properties": { "district": null, "kind": "major" },
      "geometry": {
        "type": "LineString",
        "coordinates": [
          [63.56413, 53.13583],
          [63.56512, 53.13574],
          [63.56555, 53.13575],
          [63.56589, 53.13581],
          [63.56612, 53.13591],
          [63.5663, 53.13606],
          [63.56637, 53.13623],
          [63.56636, 53.1364]
        ]
      }
    },
    {
      "type": "Feature",
      "properties": { "district": "amangeldy", "kind": "major" },
      "geometry": {
        "type": "LineString",
        "coordinates": [
          [63.56636, 53.1364],
          [63.56631, 53.13654]
        ]
      }
    },
    {
      "type": "Feature",
      "properties": { "district": null, "kind": "major" },
      "geometry": {
        "type": "LineString",
        "coordinates": [
          [63.67742, 53.1602],
          [63.67712, 53.15902],
          [63.6771, 53.15871]
        ]
      }
    },
    {
      "type": "Feature",
      "properties": { "district": null, "kind": "major" },
      "geometry": {
        "type": "LineString",
        "coordinates": [
          [63.67927, 53.16753],
          [63.67893, 53.16617],
          [63.67833, 53.1641],
          [63.6781, 53.16322],
          [63.67776, 53.16169],
          [63.67742, 53.1602]
        ]
      }
    },
    {
      "type": "Feature",
      "properties": { "district": null, "kind": "major" },
      "geometry": {
        "type": "LineString",
        "coordinates": [
          [63.65704, 53.15889],
          [63.65726, 53.16017]
        ]
      }
    },
    {
      "type": "Feature",
      "properties": { "district": null, "kind": "major" },
      "geometry": {
        "type": "LineString",
        "coordinates": [
          [63.65784, 53.16326],
          [63.6576, 53.16196]
        ]
      }
    },
    {
      "type": "Feature",
      "properties": { "district": null, "kind": "minor" },
      "geometry": {
        "type": "LineString",
        "coordinates": [
          [63.68003, 53.17024],
          [63.68103, 53.17017]
        ]
      }
    },
    {
      "type": "Feature",
      "properties": { "district": null, "kind": "major" },
      "geometry": {
        "type": "LineString",
        "coordinates": [
          [63.65682, 53.15767],
          [63.65697, 53.15852]
        ]
      }
    },
    {
      "type": "Feature",
      "properties": { "district": null, "kind": "major" },
      "geometry": {
        "type": "LineString",
        "coordinates": [
          [63.65697, 53.15852],
          [63.65704, 53.15889]
        ]
      }
    },
    {
      "type": "Feature",
      "properties": { "district": null, "kind": "minor" },
      "geometry": {
        "type": "LineString",
        "coordinates": [
          [63.62864, 53.16106],
          [63.62848, 53.16114],
          [63.62841, 53.16125],
          [63.6284, 53.16141]
        ]
      }
    },
    {
      "type": "Feature",
      "properties": { "district": null, "kind": "minor" },
      "geometry": {
        "type": "LineString",
        "coordinates": [
          [63.6284, 53.16141],
          [63.62827, 53.16127],
          [63.62812, 53.16118],
          [63.62787, 53.16111]
        ]
      }
    },
    {
      "type": "Feature",
      "properties": { "district": "amangeldy", "kind": "minor" },
      "geometry": {
        "type": "LineString",
        "coordinates": [
          [63.58378, 53.14637],
          [63.58518, 53.1457],
          [63.5857, 53.14546],
          [63.58616, 53.14539],
          [63.58706, 53.14505],
          [63.5879, 53.14465]
        ]
      }
    },
    {
      "type": "Feature",
      "properties": { "district": "amangeldy", "kind": "minor" },
      "geometry": {
        "type": "LineString",
        "coordinates": [
          [63.58472, 53.14709],
          [63.5862, 53.14654],
          [63.58683, 53.14634],
          [63.58831, 53.14592]
        ]
      }
    },
    {
      "type": "Feature",
      "properties": { "district": "amangeldy", "kind": "minor" },
      "geometry": {
        "type": "LineString",
        "coordinates": [
          [63.58194, 53.14498],
          [63.58338, 53.14428],
          [63.58466, 53.14529],
          [63.58518, 53.1457],
          [63.5862, 53.14654]
        ]
      }
    },
    {
      "type": "Feature",
      "properties": { "district": "amangeldy", "kind": "minor" },
      "geometry": {
        "type": "LineString",
        "coordinates": [
          [63.57801, 53.14359],
          [63.57771, 53.14401],
          [63.57755, 53.14424],
          [63.57636, 53.14495]
        ]
      }
    },
    {
      "type": "Feature",
      "properties": { "district": "amangeldy", "kind": "minor" },
      "geometry": {
        "type": "LineString",
        "coordinates": [
          [63.57755, 53.14424],
          [63.58128, 53.14688],
          [63.58365, 53.14857]
        ]
      }
    },
    {
      "type": "Feature",
      "properties": { "district": "amangeldy", "kind": "minor" },
      "geometry": {
        "type": "LineString",
        "coordinates": [
          [63.57639, 53.14506],
          [63.57577, 53.14543],
          [63.57518, 53.14572],
          [63.57509, 53.14598],
          [63.57475, 53.14619],
          [63.57449, 53.14621],
          [63.57426, 53.14603],
          [63.57392, 53.14613]
        ]
      }
    },
    {
      "type": "Feature",
      "properties": { "district": "amangeldy", "kind": "minor" },
      "geometry": {
        "type": "LineString",
        "coordinates": [
          [63.57509, 53.14598],
          [63.57668, 53.14758],
          [63.57842, 53.14933],
          [63.57939, 53.15028],
          [63.58105, 53.15186],
          [63.58112, 53.15201],
          [63.58119, 53.15255]
        ]
      }
    },
    {
      "type": "Feature",
      "properties": { "district": "amangeldy", "kind": "minor" },
      "geometry": {
        "type": "LineString",
        "coordinates": [
          [63.58264, 53.14896],
          [63.58275, 53.14888],
          [63.58365, 53.14857],
          [63.58455, 53.14829],
          [63.58464, 53.14827],
          [63.58578, 53.1479]
        ]
      }
    },
    {
      "type": "Feature",
      "properties": { "district": "amangeldy", "kind": "minor" },
      "geometry": {
        "type": "LineString",
        "coordinates": [
          [63.58264, 53.14896],
          [63.57904, 53.14927],
          [63.57842, 53.14933]
        ]
      }
    },
    {
      "type": "Feature",
      "properties": { "district": "amangeldy", "kind": "minor" },
      "geometry": {
        "type": "LineString",
        "coordinates": [
          [63.58286, 53.14969],
          [63.58287, 53.14969],
          [63.58306, 53.14969],
          [63.58313, 53.14969],
          [63.58316, 53.14973],
          [63.5836, 53.15196],
          [63.58362, 53.15207],
          [63.58369, 53.15233]
        ]
      }
    },
    {
      "type": "Feature",
      "properties": { "district": "amangeldy", "kind": "minor" },
      "geometry": {
        "type": "LineString",
        "coordinates": [
          [63.58425, 53.14091],
          [63.58486, 53.14116],
          [63.58548, 53.14154],
          [63.58657, 53.14234],
          [63.58758, 53.1431],
          [63.58759, 53.14311],
          [63.58759, 53.14312],
          [63.58755, 53.14323],
          [63.58755, 53.14326],
          [63.58826, 53.14372]
        ]
      }
    },
    {
      "type": "Feature",
      "properties": { "district": "amangeldy", "kind": "minor" },
      "geometry": {
        "type": "LineString",
        "coordinates": [
          [63.58342, 53.15397],
          [63.58418, 53.15394],
          [63.58737, 53.15378]
        ]
      }
    },
    {
      "type": "Feature",
      "properties": { "district": "amangeldy", "kind": "minor" },
      "geometry": {
        "type": "LineString",
        "coordinates": [
          [63.58411, 53.15341],
          [63.5881, 53.15319],
          [63.58932, 53.15306],
          [63.59098, 53.15294],
          [63.59124, 53.15278],
          [63.59116, 53.15268],
          [63.59099, 53.15255]
        ]
      }
    },
    {
      "type": "Feature",
      "properties": { "district": "amangeldy", "kind": "minor" },
      "geometry": {
        "type": "LineString",
        "coordinates": [
          [63.58752, 53.15206],
          [63.58776, 53.15262],
          [63.5881, 53.15319]
        ]
      }
    },
    {
      "type": "Feature",
      "properties": { "district": "amangeldy", "kind": "minor" },
      "geometry": {
        "type": "LineString",
        "coordinates": [
          [63.58908, 53.15195],
          [63.58914, 53.15223],
          [63.58921, 53.15267],
          [63.58932, 53.15306],
          [63.58945, 53.15325],
          [63.59008, 53.15371],
          [63.59034, 53.15431]
        ]
      }
    },
    {
      "type": "Feature",
      "properties": { "district": "amangeldy", "kind": "minor" },
      "geometry": {
        "type": "LineString",
        "coordinates": [
          [63.58083, 53.15258],
          [63.58148, 53.15324],
          [63.58212, 53.15389]
        ]
      }
    },
    {
      "type": "Feature",
      "properties": { "district": "khimik", "kind": "minor" },
      "geometry": {
        "type": "LineString",
        "coordinates": [
          [63.58212, 53.15389],
          [63.58179, 53.154]
        ]
      }
    },
    {
      "type": "Feature",
      "properties": { "district": "amangeldy", "kind": "minor" },
      "geometry": {
        "type": "LineString",
        "coordinates": [
          [63.59794, 53.15202],
          [63.59868, 53.15282],
          [63.59948, 53.15409],
          [63.60063, 53.15583]
        ]
      }
    },
    {
      "type": "Feature",
      "properties": { "district": "amangeldy", "kind": "minor" },
      "geometry": {
        "type": "LineString",
        "coordinates": [
          [63.59215, 53.14825],
          [63.59177, 53.14827],
          [63.59112, 53.14827],
          [63.59057, 53.14827],
          [63.59031, 53.14828],
          [63.59004, 53.14834],
          [63.58793, 53.14895],
          [63.586, 53.14951]
        ]
      }
    },
    {
      "type": "Feature",
      "properties": { "district": "amangeldy", "kind": "minor" },
      "geometry": {
        "type": "LineString",
        "coordinates": [
          [63.5922, 53.14957],
          [63.59126, 53.1495],
          [63.59109, 53.14949],
          [63.5909, 53.14949],
          [63.59049, 53.14954],
          [63.59005, 53.14962],
          [63.58922, 53.14985],
          [63.58869, 53.14985],
          [63.58863, 53.14986],
          [63.58683, 53.15013]
        ]
      }
    },
    {
      "type": "Feature",
      "properties": { "district": "amangeldy", "kind": "minor" },
      "geometry": {
        "type": "LineString",
        "coordinates": [
          [63.59005, 53.14962],
          [63.59068, 53.15148]
        ]
      }
    },
    {
      "type": "Feature",
      "properties": { "district": "amangeldy", "kind": "minor" },
      "geometry": {
        "type": "LineString",
        "coordinates": [
          [63.59288, 53.15126],
          [63.59068, 53.15148],
          [63.59003, 53.15154],
          [63.58992, 53.15155],
          [63.58972, 53.15158],
          [63.58921, 53.15163],
          [63.5893, 53.15193]
        ]
      }
    },
    {
      "type": "Feature",
      "properties": { "district": "amangeldy", "kind": "minor" },
      "geometry": {
        "type": "LineString",
        "coordinates": [
          [63.5971, 53.14839],
          [63.59722, 53.14832],
          [63.60183, 53.14617],
          [63.60189, 53.14617],
          [63.60231, 53.14632]
        ]
      }
    },
    {
      "type": "Feature",
      "properties": { "district": "vokzal", "kind": "minor" },
      "geometry": {
        "type": "LineString",
        "coordinates": [
          [63.61024, 53.22435],
          [63.61065, 53.22411],
          [63.61067, 53.22408],
          [63.61066, 53.22404]
        ]
      }
    },
    {
      "type": "Feature",
      "properties": { "district": null, "kind": "minor" },
      "geometry": {
        "type": "LineString",
        "coordinates": [
          [63.56289, 53.22725],
          [63.56396, 53.22799],
          [63.56473, 53.22854],
          [63.56712, 53.23024],
          [63.56894, 53.22994]
        ]
      }
    },
    {
      "type": "Feature",
      "properties": { "district": "kostanay-2", "kind": "minor" },
      "geometry": {
        "type": "LineString",
        "coordinates": [
          [63.56894, 53.22994],
          [63.56922, 53.22992],
          [63.56932, 53.22993],
          [63.5705, 53.23008]
        ]
      }
    },
    {
      "type": "Feature",
      "properties": { "district": "aeroport", "kind": "minor" },
      "geometry": {
        "type": "LineString",
        "coordinates": [
          [63.57447, 53.21442],
          [63.57352, 53.21449],
          [63.57329, 53.21449],
          [63.57285, 53.2145],
          [63.57237, 53.21455],
          [63.57034, 53.21478],
          [63.57013, 53.21489],
          [63.57012, 53.21502],
          [63.57034, 53.21523],
          [63.57057, 53.21536],
          [63.57155, 53.21579],
          [63.57236, 53.21615]
        ]
      }
    },
    {
      "type": "Feature",
      "properties": { "district": "kostanay-2", "kind": "minor" },
      "geometry": {
        "type": "LineString",
        "coordinates": [
          [63.5705, 53.23008],
          [63.57081, 53.22965],
          [63.57106, 53.22914],
          [63.57122, 53.22889],
          [63.57183, 53.22802]
        ]
      }
    },
    {
      "type": "Feature",
      "properties": { "district": null, "kind": "minor" },
      "geometry": {
        "type": "LineString",
        "coordinates": [
          [63.71057, 53.21496],
          [63.71081, 53.21483],
          [63.713, 53.21628],
          [63.71423, 53.2171],
          [63.71518, 53.21772],
          [63.71494, 53.21785]
        ]
      }
    },
    {
      "type": "Feature",
      "properties": { "district": null, "kind": "minor" },
      "geometry": {
        "type": "LineString",
        "coordinates": [
          [63.71968, 53.22101],
          [63.71971, 53.22099],
          [63.72004, 53.22081],
          [63.72144, 53.22007],
          [63.72307, 53.21917],
          [63.72466, 53.21832],
          [63.72557, 53.21784],
          [63.72606, 53.21758],
          [63.72659, 53.21733],
          [63.72796, 53.21679],
          [63.72894, 53.21645],
          [63.72953, 53.21623],
          [63.7331, 53.2149]
        ]
      }
    },
    {
      "type": "Feature",
      "properties": { "district": "kzhbi", "kind": "major" },
      "geometry": {
        "type": "LineString",
        "coordinates": [
          [63.5858, 53.18564],
          [63.58586, 53.18596]
        ]
      }
    },
    {
      "type": "Feature",
      "properties": { "district": "kzhbi", "kind": "major" },
      "geometry": {
        "type": "LineString",
        "coordinates": [
          [63.58535, 53.18317],
          [63.58543, 53.1836],
          [63.58545, 53.18369],
          [63.5856, 53.18455],
          [63.58563, 53.18467],
          [63.58565, 53.1848],
          [63.5858, 53.18564]
        ]
      }
    },
    {
      "type": "Feature",
      "properties": { "district": "amangeldy", "kind": "minor" },
      "geometry": {
        "type": "LineString",
        "coordinates": [
          [63.58683, 53.15013],
          [63.58665, 53.15],
          [63.58643, 53.14983],
          [63.586, 53.14951],
          [63.58592, 53.14945],
          [63.58578, 53.14935],
          [63.58537, 53.14904],
          [63.58523, 53.14891],
          [63.58493, 53.14864],
          [63.58464, 53.14827]
        ]
      }
    },
    {
      "type": "Feature",
      "properties": { "district": "amangeldy", "kind": "minor" },
      "geometry": {
        "type": "LineString",
        "coordinates": [
          [63.59436, 53.14701],
          [63.59394, 53.1472],
          [63.59328, 53.14751],
          [63.59229, 53.14798],
          [63.5921, 53.14807]
        ]
      }
    },
    {
      "type": "Feature",
      "properties": { "district": "amangeldy", "kind": "minor" },
      "geometry": {
        "type": "LineString",
        "coordinates": [
          [63.59394, 53.1472],
          [63.59615, 53.14841],
          [63.59616, 53.14843],
          [63.59616, 53.14848],
          [63.59614, 53.14853],
          [63.59609, 53.14865],
          [63.59635, 53.14867],
          [63.59658, 53.14868],
          [63.59678, 53.14871],
          [63.59751, 53.14907],
          [63.59849, 53.14961],
          [63.5984, 53.14979]
        ]
      }
    },
    {
      "type": "Feature",
      "properties": { "district": "amangeldy", "kind": "minor" },
      "geometry": {
        "type": "LineString",
        "coordinates": [
          [63.59849, 53.14961],
          [63.59855, 53.14955],
          [63.5986, 53.14946],
          [63.59852, 53.14935],
          [63.59839, 53.14926],
          [63.59759, 53.14872],
          [63.5971, 53.14839],
          [63.59656, 53.14811],
          [63.59559, 53.14753],
          [63.5945, 53.14703],
          [63.59436, 53.14701]
        ]
      }
    },
    {
      "type": "Feature",
      "properties": { "district": "amangeldy", "kind": "minor" },
      "geometry": {
        "type": "LineString",
        "coordinates": [
          [63.5967, 53.15065],
          [63.5948, 53.14952]
        ]
      }
    },
    {
      "type": "Feature",
      "properties": { "district": "amangeldy", "kind": "minor" },
      "geometry": {
        "type": "LineString",
        "coordinates": [
          [63.57581, 53.14457],
          [63.57636, 53.14495],
          [63.57639, 53.14506],
          [63.57729, 53.14565],
          [63.57894, 53.14673],
          [63.58085, 53.14806]
        ]
      }
    },
    {
      "type": "Feature",
      "properties": { "district": null, "kind": "minor" },
      "geometry": {
        "type": "LineString",
        "coordinates": [
          [63.714, 53.21722],
          [63.71423, 53.2171]
        ]
      }
    },
    {
      "type": "Feature",
      "properties": { "district": null, "kind": "minor" },
      "geometry": {
        "type": "LineString",
        "coordinates": [
          [63.68835, 53.21063],
          [63.68892, 53.21307],
          [63.68941, 53.2152],
          [63.68945, 53.21539]
        ]
      }
    },
    {
      "type": "Feature",
      "properties": { "district": null, "kind": "minor" },
      "geometry": {
        "type": "LineString",
        "coordinates": [
          [63.70718, 53.19888],
          [63.70733, 53.19876],
          [63.70762, 53.19848],
          [63.70782, 53.19831],
          [63.70828, 53.19788],
          [63.70868, 53.19752],
          [63.70901, 53.19722],
          [63.70949, 53.19679]
        ]
      }
    },
    {
      "type": "Feature",
      "properties": { "district": null, "kind": "minor" },
      "geometry": {
        "type": "LineString",
        "coordinates": [
          [63.70174, 53.19545],
          [63.70254, 53.19559],
          [63.70319, 53.19573],
          [63.70395, 53.19584],
          [63.70483, 53.19602],
          [63.7079, 53.19666]
        ]
      }
    },
    {
      "type": "Feature",
      "properties": { "district": "aeroport", "kind": "minor" },
      "geometry": {
        "type": "LineString",
        "coordinates": [
          [63.57174, 53.21855],
          [63.57171, 53.21858],
          [63.57161, 53.21874],
          [63.57144, 53.21901],
          [63.57129, 53.21919],
          [63.57113, 53.21939],
          [63.5707, 53.21985],
          [63.57046, 53.22004],
          [63.57037, 53.22011],
          [63.57032, 53.22015]
        ]
      }
    },
    {
      "type": "Feature",
      "properties": { "district": "aeroport", "kind": "minor" },
      "geometry": {
        "type": "LineString",
        "coordinates": [
          [63.57161, 53.21874],
          [63.57174, 53.21876],
          [63.57178, 53.21877],
          [63.57181, 53.2188],
          [63.57181, 53.21883],
          [63.57172, 53.21897],
          [63.57171, 53.21901],
          [63.57173, 53.21904],
          [63.57179, 53.21907],
          [63.57205, 53.21913],
          [63.57243, 53.21922]
        ]
      }
    },
    {
      "type": "Feature",
      "properties": { "district": "aeroport", "kind": "minor" },
      "geometry": {
        "type": "LineString",
        "coordinates": [
          [63.57494, 53.21698],
          [63.57473, 53.21702],
          [63.57446, 53.21705],
          [63.57422, 53.21707],
          [63.57403, 53.21708],
          [63.5738, 53.21705],
          [63.57368, 53.21701],
          [63.57353, 53.21695],
          [63.57343, 53.2169],
          [63.57332, 53.21684],
          [63.57315, 53.21674],
          [63.57307, 53.21669],
          [63.57294, 53.2166],
          [63.57236, 53.21615]
        ]
      }
    },
    {
      "type": "Feature",
      "properties": { "district": null, "kind": "minor" },
      "geometry": {
        "type": "LineString",
        "coordinates": [
          [63.51029, 53.25989],
          [63.49976, 53.26646],
          [63.4993, 53.26673],
          [63.49879, 53.26697],
          [63.49828, 53.26714],
          [63.49778, 53.26726],
          [63.49732, 53.26734],
          [63.4968, 53.2674],
          [63.49627, 53.26741],
          [63.49568, 53.26739],
          [63.49519, 53.26733],
          [63.49451, 53.2672],
          [63.49401, 53.26709]
        ]
      }
    },
    {
      "type": "Feature",
      "properties": { "district": "amangeldy", "kind": "minor" },
      "geometry": {
        "type": "LineString",
        "coordinates": [
          [63.59195, 53.15449],
          [63.59204, 53.15478],
          [63.59242, 53.15497],
          [63.59338, 53.15504]
        ]
      }
    },
    {
      "type": "Feature",
      "properties": { "district": "khimik", "kind": "minor" },
      "geometry": {
        "type": "LineString",
        "coordinates": [
          [63.59338, 53.15504],
          [63.59377, 53.15507],
          [63.59414, 53.15516],
          [63.5944, 53.15522],
          [63.59469, 53.15518],
          [63.59526, 53.1551]
        ]
      }
    },
    {
      "type": "Feature",
      "properties": { "district": null, "kind": "major" },
      "geometry": {
        "type": "LineString",
        "coordinates": [
          [63.67245, 53.16361],
          [63.67357, 53.16372],
          [63.67488, 53.16377],
          [63.67613, 53.16377],
          [63.67777, 53.1637]
        ]
      }
    },
    {
      "type": "Feature",
      "properties": { "district": "amangeldy", "kind": "minor" },
      "geometry": {
        "type": "LineString",
        "coordinates": [
          [63.60658, 53.1554],
          [63.60683, 53.15568],
          [63.60691, 53.15579],
          [63.60709, 53.15601],
          [63.60734, 53.15617]
        ]
      }
    },
    {
      "type": "Feature",
      "properties": { "district": "khimik", "kind": "minor" },
      "geometry": {
        "type": "LineString",
        "coordinates": [
          [63.60734, 53.15617],
          [63.60785, 53.15648],
          [63.60788, 53.15653],
          [63.60792, 53.15664],
          [63.60796, 53.15669],
          [63.60812, 53.15685],
          [63.60813, 53.15693],
          [63.60812, 53.15699],
          [63.60804, 53.15715],
          [63.60804, 53.15725],
          [63.60811, 53.15756]
        ]
      }
    },
    {
      "type": "Feature",
      "properties": { "district": "amangeldy", "kind": "minor" },
      "geometry": {
        "type": "LineString",
        "coordinates": [
          [63.60691, 53.15579],
          [63.60765, 53.15539],
          [63.60786, 53.15536],
          [63.60808, 53.15546],
          [63.60863, 53.15573]
        ]
      }
    },
    {
      "type": "Feature",
      "properties": { "district": null, "kind": "minor" },
      "geometry": {
        "type": "LineString",
        "coordinates": [
          [63.69467, 53.22045],
          [63.69475, 53.2194],
          [63.69471, 53.21929],
          [63.69453, 53.21906],
          [63.69443, 53.21842],
          [63.69449, 53.21825]
        ]
      }
    },
    {
      "type": "Feature",
      "properties": { "district": null, "kind": "minor" },
      "geometry": {
        "type": "LineString",
        "coordinates": [
          [63.68979, 53.21717],
          [63.68967, 53.21798],
          [63.69084, 53.21823],
          [63.69115, 53.2188],
          [63.69471, 53.21929]
        ]
      }
    },
    {
      "type": "Feature",
      "properties": { "district": "aeroport", "kind": "minor" },
      "geometry": {
        "type": "LineString",
        "coordinates": [
          [63.56715, 53.21918],
          [63.56716, 53.21913],
          [63.5672, 53.21909],
          [63.56859, 53.21828],
          [63.56909, 53.21802],
          [63.56921, 53.218],
          [63.56933, 53.21801],
          [63.56957, 53.21806],
          [63.5703, 53.21822]
        ]
      }
    },
    {
      "type": "Feature",
      "properties": { "district": "kzhbi", "kind": "minor" },
      "geometry": {
        "type": "LineString",
        "coordinates": [
          [63.61437, 53.17409],
          [63.61447, 53.17411],
          [63.61454, 53.17413],
          [63.61463, 53.17413],
          [63.61473, 53.17414],
          [63.61485, 53.17413],
          [63.61493, 53.17413],
          [63.61521, 53.17405],
          [63.61542, 53.17397],
          [63.61553, 53.1739],
          [63.61567, 53.17382],
          [63.61579, 53.17373],
          [63.61583, 53.17364],
          [63.61579, 53.17356],
          [63.61558, 53.17338],
          [63.6155, 53.17332],
          [63.6149, 53.17288]
        ]
      }
    },
    {
      "type": "Feature",
      "properties": { "district": null, "kind": "minor" },
      "geometry": {
        "type": "LineString",
        "coordinates": [
          [63.68633, 53.21335],
          [63.68728, 53.21353],
          [63.68719, 53.21435],
          [63.68719, 53.2153],
          [63.68722, 53.21633],
          [63.68717, 53.21656]
        ]
      }
    },
    {
      "type": "Feature",
      "properties": { "district": null, "kind": "minor" },
      "geometry": {
        "type": "LineString",
        "coordinates": [
          [63.69712, 53.21726],
          [63.69639, 53.21873]
        ]
      }
    },
    {
      "type": "Feature",
      "properties": { "district": null, "kind": "minor" },
      "geometry": {
        "type": "LineString",
        "coordinates": [
          [63.68827, 53.21525],
          [63.68841, 53.21645],
          [63.68837, 53.21684]
        ]
      }
    },
    {
      "type": "Feature",
      "properties": { "district": "zelenstroy", "kind": "minor" },
      "geometry": {
        "type": "LineString",
        "coordinates": [
          [63.70298, 53.25272],
          [63.70248, 53.25182],
          [63.70225, 53.25148],
          [63.70197, 53.25106]
        ]
      }
    },
    {
      "type": "Feature",
      "properties": { "district": "perevalovka", "kind": "minor" },
      "geometry": {
        "type": "LineString",
        "coordinates": [
          [63.66118, 53.22688],
          [63.66127, 53.22704],
          [63.66135, 53.22715],
          [63.6615, 53.22724]
        ]
      }
    },
    {
      "type": "Feature",
      "properties": { "district": "perevalovka", "kind": "minor" },
      "geometry": {
        "type": "LineString",
        "coordinates": [
          [63.65437, 53.22453],
          [63.65577, 53.22562],
          [63.65635, 53.2261]
        ]
      }
    },
    {
      "type": "Feature",
      "properties": { "district": "vokzal", "kind": "major" },
      "geometry": {
        "type": "LineString",
        "coordinates": [
          [63.60907, 53.22619],
          [63.60921, 53.22627],
          [63.61043, 53.22694],
          [63.61064, 53.22706],
          [63.6112, 53.22739],
          [63.61127, 53.22743]
        ]
      }
    },
    {
      "type": "Feature",
      "properties": { "district": "center", "kind": "major" },
      "geometry": {
        "type": "LineString",
        "coordinates": [
          [63.63842, 53.22153],
          [63.63833, 53.22157],
          [63.63781, 53.22182]
        ]
      }
    },
    {
      "type": "Feature",
      "properties": { "district": "vokzal", "kind": "minor" },
      "geometry": {
        "type": "LineString",
        "coordinates": [
          [63.60225, 53.22405],
          [63.60244, 53.22404],
          [63.60266, 53.22378],
          [63.60341, 53.22293]
        ]
      }
    },
    {
      "type": "Feature",
      "properties": { "district": "dostyk", "kind": "minor" },
      "geometry": {
        "type": "LineString",
        "coordinates": [
          [63.53764, 53.15354],
          [63.54025, 53.15355]
        ]
      }
    },
    {
      "type": "Feature",
      "properties": { "district": "dostyk", "kind": "minor" },
      "geometry": {
        "type": "LineString",
        "coordinates": [
          [63.53767, 53.15283],
          [63.53762, 53.15285],
          [63.53759, 53.15291],
          [63.53764, 53.15354],
          [63.53765, 53.15406],
          [63.53767, 53.15479]
        ]
      }
    },
    {
      "type": "Feature",
      "properties": { "district": "dostyk", "kind": "minor" },
      "geometry": {
        "type": "LineString",
        "coordinates": [
          [63.54093, 53.15783],
          [63.54538, 53.15673]
        ]
      }
    },
    {
      "type": "Feature",
      "properties": { "district": "dostyk", "kind": "minor" },
      "geometry": {
        "type": "LineString",
        "coordinates": [
          [63.53396, 53.15615],
          [63.53641, 53.15613],
          [63.53694, 53.15607],
          [63.5378, 53.15593],
          [63.53868, 53.15581],
          [63.53943, 53.15567],
          [63.53988, 53.15484]
        ]
      }
    },
    {
      "type": "Feature",
      "properties": { "district": "dostyk", "kind": "minor" },
      "geometry": {
        "type": "LineString",
        "coordinates": [
          [63.53135, 53.15839],
          [63.53155, 53.1594],
          [63.53167, 53.15988],
          [63.53178, 53.16023],
          [63.53179, 53.16025],
          [63.53181, 53.16027],
          [63.53186, 53.16027],
          [63.53269, 53.16028],
          [63.53384, 53.16029],
          [63.53471, 53.1603],
          [63.53523, 53.1603],
          [63.53642, 53.16031],
          [63.53726, 53.16034],
          [63.53847, 53.16034],
          [63.53904, 53.16039],
          [63.53962, 53.16049],
          [63.54074, 53.16067],
          [63.542, 53.16089],
          [63.54406, 53.16134],
          [63.54597, 53.162]
        ]
      }
    },
    {
      "type": "Feature",
      "properties": { "district": "dostyk", "kind": "minor" },
      "geometry": {
        "type": "LineString",
        "coordinates": [
          [63.53386, 53.15425],
          [63.53395, 53.15277]
        ]
      }
    },
    {
      "type": "Feature",
      "properties": { "district": "dostyk", "kind": "minor" },
      "geometry": {
        "type": "LineString",
        "coordinates": [
          [63.53551, 53.15427],
          [63.53386, 53.15425],
          [63.53076, 53.15423]
        ]
      }
    },
    {
      "type": "Feature",
      "properties": { "district": "dostyk", "kind": "minor" },
      "geometry": {
        "type": "LineString",
        "coordinates": [
          [63.53465, 53.15526],
          [63.53088, 53.15522]
        ]
      }
    },
    {
      "type": "Feature",
      "properties": { "district": "dostyk", "kind": "minor" },
      "geometry": {
        "type": "LineString",
        "coordinates": [
          [63.53392, 53.1562],
          [63.53107, 53.15621]
        ]
      }
    },
    {
      "type": "Feature",
      "properties": { "district": "dostyk", "kind": "minor" },
      "geometry": {
        "type": "LineString",
        "coordinates": [
          [63.53389, 53.15739],
          [63.53122, 53.15739]
        ]
      }
    },
    {
      "type": "Feature",
      "properties": { "district": "dostyk", "kind": "minor" },
      "geometry": {
        "type": "LineString",
        "coordinates": [
          [63.53387, 53.1584],
          [63.53135, 53.15839],
          [63.53103, 53.15839],
          [63.53069, 53.15847]
        ]
      }
    },
    {
      "type": "Feature",
      "properties": { "district": "dostyk", "kind": "minor" },
      "geometry": {
        "type": "LineString",
        "coordinates": [
          [63.53384, 53.16029],
          [63.53387, 53.1584],
          [63.53389, 53.15739],
          [63.53392, 53.1562],
          [63.53396, 53.15615],
          [63.53399, 53.15597],
          [63.53407, 53.15587],
          [63.53465, 53.15526],
          [63.53511, 53.15477],
          [63.53551, 53.15427],
          [63.53572, 53.15401],
          [63.53618, 53.15339],
          [63.53628, 53.15297],
          [63.53627, 53.15233]
        ]
      }
    },
    {
      "type": "Feature",
      "properties": { "district": "amangeldy", "kind": "minor" },
      "geometry": {
        "type": "LineString",
        "coordinates": [
          [63.58226, 53.14098],
          [63.58293, 53.14129],
          [63.58408, 53.14207],
          [63.58467, 53.14247],
          [63.58476, 53.14253],
          [63.58645, 53.14368],
          [63.58657, 53.14376],
          [63.5879, 53.14465],
          [63.59052, 53.14641],
          [63.59156, 53.1471],
          [63.59163, 53.14715],
          [63.5917, 53.14727],
          [63.59189, 53.14759],
          [63.5921, 53.14807],
          [63.59215, 53.14825]
        ]
      }
    },
    {
      "type": "Feature",
      "properties": { "district": "amangeldy", "kind": "minor" },
      "geometry": {
        "type": "LineString",
        "coordinates": [
          [63.59306, 53.15168],
          [63.59288, 53.15126],
          [63.59245, 53.1503],
          [63.59223, 53.14982],
          [63.5922, 53.14957],
          [63.59226, 53.14895],
          [63.59215, 53.14825]
        ]
      }
    },
    {
      "type": "Feature",
      "properties": { "district": "amangeldy", "kind": "minor" },
      "geometry": {
        "type": "LineString",
        "coordinates": [
          [63.57698, 53.14664],
          [63.57751, 53.14648],
          [63.57787, 53.14673],
          [63.57822, 53.14706],
          [63.57887, 53.14764],
          [63.57948, 53.14822]
        ]
      }
    },
    {
      "type": "Feature",
      "properties": { "district": "amangeldy", "kind": "minor" },
      "geometry": {
        "type": "LineString",
        "coordinates": [
          [63.57764, 53.14725],
          [63.57826, 53.14788],
          [63.57887, 53.14764]
        ]
      }
    },
    {
      "type": "Feature",
      "properties": { "district": "amangeldy", "kind": "minor" },
      "geometry": {
        "type": "LineString",
        "coordinates": [
          [63.57894, 53.14673],
          [63.57833, 53.14701],
          [63.57822, 53.14706],
          [63.57764, 53.14725],
          [63.57754, 53.14729],
          [63.57686, 53.14749],
          [63.57668, 53.14758]
        ]
      }
    },
    {
      "type": "Feature",
      "properties": { "district": "amangeldy", "kind": "minor" },
      "geometry": {
        "type": "LineString",
        "coordinates": [
          [63.57577, 53.14543],
          [63.57654, 53.14607],
          [63.57682, 53.14638],
          [63.57689, 53.14647],
          [63.57696, 53.14656],
          [63.57698, 53.14664],
          [63.57699, 53.14721],
          [63.57698, 53.1473],
          [63.57695, 53.14737],
          [63.57686, 53.14749]
        ]
      }
    },
    {
      "type": "Feature",
      "properties": { "district": "amangeldy", "kind": "minor" },
      "geometry": {
        "type": "LineString",
        "coordinates": [
          [63.58058, 53.13969],
          [63.58008, 53.13995],
          [63.5788, 53.14063],
          [63.57775, 53.14119],
          [63.57707, 53.14157],
          [63.57684, 53.14174]
        ]
      }
    },
    {
      "type": "Feature",
      "properties": { "district": "amangeldy", "kind": "minor" },
      "geometry": {
        "type": "LineString",
        "coordinates": [
          [63.57815, 53.14261],
          [63.57804, 53.14263],
          [63.57792, 53.14264],
          [63.57777, 53.14261],
          [63.57763, 53.14257],
          [63.57689, 53.14233]
        ]
      }
    },
    {
      "type": "Feature",
      "properties": { "district": "amangeldy", "kind": "minor" },
      "geometry": {
        "type": "LineString",
        "coordinates": [
          [63.5786, 53.14291],
          [63.57815, 53.14261],
          [63.57755, 53.1422],
          [63.57684, 53.14174],
          [63.57574, 53.14098]
        ]
      }
    },
    {
      "type": "Feature",
      "properties": { "district": "zapadny", "kind": "minor" },
      "geometry": {
        "type": "LineString",
        "coordinates": [
          [63.59709, 53.20498],
          [63.59972, 53.20478]
        ]
      }
    },
    {
      "type": "Feature",
      "properties": { "district": "zapadny", "kind": "minor" },
      "geometry": {
        "type": "LineString",
        "coordinates": [
          [63.60747, 53.2063],
          [63.60583, 53.20718],
          [63.60412, 53.2081]
        ]
      }
    },
    {
      "type": "Feature",
      "properties": { "district": "amangeldy", "kind": "minor" },
      "geometry": {
        "type": "LineString",
        "coordinates": [
          [63.59492, 53.14944],
          [63.59682, 53.15057]
        ]
      }
    },
    {
      "type": "Feature",
      "properties": { "district": "ksk", "kind": "minor" },
      "geometry": {
        "type": "LineString",
        "coordinates": [
          [63.68071, 53.23865],
          [63.68061, 53.2387],
          [63.68039, 53.2388],
          [63.68021, 53.23888],
          [63.68002, 53.23897],
          [63.67926, 53.23933],
          [63.6788, 53.23955]
        ]
      }
    },
    {
      "type": "Feature",
      "properties": { "district": "kostanay-2", "kind": "minor" },
      "geometry": {
        "type": "LineString",
        "coordinates": [
          [63.56572, 53.24217],
          [63.56459, 53.24293],
          [63.56457, 53.24307]
        ]
      }
    },
    {
      "type": "Feature",
      "properties": { "district": "kostanay-2", "kind": "minor" },
      "geometry": {
        "type": "LineString",
        "coordinates": [
          [63.58718, 53.22051],
          [63.58732, 53.22062],
          [63.58952, 53.22167]
        ]
      }
    },
    {
      "type": "Feature",
      "properties": { "district": null, "kind": "minor" },
      "geometry": {
        "type": "LineString",
        "coordinates": [
          [63.70715, 53.20285],
          [63.70785, 53.20264]
        ]
      }
    },
    {
      "type": "Feature",
      "properties": { "district": null, "kind": "minor" },
      "geometry": {
        "type": "LineString",
        "coordinates": [
          [63.7058, 53.20595],
          [63.7055, 53.20542]
        ]
      }
    },
    {
      "type": "Feature",
      "properties": { "district": null, "kind": "minor" },
      "geometry": {
        "type": "LineString",
        "coordinates": [
          [63.70644, 53.20593],
          [63.70647, 53.20598]
        ]
      }
    },
    {
      "type": "Feature",
      "properties": { "district": null, "kind": "minor" },
      "geometry": {
        "type": "LineString",
        "coordinates": [
          [63.70584, 53.20606],
          [63.70644, 53.20593]
        ]
      }
    },
    {
      "type": "Feature",
      "properties": { "district": null, "kind": "minor" },
      "geometry": {
        "type": "LineString",
        "coordinates": [
          [63.70738, 53.20625],
          [63.70733, 53.20618],
          [63.70711, 53.20584]
        ]
      }
    },
    {
      "type": "Feature",
      "properties": { "district": null, "kind": "minor" },
      "geometry": {
        "type": "LineString",
        "coordinates": [
          [63.70681, 53.2071],
          [63.70659, 53.20676],
          [63.7064, 53.20647]
        ]
      }
    },
    {
      "type": "Feature",
      "properties": { "district": null, "kind": "minor" },
      "geometry": {
        "type": "LineString",
        "coordinates": [
          [63.70745, 53.20419],
          [63.70791, 53.20483]
        ]
      }
    },
    {
      "type": "Feature",
      "properties": { "district": null, "kind": "minor" },
      "geometry": {
        "type": "LineString",
        "coordinates": [
          [63.71091, 53.20545],
          [63.71054, 53.20497]
        ]
      }
    },
    {
      "type": "Feature",
      "properties": { "district": null, "kind": "minor" },
      "geometry": {
        "type": "LineString",
        "coordinates": [
          [63.71015, 53.20389],
          [63.70953, 53.20353]
        ]
      }
    },
    {
      "type": "Feature",
      "properties": { "district": null, "kind": "minor" },
      "geometry": {
        "type": "LineString",
        "coordinates": [
          [63.71037, 53.20411],
          [63.71156, 53.20364]
        ]
      }
    },
    {
      "type": "Feature",
      "properties": { "district": null, "kind": "minor" },
      "geometry": {
        "type": "LineString",
        "coordinates": [
          [63.71251, 53.20361],
          [63.71183, 53.20388]
        ]
      }
    },
    {
      "type": "Feature",
      "properties": { "district": null, "kind": "minor" },
      "geometry": {
        "type": "LineString",
        "coordinates": [
          [63.71591, 53.20456],
          [63.71561, 53.20416],
          [63.71551, 53.20402]
        ]
      }
    },
    {
      "type": "Feature",
      "properties": { "district": null, "kind": "minor" },
      "geometry": {
        "type": "LineString",
        "coordinates": [
          [63.71613, 53.2034],
          [63.71595, 53.2032]
        ]
      }
    },
    {
      "type": "Feature",
      "properties": { "district": null, "kind": "minor" },
      "geometry": {
        "type": "LineString",
        "coordinates": [
          [63.71634, 53.20335],
          [63.7166, 53.20377]
        ]
      }
    },
    {
      "type": "Feature",
      "properties": { "district": null, "kind": "minor" },
      "geometry": {
        "type": "LineString",
        "coordinates": [
          [63.71757, 53.20217],
          [63.7174, 53.20221],
          [63.71709, 53.20228]
        ]
      }
    },
    {
      "type": "Feature",
      "properties": { "district": null, "kind": "minor" },
      "geometry": {
        "type": "LineString",
        "coordinates": [
          [63.71789, 53.20267],
          [63.71757, 53.20217]
        ]
      }
    },
    {
      "type": "Feature",
      "properties": { "district": null, "kind": "minor" },
      "geometry": {
        "type": "LineString",
        "coordinates": [
          [63.71837, 53.20254],
          [63.71789, 53.20267]
        ]
      }
    },
    {
      "type": "Feature",
      "properties": { "district": null, "kind": "minor" },
      "geometry": {
        "type": "LineString",
        "coordinates": [
          [63.71869, 53.20303],
          [63.71837, 53.20254]
        ]
      }
    },
    {
      "type": "Feature",
      "properties": { "district": null, "kind": "minor" },
      "geometry": {
        "type": "LineString",
        "coordinates": [
          [63.7191, 53.20293],
          [63.71869, 53.20303]
        ]
      }
    },
    {
      "type": "Feature",
      "properties": { "district": null, "kind": "minor" },
      "geometry": {
        "type": "LineString",
        "coordinates": [
          [63.71953, 53.20369],
          [63.71945, 53.20355],
          [63.71925, 53.20319],
          [63.7191, 53.20293]
        ]
      }
    },
    {
      "type": "Feature",
      "properties": { "district": null, "kind": "minor" },
      "geometry": {
        "type": "LineString",
        "coordinates": [
          [63.70953, 53.20298],
          [63.70857, 53.20324]
        ]
      }
    },
    {
      "type": "Feature",
      "properties": { "district": null, "kind": "minor" },
      "geometry": {
        "type": "LineString",
        "coordinates": [
          [63.70945, 53.20286],
          [63.70953, 53.20298]
        ]
      }
    },
    {
      "type": "Feature",
      "properties": { "district": "narimanovka", "kind": "major" },
      "geometry": {
        "type": "LineString",
        "coordinates": [
          [63.64018, 53.21255],
          [63.64033, 53.21247]
        ]
      }
    },
    {
      "type": "Feature",
      "properties": { "district": "center", "kind": "major" },
      "geometry": {
        "type": "LineString",
        "coordinates": [
          [63.64033, 53.21247],
          [63.64116, 53.21205]
        ]
      }
    },
    {
      "type": "Feature",
      "properties": { "district": "narimanovka", "kind": "major" },
      "geometry": {
        "type": "LineString",
        "coordinates": [
          [63.64116, 53.21205],
          [63.64138, 53.21194],
          [63.64203, 53.21161]
        ]
      }
    },
    {
      "type": "Feature",
      "properties": { "district": "center", "kind": "major" },
      "geometry": {
        "type": "LineString",
        "coordinates": [
          [63.64203, 53.21161],
          [63.64243, 53.2114],
          [63.64253, 53.21135]
        ]
      }
    },
    {
      "type": "Feature",
      "properties": { "district": "narimanovka", "kind": "major" },
      "geometry": {
        "type": "LineString",
        "coordinates": [
          [63.64253, 53.21135],
          [63.64352, 53.21085],
          [63.64373, 53.21074]
        ]
      }
    },
    {
      "type": "Feature",
      "properties": { "district": "center", "kind": "major" },
      "geometry": {
        "type": "LineString",
        "coordinates": [
          [63.6422, 53.214],
          [63.64227, 53.21404],
          [63.64399, 53.21522],
          [63.64417, 53.21535],
          [63.64492, 53.21586],
          [63.64601, 53.21662]
        ]
      }
    },
    {
      "type": "Feature",
      "properties": { "district": "center", "kind": "major" },
      "geometry": {
        "type": "LineString",
        "coordinates": [
          [63.65074, 53.22043],
          [63.64912, 53.2212]
        ]
      }
    },
    {
      "type": "Feature",
      "properties": { "district": "center", "kind": "minor" },
      "geometry": {
        "type": "LineString",
        "coordinates": [
          [63.63443, 53.21833],
          [63.63404, 53.21853]
        ]
      }
    },
    {
      "type": "Feature",
      "properties": { "district": "center", "kind": "minor" },
      "geometry": {
        "type": "LineString",
        "coordinates": [
          [63.63406, 53.21807],
          [63.63417, 53.21815],
          [63.63443, 53.21833]
        ]
      }
    },
    {
      "type": "Feature",
      "properties": { "district": "center", "kind": "major" },
      "geometry": {
        "type": "LineString",
        "coordinates": [
          [63.64909, 53.20823],
          [63.64832, 53.20846]
        ]
      }
    },
    {
      "type": "Feature",
      "properties": { "district": "center", "kind": "major" },
      "geometry": {
        "type": "LineString",
        "coordinates": [
          [63.64832, 53.20846],
          [63.64903, 53.20815]
        ]
      }
    },
    {
      "type": "Feature",
      "properties": { "district": null, "kind": "major" },
      "geometry": {
        "type": "LineString",
        "coordinates": [
          [63.64903, 53.20815],
          [63.65271, 53.20697]
        ]
      }
    },
    {
      "type": "Feature",
      "properties": { "district": "aeroport", "kind": "minor" },
      "geometry": {
        "type": "LineString",
        "coordinates": [
          [63.56328, 53.22345],
          [63.56334, 53.22349],
          [63.5637, 53.22371],
          [63.56466, 53.2243],
          [63.56497, 53.22449],
          [63.56507, 53.22452],
          [63.56517, 53.22452],
          [63.56735, 53.22325],
          [63.56806, 53.22284],
          [63.56871, 53.22246],
          [63.57131, 53.22095],
          [63.57145, 53.22084],
          [63.57155, 53.2207],
          [63.5718, 53.22035]
        ]
      }
    },
    {
      "type": "Feature",
      "properties": { "district": "center", "kind": "minor" },
      "geometry": {
        "type": "LineString",
        "coordinates": [
          [63.63588, 53.21984],
          [63.63591, 53.21986]
        ]
      }
    },
    {
      "type": "Feature",
      "properties": { "district": "center", "kind": "minor" },
      "geometry": {
        "type": "LineString",
        "coordinates": [
          [63.63559, 53.21964],
          [63.63588, 53.21984]
        ]
      }
    },
    {
      "type": "Feature",
      "properties": { "district": "aeroport", "kind": "minor" },
      "geometry": {
        "type": "LineString",
        "coordinates": [
          [63.56904, 53.22003],
          [63.56893, 53.21999],
          [63.56721, 53.21925],
          [63.56717, 53.21921],
          [63.56715, 53.21918]
        ]
      }
    },
    {
      "type": "Feature",
      "properties": { "district": "aeroport", "kind": "minor" },
      "geometry": {
        "type": "LineString",
        "coordinates": [
          [63.56623, 53.22172],
          [63.56629, 53.22176],
          [63.5672, 53.22232],
          [63.56806, 53.22284],
          [63.56901, 53.22342]
        ]
      }
    },
    {
      "type": "Feature",
      "properties": { "district": "aeroport", "kind": "minor" },
      "geometry": {
        "type": "LineString",
        "coordinates": [
          [63.5693, 53.2197],
          [63.56949, 53.21978],
          [63.57032, 53.22015],
          [63.57155, 53.2207]
        ]
      }
    },
    {
      "type": "Feature",
      "properties": { "district": "aeroport", "kind": "minor" },
      "geometry": {
        "type": "LineString",
        "coordinates": [
          [63.56124, 53.22464],
          [63.56276, 53.22375],
          [63.56277, 53.22374],
          [63.56328, 53.22345],
          [63.56459, 53.22268],
          [63.56543, 53.22219],
          [63.56623, 53.22172],
          [63.56698, 53.22127],
          [63.56891, 53.22014],
          [63.56904, 53.22003],
          [63.56915, 53.21991],
          [63.5693, 53.2197],
          [63.56987, 53.21886],
          [63.57006, 53.21857],
          [63.5703, 53.21822]
        ]
      }
    },
    {
      "type": "Feature",
      "properties": { "district": "center", "kind": "minor" },
      "geometry": {
        "type": "LineString",
        "coordinates": [
          [63.61502, 53.20775],
          [63.61495, 53.20785],
          [63.61448, 53.20794],
          [63.61409, 53.208],
          [63.61394, 53.208],
          [63.61372, 53.20797],
          [63.61295, 53.20807],
          [63.61277, 53.20806],
          [63.6127, 53.20806],
          [63.61227, 53.20812]
        ]
      }
    },
    {
      "type": "Feature",
      "properties": { "district": null, "kind": "minor" },
      "geometry": {
        "type": "LineString",
        "coordinates": [
          [63.6338, 53.15996],
          [63.63322, 53.1592],
          [63.63273, 53.15855],
          [63.63237, 53.15809],
          [63.63203, 53.15765],
          [63.63165, 53.15715],
          [63.63133, 53.15673],
          [63.63049, 53.15571]
        ]
      }
    },
    {
      "type": "Feature",
      "properties": { "district": null, "kind": "minor" },
      "geometry": {
        "type": "LineString",
        "coordinates": [
          [63.70477, 53.22239],
          [63.70487, 53.2225],
          [63.70512, 53.22279],
          [63.70537, 53.2231],
          [63.70592, 53.22375],
          [63.70641, 53.22444]
        ]
      }
    },
    {
      "type": "Feature",
      "properties": { "district": null, "kind": "minor" },
      "geometry": {
        "type": "LineString",
        "coordinates": [
          [63.7016, 53.22432],
          [63.70537, 53.2231]
        ]
      }
    },
    {
      "type": "Feature",
      "properties": { "district": null, "kind": "minor" },
      "geometry": {
        "type": "LineString",
        "coordinates": [
          [63.70138, 53.22406],
          [63.7016, 53.22432],
          [63.70207, 53.22492]
        ]
      }
    },
    {
      "type": "Feature",
      "properties": { "district": null, "kind": "minor" },
      "geometry": {
        "type": "LineString",
        "coordinates": [
          [63.70339, 53.22585],
          [63.70636, 53.22454],
          [63.7064, 53.2245],
          [63.70642, 53.22447],
          [63.70641, 53.22444]
        ]
      }
    },
    {
      "type": "Feature",
      "properties": { "district": null, "kind": "minor" },
      "geometry": {
        "type": "LineString",
        "coordinates": [
          [63.70404, 53.19513],
          [63.70343, 53.19489],
          [63.70295, 53.19454],
          [63.7017, 53.19347],
          [63.70161, 53.19339],
          [63.70062, 53.19256],
          [63.70016, 53.19216],
          [63.69963, 53.1917],
          [63.69912, 53.19126],
          [63.69864, 53.19085],
          [63.69772, 53.19006],
          [63.6975, 53.18987],
          [63.69733, 53.18972],
          [63.69693, 53.18938],
          [63.6969, 53.18935],
          [63.69659, 53.18912],
          [63.69661, 53.18903],
          [63.69662, 53.18897],
          [63.69631, 53.18869],
          [63.69617, 53.18851],
          [63.6958, 53.18805],
          [63.69552, 53.18763],
          [63.69531, 53.1873],
          [63.69516, 53.18705],
          [63.6951, 53.18696],
          [63.69474, 53.18646],
          [63.69439, 53.18596],
          [63.69408, 53.18553],
          [63.69373, 53.185],
          [63.69339, 53.18454],
          [63.69307, 53.18407],
          [63.69274, 53.18357],
          [63.69242, 53.1831],
          [63.69212, 53.18265],
          [63.69183, 53.18222],
          [63.69141, 53.18169],
          [63.69089, 53.18129],
          [63.69014, 53.18025],
          [63.69012, 53.18022],
          [63.68965, 53.17987],
          [63.68935, 53.17967]
        ]
      }
    },
    {
      "type": "Feature",
      "properties": { "district": null, "kind": "minor" },
      "geometry": {
        "type": "LineString",
        "coordinates": [
          [63.70161, 53.19339],
          [63.69836, 53.19345]
        ]
      }
    },
    {
      "type": "Feature",
      "properties": { "district": null, "kind": "minor" },
      "geometry": {
        "type": "LineString",
        "coordinates": [
          [63.69686, 53.19171],
          [63.69693, 53.19193],
          [63.69696, 53.19216],
          [63.69701, 53.19238],
          [63.69708, 53.19249],
          [63.69719, 53.19252],
          [63.70062, 53.19256]
        ]
      }
    },
    {
      "type": "Feature",
      "properties": { "district": null, "kind": "minor" },
      "geometry": {
        "type": "LineString",
        "coordinates": [
          [63.6946, 53.19186],
          [63.69577, 53.19178],
          [63.69666, 53.19173],
          [63.69686, 53.19171],
          [63.69963, 53.1917]
        ]
      }
    },
    {
      "type": "Feature",
      "properties": { "district": null, "kind": "minor" },
      "geometry": {
        "type": "LineString",
        "coordinates": [
          [63.69577, 53.19178],
          [63.69603, 53.18986],
          [63.69601, 53.18981],
          [63.69594, 53.18978],
          [63.69584, 53.18978],
          [63.69513, 53.18986],
          [63.69497, 53.1899],
          [63.69488, 53.19001],
          [63.69476, 53.19122]
        ]
      }
    },
    {
      "type": "Feature",
      "properties": { "district": null, "kind": "minor" },
      "geometry": {
        "type": "LineString",
        "coordinates": [
          [63.70198, 53.201],
          [63.70143, 53.20124],
          [63.70085, 53.20152],
          [63.70038, 53.20174],
          [63.70002, 53.2019],
          [63.69956, 53.20211],
          [63.69919, 53.20229],
          [63.69838, 53.20266],
          [63.69828, 53.20272],
          [63.69826, 53.20277],
          [63.69832, 53.20284],
          [63.69847, 53.20298],
          [63.69854, 53.20314],
          [63.69855, 53.20338],
          [63.69855, 53.20343],
          [63.69858, 53.2035],
          [63.69896, 53.20391]
        ]
      }
    },
    {
      "type": "Feature",
      "properties": { "district": null, "kind": "minor" },
      "geometry": {
        "type": "LineString",
        "coordinates": [
          [63.69862, 53.20488],
          [63.69938, 53.20463],
          [63.69959, 53.20456],
          [63.70004, 53.20441]
        ]
      }
    },
    {
      "type": "Feature",
      "properties": { "district": "amangeldy", "kind": "minor" },
      "geometry": {
        "type": "LineString",
        "coordinates": [
          [63.59156, 53.1471],
          [63.59209, 53.14688],
          [63.59246, 53.14676],
          [63.59273, 53.14673],
          [63.59293, 53.14671],
          [63.59326, 53.14658]
        ]
      }
    },
    {
      "type": "Feature",
      "properties": { "district": "khimik", "kind": "minor" },
      "geometry": {
        "type": "LineString",
        "coordinates": [
          [63.5824, 53.16204],
          [63.58223, 53.16206],
          [63.58213, 53.16206],
          [63.58205, 53.16205],
          [63.58064, 53.16166],
          [63.58047, 53.16161],
          [63.58039, 53.16158],
          [63.58037, 53.16156],
          [63.58034, 53.16153],
          [63.57948, 53.1605],
          [63.57889, 53.15979],
          [63.57877, 53.15965]
        ]
      }
    },
    {
      "type": "Feature",
      "properties": { "district": "khimik", "kind": "minor" },
      "geometry": {
        "type": "LineString",
        "coordinates": [
          [63.57767, 53.16021],
          [63.57769, 53.1602],
          [63.57889, 53.15979]
        ]
      }
    },
    {
      "type": "Feature",
      "properties": { "district": "kostanay-2", "kind": "minor" },
      "geometry": {
        "type": "LineString",
        "coordinates": [
          [63.60048, 53.24645],
          [63.60026, 53.24662],
          [63.60013, 53.2468],
          [63.60003, 53.24701],
          [63.59997, 53.24722],
          [63.59998, 53.24737],
          [63.60009, 53.2475],
          [63.60036, 53.24765]
        ]
      }
    },
    {
      "type": "Feature",
      "properties": { "district": "kostanay-2", "kind": "minor" },
      "geometry": {
        "type": "LineString",
        "coordinates": [
          [63.60695, 53.24225],
          [63.60679, 53.24238],
          [63.60639, 53.24266],
          [63.60506, 53.24351],
          [63.60425, 53.24403],
          [63.60225, 53.24531],
          [63.60048, 53.24645]
        ]
      }
    },
    {
      "type": "Feature",
      "properties": { "district": "perevalovka", "kind": "minor" },
      "geometry": {
        "type": "LineString",
        "coordinates": [
          [63.66432, 53.22988],
          [63.66498, 53.22938]
        ]
      }
    },
    {
      "type": "Feature",
      "properties": { "district": "perevalovka", "kind": "minor" },
      "geometry": {
        "type": "LineString",
        "coordinates": [
          [63.66328, 53.23068],
          [63.66432, 53.22988]
        ]
      }
    },
    {
      "type": "Feature",
      "properties": { "district": "perevalovka", "kind": "minor" },
      "geometry": {
        "type": "LineString",
        "coordinates": [
          [63.65288, 53.22679],
          [63.65285, 53.22677],
          [63.65245, 53.22659],
          [63.65175, 53.22603],
          [63.65088, 53.22533],
          [63.65, 53.22451],
          [63.64956, 53.22409],
          [63.64911, 53.22366],
          [63.64843, 53.22309],
          [63.64724, 53.22208]
        ]
      }
    },
    {
      "type": "Feature",
      "properties": { "district": "center", "kind": "minor" },
      "geometry": {
        "type": "LineString",
        "coordinates": [
          [63.64724, 53.22208],
          [63.64546, 53.22066],
          [63.64529, 53.22052],
          [63.64448, 53.21986],
          [63.64351, 53.2191],
          [63.6426, 53.21854],
          [63.6425, 53.21848],
          [63.64246, 53.21845],
          [63.64233, 53.21836],
          [63.64143, 53.21775],
          [63.64069, 53.21723],
          [63.6406, 53.21717],
          [63.6405, 53.21711],
          [63.64038, 53.21703],
          [63.64035, 53.21701],
          [63.63991, 53.21671],
          [63.63866, 53.21583],
          [63.63856, 53.21576],
          [63.63848, 53.21571],
          [63.63775, 53.21519],
          [63.63766, 53.21513],
          [63.63678, 53.21452],
          [63.63662, 53.2144],
          [63.63647, 53.2143],
          [63.63617, 53.21409],
          [63.63481, 53.21316],
          [63.63462, 53.21303],
          [63.63445, 53.21291],
          [63.63368, 53.21238],
          [63.63284, 53.21181],
          [63.63277, 53.21176],
          [63.63261, 53.21165],
          [63.63253, 53.21159],
          [63.63192, 53.21117],
          [63.63156, 53.21092],
          [63.63074, 53.21035],
          [63.63009, 53.20988],
          [63.62996, 53.20978],
          [63.62942, 53.20939],
          [63.62884, 53.20898]
        ]
      }
    },
    {
      "type": "Feature",
      "properties": { "district": "narimanovka", "kind": "minor" },
      "geometry": {
        "type": "LineString",
        "coordinates": [
          [63.62884, 53.20898],
          [63.62847, 53.2087],
          [63.62772, 53.20815],
          [63.62696, 53.20762],
          [63.62636, 53.2072],
          [63.62611, 53.20702],
          [63.62596, 53.20692],
          [63.62428, 53.20574],
          [63.62417, 53.20566],
          [63.62263, 53.20458],
          [63.62225, 53.20431],
          [63.62169, 53.20391],
          [63.62032, 53.20292],
          [63.62025, 53.20287],
          [63.62012, 53.20278],
          [63.61832, 53.20151],
          [63.6181, 53.20136],
          [63.61641, 53.20017],
          [63.6156, 53.19961],
          [63.61519, 53.19931],
          [63.61448, 53.1988],
          [63.61375, 53.19828],
          [63.61366, 53.19821],
          [63.61315, 53.19784],
          [63.61268, 53.1975],
          [63.61252, 53.19739],
          [63.61221, 53.19721],
          [63.61139, 53.19699],
          [63.61068, 53.19696],
          [63.61033, 53.19692],
          [63.60957, 53.19673],
          [63.60945, 53.19673],
          [63.6086, 53.19675]
        ]
      }
    },
    {
      "type": "Feature",
      "properties": { "district": "perevalovka", "kind": "minor" },
      "geometry": {
        "type": "LineString",
        "coordinates": [
          [63.65899, 53.22557],
          [63.6597, 53.22529],
          [63.66033, 53.22509],
          [63.66045, 53.22505],
          [63.66073, 53.22497],
          [63.66091, 53.22491],
          [63.66165, 53.22468]
        ]
      }
    },
    {
      "type": "Feature",
      "properties": { "district": null, "kind": "minor" },
      "geometry": {
        "type": "LineString",
        "coordinates": [
          [63.6888, 53.19929],
          [63.68993, 53.19903],
          [63.6901, 53.19899],
          [63.691, 53.19875]
        ]
      }
    },
    {
      "type": "Feature",
      "properties": { "district": null, "kind": "minor" },
      "geometry": {
        "type": "LineString",
        "coordinates": [
          [63.68916, 53.20483],
          [63.68928, 53.20548],
          [63.6896, 53.20658],
          [63.68993, 53.20793]
        ]
      }
    },
    {
      "type": "Feature",
      "properties": { "district": null, "kind": "minor" },
      "geometry": {
        "type": "LineString",
        "coordinates": [
          [63.68539, 53.19773],
          [63.68593, 53.19876]
        ]
      }
    },
    {
      "type": "Feature",
      "properties": { "district": null, "kind": "minor" },
      "geometry": {
        "type": "LineString",
        "coordinates": [
          [63.68303, 53.21601],
          [63.68301, 53.21612],
          [63.68295, 53.2163],
          [63.68371, 53.21755]
        ]
      }
    },
    {
      "type": "Feature",
      "properties": { "district": null, "kind": "minor" },
      "geometry": {
        "type": "LineString",
        "coordinates": [
          [63.68444, 53.217],
          [63.68398, 53.21701],
          [63.68373, 53.21694],
          [63.68363, 53.21675],
          [63.68329, 53.21612],
          [63.68303, 53.21601],
          [63.68294, 53.21585],
          [63.68291, 53.2156],
          [63.68326, 53.21529]
        ]
      }
    },
    {
      "type": "Feature",
      "properties": { "district": null, "kind": "minor" },
      "geometry": {
        "type": "LineString",
        "coordinates": [
          [63.68427, 53.21159],
          [63.68457, 53.21174],
          [63.6852, 53.21182],
          [63.68716, 53.21172]
        ]
      }
    },
    {
      "type": "Feature",
      "properties": { "district": null, "kind": "minor" },
      "geometry": {
        "type": "LineString",
        "coordinates": [
          [63.72528, 53.22281],
          [63.72496, 53.22248],
          [63.72311, 53.2212],
          [63.72232, 53.22065],
          [63.72144, 53.22007],
          [63.71971, 53.21888]
        ]
      }
    },
    {
      "type": "Feature",
      "properties": { "district": "kostanay-2", "kind": "minor" },
      "geometry": {
        "type": "LineString",
        "coordinates": [
          [63.59315, 53.22108],
          [63.59192, 53.22128],
          [63.59181, 53.22131],
          [63.59139, 53.22144],
          [63.59086, 53.22146],
          [63.58961, 53.22166],
          [63.58952, 53.22167]
        ]
      }
    },
    {
      "type": "Feature",
      "properties": { "district": "vokzal", "kind": "minor" },
      "geometry": {
        "type": "LineString",
        "coordinates": [
          [63.64706, 53.23117],
          [63.64776, 53.23176],
          [63.64825, 53.2321],
          [63.64884, 53.23252],
          [63.64902, 53.23265]
        ]
      }
    },
    {
      "type": "Feature",
      "properties": { "district": null, "kind": "minor" },
      "geometry": {
        "type": "LineString",
        "coordinates": [
          [63.68422, 53.19797],
          [63.68539, 53.19773],
          [63.6862, 53.19757]
        ]
      }
    },
    {
      "type": "Feature",
      "properties": { "district": null, "kind": "minor" },
      "geometry": {
        "type": "LineString",
        "coordinates": [
          [63.67755, 53.18971],
          [63.67771, 53.18988],
          [63.68023, 53.19172],
          [63.68071, 53.19208]
        ]
      }
    },
    {
      "type": "Feature",
      "properties": { "district": "amangeldy", "kind": "minor" },
      "geometry": {
        "type": "LineString",
        "coordinates": [
          [63.57241, 53.14274],
          [63.57253, 53.14187],
          [63.57247, 53.14174],
          [63.5724, 53.14162],
          [63.57166, 53.14078],
          [63.57064, 53.13973]
        ]
      }
    },
    {
      "type": "Feature",
      "properties": { "district": null, "kind": "minor" },
      "geometry": {
        "type": "LineString",
        "coordinates": [
          [63.56711, 53.11556],
          [63.5681, 53.11688],
          [63.56816, 53.11724],
          [63.56811, 53.11751],
          [63.56875, 53.11852],
          [63.56925, 53.11934],
          [63.57168, 53.12308],
          [63.57346, 53.12594],
          [63.57424, 53.12687],
          [63.57454, 53.12712],
          [63.57464, 53.12721],
          [63.57482, 53.12738],
          [63.57497, 53.12764],
          [63.57519, 53.12799],
          [63.57544, 53.12838],
          [63.57569, 53.12875],
          [63.57595, 53.12916],
          [63.5762, 53.12954],
          [63.57665, 53.13019],
          [63.57682, 53.13043],
          [63.57687, 53.13054],
          [63.57687, 53.13063],
          [63.57667, 53.13206],
          [63.57672, 53.13242]
        ]
      }
    },
    {
      "type": "Feature",
      "properties": { "district": null, "kind": "minor" },
      "geometry": {
        "type": "LineString",
        "coordinates": [
          [63.57687, 53.13063],
          [63.57651, 53.13072],
          [63.57626, 53.1308],
          [63.57531, 53.13104],
          [63.57435, 53.13126]
        ]
      }
    },
    {
      "type": "Feature",
      "properties": { "district": null, "kind": "minor" },
      "geometry": {
        "type": "LineString",
        "coordinates": [
          [63.57435, 53.13126],
          [63.5656, 53.13447],
          [63.56462, 53.13481],
          [63.56424, 53.13493],
          [63.56417, 53.13496],
          [63.56413, 53.13496],
          [63.56409, 53.13494]
        ]
      }
    },
    {
      "type": "Feature",
      "properties": { "district": null, "kind": "minor" },
      "geometry": {
        "type": "LineString",
        "coordinates": [
          [63.5636, 53.13445],
          [63.57348, 53.13085],
          [63.57454, 53.13059],
          [63.57532, 53.13044],
          [63.57574, 53.13037],
          [63.57582, 53.13037],
          [63.57587, 53.1304],
          [63.57626, 53.1308]
        ]
      }
    },
    {
      "type": "Feature",
      "properties": { "district": null, "kind": "minor" },
      "geometry": {
        "type": "LineString",
        "coordinates": [
          [63.56409, 53.13494],
          [63.5636, 53.13445],
          [63.56298, 53.1339],
          [63.56241, 53.13334],
          [63.56187, 53.13279],
          [63.56082, 53.13175],
          [63.56025, 53.13119]
        ]
      }
    },
    {
      "type": "Feature",
      "properties": { "district": null, "kind": "minor" },
      "geometry": {
        "type": "LineString",
        "coordinates": [
          [63.57236, 53.12965],
          [63.57146, 53.12951],
          [63.57121, 53.12951],
          [63.57093, 53.12957],
          [63.56599, 53.13124],
          [63.56187, 53.13279]
        ]
      }
    },
    {
      "type": "Feature",
      "properties": { "district": null, "kind": "minor" },
      "geometry": {
        "type": "LineString",
        "coordinates": [
          [63.57454, 53.13059],
          [63.57349, 53.13024],
          [63.57323, 53.13023],
          [63.57298, 53.13026],
          [63.56298, 53.1339],
          [63.5627, 53.13401],
          [63.56203, 53.13427]
        ]
      }
    },
    {
      "type": "Feature",
      "properties": { "district": "kostanay-2", "kind": "minor" },
      "geometry": {
        "type": "LineString",
        "coordinates": [
          [63.59368, 53.23641],
          [63.59351, 53.23652]
        ]
      }
    },
    {
      "type": "Feature",
      "properties": { "district": "kostanay-2", "kind": "minor" },
      "geometry": {
        "type": "LineString",
        "coordinates": [
          [63.58999, 53.23537],
          [63.59008, 53.23524],
          [63.59032, 53.23483],
          [63.59042, 53.23469],
          [63.59159, 53.23395]
        ]
      }
    },
    {
      "type": "Feature",
      "properties": { "district": "kostanay-2", "kind": "minor" },
      "geometry": {
        "type": "LineString",
        "coordinates": [
          [63.60739, 53.24259],
          [63.60757, 53.24248]
        ]
      }
    },
    {
      "type": "Feature",
      "properties": { "district": "kostanay-2", "kind": "minor" },
      "geometry": {
        "type": "LineString",
        "coordinates": [
          [63.61022, 53.24106],
          [63.61005, 53.24096],
          [63.60937, 53.24058],
          [63.60814, 53.2399]
        ]
      }
    },
    {
      "type": "Feature",
      "properties": { "district": "kostanay-2", "kind": "minor" },
      "geometry": {
        "type": "LineString",
        "coordinates": [
          [63.61179, 53.24003],
          [63.61163, 53.23994],
          [63.61096, 53.23957],
          [63.60972, 53.23888]
        ]
      }
    },
    {
      "type": "Feature",
      "properties": { "district": null, "kind": "minor" },
      "geometry": {
        "type": "LineString",
        "coordinates": [
          [63.65316, 53.2027],
          [63.65232, 53.20291]
        ]
      }
    },
    {
      "type": "Feature",
      "properties": { "district": "center", "kind": "minor" },
      "geometry": {
        "type": "LineString",
        "coordinates": [
          [63.64015, 53.21472],
          [63.63879, 53.21376],
          [63.63851, 53.21357],
          [63.63837, 53.21348]
        ]
      }
    },
    {
      "type": "Feature",
      "properties": { "district": "center", "kind": "minor" },
      "geometry": {
        "type": "LineString",
        "coordinates": [
          [63.64039, 53.21493],
          [63.64026, 53.215],
          [63.63866, 53.21583]
        ]
      }
    },
    {
      "type": "Feature",
      "properties": { "district": "center", "kind": "minor" },
      "geometry": {
        "type": "LineString",
        "coordinates": [
          [63.64297, 53.21573],
          [63.6435, 53.21547],
          [63.64399, 53.21522]
        ]
      }
    },
    {
      "type": "Feature",
      "properties": { "district": null, "kind": "major" },
      "geometry": {
        "type": "LineString",
        "coordinates": [
          [63.68373, 53.19683],
          [63.6845, 53.19658],
          [63.68518, 53.19637],
          [63.68529, 53.19633],
          [63.68549, 53.19627],
          [63.68582, 53.19612],
          [63.68608, 53.19594],
          [63.68626, 53.19579]
        ]
      }
    },
    {
      "type": "Feature",
      "properties": { "district": null, "kind": "major" },
      "geometry": {
        "type": "LineString",
        "coordinates": [
          [63.65271, 53.20697],
          [63.6558, 53.20594],
          [63.65606, 53.20586]
        ]
      }
    },
    {
      "type": "Feature",
      "properties": { "district": null, "kind": "minor" },
      "geometry": {
        "type": "LineString",
        "coordinates": [
          [63.69525, 53.19515],
          [63.69605, 53.1951]
        ]
      }
    },
    {
      "type": "Feature",
      "properties": { "district": null, "kind": "minor" },
      "geometry": {
        "type": "LineString",
        "coordinates": [
          [63.65606, 53.20586],
          [63.65602, 53.20582],
          [63.65586, 53.20566],
          [63.65525, 53.20522],
          [63.65426, 53.20452],
          [63.65403, 53.20449],
          [63.65375, 53.2045],
          [63.65339, 53.20456],
          [63.65308, 53.20466],
          [63.65266, 53.20488],
          [63.65222, 53.20512]
        ]
      }
    },
    {
      "type": "Feature",
      "properties": { "district": null, "kind": "major" },
      "geometry": {
        "type": "LineString",
        "coordinates": [
          [63.65606, 53.20586],
          [63.65625, 53.2058],
          [63.66137, 53.20412],
          [63.66173, 53.204],
          [63.66197, 53.20392],
          [63.66206, 53.20389],
          [63.66222, 53.20384],
          [63.66609, 53.20257],
          [63.68354, 53.19689],
          [63.68373, 53.19683]
        ]
      }
    },
    {
      "type": "Feature",
      "properties": { "district": null, "kind": "minor" },
      "geometry": {
        "type": "LineString",
        "coordinates": [
          [63.70125, 53.21416],
          [63.70161, 53.21416],
          [63.70181, 53.21429],
          [63.70269, 53.21503],
          [63.70292, 53.21522],
          [63.70314, 53.21532],
          [63.70339, 53.21532],
          [63.70413, 53.21507]
        ]
      }
    },
    {
      "type": "Feature",
      "properties": { "district": null, "kind": "minor" },
      "geometry": {
        "type": "LineString",
        "coordinates": [
          [63.71714, 53.21389],
          [63.71804, 53.2133],
          [63.71893, 53.21276],
          [63.71979, 53.2122],
          [63.72065, 53.21167],
          [63.722, 53.2108],
          [63.72311, 53.21007],
          [63.72397, 53.20951],
          [63.72493, 53.20888],
          [63.72578, 53.20832],
          [63.72669, 53.20772],
          [63.72758, 53.20711],
          [63.72777, 53.20695],
          [63.72863, 53.20625]
        ]
      }
    },
    {
      "type": "Feature",
      "properties": { "district": null, "kind": "minor" },
      "geometry": {
        "type": "LineString",
        "coordinates": [
          [63.71714, 53.21389],
          [63.71036, 53.21001],
          [63.70794, 53.2086],
          [63.70724, 53.20818],
          [63.70653, 53.2078],
          [63.70583, 53.20736]
        ]
      }
    },
    {
      "type": "Feature",
      "properties": { "district": "center", "kind": "minor" },
      "geometry": {
        "type": "LineString",
        "coordinates": [
          [63.63865, 53.21805],
          [63.64036, 53.21718],
          [63.6405, 53.21711]
        ]
      }
    },
    {
      "type": "Feature",
      "properties": { "district": "center", "kind": "minor" },
      "geometry": {
        "type": "LineString",
        "coordinates": [
          [63.63865, 53.21805],
          [63.63843, 53.21797],
          [63.63821, 53.21782],
          [63.63692, 53.21693],
          [63.63675, 53.21683],
          [63.63663, 53.21675],
          [63.63649, 53.21665],
          [63.63488, 53.21553],
          [63.63481, 53.21548],
          [63.63467, 53.21539]
        ]
      }
    },
    {
      "type": "Feature",
      "properties": { "district": "center", "kind": "minor" },
      "geometry": {
        "type": "LineString",
        "coordinates": [
          [63.63853, 53.21812],
          [63.63865, 53.21805]
        ]
      }
    },
    {
      "type": "Feature",
      "properties": { "district": "kostanay-2", "kind": "minor" },
      "geometry": {
        "type": "LineString",
        "coordinates": [
          [63.60776, 53.2416],
          [63.60819, 53.24133]
        ]
      }
    },
    {
      "type": "Feature",
      "properties": { "district": "kostanay-2", "kind": "minor" },
      "geometry": {
        "type": "LineString",
        "coordinates": [
          [63.61012, 53.23862],
          [63.61053, 53.23884],
          [63.61099, 53.23909],
          [63.61138, 53.2393],
          [63.61168, 53.23947],
          [63.61245, 53.23899],
          [63.61206, 53.23878],
          [63.61175, 53.23861],
          [63.61128, 53.23836],
          [63.61087, 53.23814]
        ]
      }
    },
    {
      "type": "Feature",
      "properties": { "district": "kostanay-2", "kind": "minor" },
      "geometry": {
        "type": "LineString",
        "coordinates": [
          [63.61099, 53.23909],
          [63.61175, 53.23861]
        ]
      }
    },
    {
      "type": "Feature",
      "properties": { "district": "kostanay-2", "kind": "minor" },
      "geometry": {
        "type": "LineString",
        "coordinates": [
          [63.61053, 53.23884],
          [63.61128, 53.23836]
        ]
      }
    },
    {
      "type": "Feature",
      "properties": { "district": "kostanay-2", "kind": "minor" },
      "geometry": {
        "type": "LineString",
        "coordinates": [
          [63.60977, 53.24033],
          [63.6101, 53.24049],
          [63.61079, 53.24007],
          [63.61049, 53.2399],
          [63.61047, 53.23988]
        ]
      }
    },
    {
      "type": "Feature",
      "properties": { "district": "kostanay-2", "kind": "minor" },
      "geometry": {
        "type": "LineString",
        "coordinates": [
          [63.60699, 53.24064],
          [63.60739, 53.24087],
          [63.60787, 53.24114],
          [63.60819, 53.24133]
        ]
      }
    },
    {
      "type": "Feature",
      "properties": { "district": "kostanay-2", "kind": "minor" },
      "geometry": {
        "type": "LineString",
        "coordinates": [
          [63.60739, 53.24087],
          [63.60813, 53.2404]
        ]
      }
    },
    {
      "type": "Feature",
      "properties": { "district": "kostanay-2", "kind": "minor" },
      "geometry": {
        "type": "LineString",
        "coordinates": [
          [63.60787, 53.24114],
          [63.60861, 53.24067]
        ]
      }
    },
    {
      "type": "Feature",
      "properties": { "district": "kostanay-2", "kind": "minor" },
      "geometry": {
        "type": "LineString",
        "coordinates": [
          [63.60819, 53.24133],
          [63.60851, 53.24151],
          [63.60926, 53.24103],
          [63.60894, 53.24085]
        ]
      }
    },
    {
      "type": "Feature",
      "properties": { "district": "kostanay-2", "kind": "minor" },
      "geometry": {
        "type": "LineString",
        "coordinates": [
          [63.60894, 53.24085],
          [63.60861, 53.24067],
          [63.60813, 53.2404],
          [63.60772, 53.24017]
        ]
      }
    },
    {
      "type": "Feature",
      "properties": { "district": "kostanay-2", "kind": "minor" },
      "geometry": {
        "type": "LineString",
        "coordinates": [
          [63.60894, 53.24085],
          [63.60937, 53.24058],
          [63.60977, 53.24033],
          [63.60986, 53.24027],
          [63.61007, 53.24014],
          [63.61022, 53.24004],
          [63.61047, 53.23988],
          [63.61096, 53.23957],
          [63.61138, 53.2393]
        ]
      }
    },
    {
      "type": "Feature",
      "properties": { "district": "vokzal", "kind": "minor" },
      "geometry": {
        "type": "LineString",
        "coordinates": [
          [63.61093, 53.22484],
          [63.61024, 53.22435]
        ]
      }
    },
    {
      "type": "Feature",
      "properties": { "district": "center", "kind": "minor" },
      "geometry": {
        "type": "LineString",
        "coordinates": [
          [63.62966, 53.22021],
          [63.62973, 53.22018],
          [63.63029, 53.2199],
          [63.63118, 53.21946]
        ]
      }
    },
    {
      "type": "Feature",
      "properties": { "district": "center", "kind": "minor" },
      "geometry": {
        "type": "LineString",
        "coordinates": [
          [63.62895, 53.22071],
          [63.62855, 53.22044],
          [63.62743, 53.22098]
        ]
      }
    },
    {
      "type": "Feature",
      "properties": { "district": "center", "kind": "minor" },
      "geometry": {
        "type": "LineString",
        "coordinates": [
          [63.62895, 53.22071],
          [63.62913, 53.2206],
          [63.62957, 53.2204],
          [63.62982, 53.22032]
        ]
      }
    },
    {
      "type": "Feature",
      "properties": { "district": null, "kind": "minor" },
      "geometry": {
        "type": "LineString",
        "coordinates": [
          [63.67942, 53.16614],
          [63.68003, 53.16609],
          [63.681, 53.166],
          [63.6818, 53.16594],
          [63.68264, 53.16587],
          [63.68343, 53.1658],
          [63.68423, 53.16574],
          [63.68505, 53.16567],
          [63.68587, 53.16561],
          [63.68646, 53.16556],
          [63.68667, 53.16554],
          [63.68749, 53.16548],
          [63.68831, 53.16542],
          [63.68909, 53.16536],
          [63.68993, 53.16529],
          [63.69049, 53.16525],
          [63.69071, 53.16523],
          [63.69153, 53.16516],
          [63.69235, 53.1651],
          [63.69317, 53.16504],
          [63.69397, 53.16497],
          [63.69477, 53.16491],
          [63.69545, 53.16486],
          [63.6956, 53.16485],
          [63.6964, 53.16478],
          [63.69722, 53.16471],
          [63.69801, 53.16465],
          [63.69883, 53.16458],
          [63.69904, 53.16457],
          [63.69927, 53.16455]
        ]
      }
    },
    {
      "type": "Feature",
      "properties": { "district": null, "kind": "minor" },
      "geometry": {
        "type": "LineString",
        "coordinates": [
          [63.67965, 53.16466],
          [63.68003, 53.16609],
          [63.68018, 53.16648],
          [63.68043, 53.16755],
          [63.68065, 53.16849],
          [63.68077, 53.16901],
          [63.68103, 53.17017],
          [63.68109, 53.1705],
          [63.68137, 53.17161],
          [63.68165, 53.17283]
        ]
      }
    },
    {
      "type": "Feature",
      "properties": { "district": null, "kind": "minor" },
      "geometry": {
        "type": "LineString",
        "coordinates": [
          [63.68109, 53.1705],
          [63.682, 53.17042],
          [63.68279, 53.17035],
          [63.68361, 53.17029],
          [63.68441, 53.17023],
          [63.68525, 53.17016],
          [63.68594, 53.17009],
          [63.6864, 53.17005],
          [63.68723, 53.16998],
          [63.68767, 53.16994],
          [63.68804, 53.1699],
          [63.68884, 53.16981],
          [63.6893, 53.16964],
          [63.68957, 53.16959]
        ]
      }
    },
    {
      "type": "Feature",
      "properties": { "district": null, "kind": "minor" },
      "geometry": {
        "type": "LineString",
        "coordinates": [
          [63.6875, 53.17292],
          [63.68756, 53.17349],
          [63.68763, 53.17421],
          [63.68768, 53.17477],
          [63.68768, 53.17493],
          [63.68778, 53.17534],
          [63.68799, 53.17583],
          [63.68821, 53.17634],
          [63.68842, 53.17683],
          [63.68854, 53.17709],
          [63.68861, 53.17736],
          [63.68869, 53.17767],
          [63.68872, 53.17788],
          [63.68874, 53.17801],
          [63.68883, 53.17833],
          [63.68871, 53.17846],
          [63.68883, 53.17882],
          [63.68887, 53.17893],
          [63.68876, 53.17908],
          [63.68883, 53.17937],
          [63.68907, 53.17973]
        ]
      }
    },
    {
      "type": "Feature",
      "properties": { "district": null, "kind": "minor" },
      "geometry": {
        "type": "LineString",
        "coordinates": [
          [63.70808, 53.204],
          [63.70745, 53.20419],
          [63.70677, 53.20435],
          [63.70452, 53.20488]
        ]
      }
    },
    {
      "type": "Feature",
      "properties": { "district": "amangeldy", "kind": "minor" },
      "geometry": {
        "type": "LineString",
        "coordinates": [
          [63.58578, 53.1479],
          [63.58767, 53.14733],
          [63.58948, 53.14679],
          [63.59006, 53.1466],
          [63.59052, 53.14641]
        ]
      }
    },
    {
      "type": "Feature",
      "properties": { "district": "amangeldy", "kind": "minor" },
      "geometry": {
        "type": "LineString",
        "coordinates": [
          [63.57881, 53.137],
          [63.58005, 53.13893],
          [63.58049, 53.1396],
          [63.58058, 53.13969],
          [63.58118, 53.14025],
          [63.58164, 53.14053],
          [63.58198, 53.14074],
          [63.58226, 53.14098]
        ]
      }
    },
    {
      "type": "Feature",
      "properties": { "district": "amangeldy", "kind": "minor" },
      "geometry": {
        "type": "LineString",
        "coordinates": [
          [63.57757, 53.14349],
          [63.57328, 53.14259],
          [63.57291, 53.1426],
          [63.57241, 53.14274],
          [63.57218, 53.14281],
          [63.57201, 53.14285]
        ]
      }
    },
    {
      "type": "Feature",
      "properties": { "district": "perevalovka", "kind": "minor" },
      "geometry": {
        "type": "LineString",
        "coordinates": [
          [63.66439, 53.23395],
          [63.664, 53.23419],
          [63.66392, 53.23426],
          [63.66386, 53.2343]
        ]
      }
    },
    {
      "type": "Feature",
      "properties": { "district": "vokzal", "kind": "major" },
      "geometry": {
        "type": "LineString",
        "coordinates": [
          [63.6671, 53.23623],
          [63.66696, 53.23632]
        ]
      }
    },
    {
      "type": "Feature",
      "properties": { "district": "ksk", "kind": "minor" },
      "geometry": {
        "type": "LineString",
        "coordinates": [
          [63.6788, 53.23955],
          [63.67899, 53.24005],
          [63.67901, 53.24012],
          [63.67918, 53.24058],
          [63.67934, 53.24102],
          [63.6794, 53.24118]
        ]
      }
    },
    {
      "type": "Feature",
      "properties": { "district": "perevalovka", "kind": "minor" },
      "geometry": {
        "type": "LineString",
        "coordinates": [
          [63.64912, 53.2212],
          [63.64932, 53.22137],
          [63.64953, 53.22155],
          [63.65093, 53.22275]
        ]
      }
    },
    {
      "type": "Feature",
      "properties": { "district": "center", "kind": "major" },
      "geometry": {
        "type": "LineString",
        "coordinates": [
          [63.64912, 53.2212],
          [63.64884, 53.22133],
          [63.64724, 53.22208],
          [63.64565, 53.22283]
        ]
      }
    },
    {
      "type": "Feature",
      "properties": { "district": "perevalovka", "kind": "major" },
      "geometry": {
        "type": "LineString",
        "coordinates": [
          [63.64565, 53.22283],
          [63.64548, 53.22291],
          [63.6453, 53.22299]
        ]
      }
    },
    {
      "type": "Feature",
      "properties": { "district": "center", "kind": "major" },
      "geometry": {
        "type": "LineString",
        "coordinates": [
          [63.6453, 53.22299],
          [63.64503, 53.22312],
          [63.64367, 53.22376],
          [63.64188, 53.22461],
          [63.64011, 53.22541],
          [63.63851, 53.22613],
          [63.63836, 53.2262],
          [63.63708, 53.2268],
          [63.63637, 53.22713],
          [63.63626, 53.22718],
          [63.63557, 53.22749]
        ]
      }
    },
    {
      "type": "Feature",
      "properties": { "district": "vokzal", "kind": "major" },
      "geometry": {
        "type": "LineString",
        "coordinates": [
          [63.63557, 53.22749],
          [63.63546, 53.22755]
        ]
      }
    },
    {
      "type": "Feature",
      "properties": { "district": "center", "kind": "major" },
      "geometry": {
        "type": "LineString",
        "coordinates": [
          [63.63546, 53.22755],
          [63.63527, 53.22763],
          [63.63508, 53.22772],
          [63.63388, 53.22829],
          [63.63358, 53.22843],
          [63.63279, 53.2288],
          [63.63175, 53.22929],
          [63.63146, 53.22942]
        ]
      }
    },
    {
      "type": "Feature",
      "properties": { "district": "vokzal", "kind": "major" },
      "geometry": {
        "type": "LineString",
        "coordinates": [
          [63.63146, 53.22942],
          [63.63106, 53.22962]
        ]
      }
    },
    {
      "type": "Feature",
      "properties": { "district": "center", "kind": "major" },
      "geometry": {
        "type": "LineString",
        "coordinates": [
          [63.63106, 53.22962],
          [63.63088, 53.2297],
          [63.63071, 53.22979],
          [63.62985, 53.23019],
          [63.62903, 53.23058],
          [63.62886, 53.23066],
          [63.62774, 53.23119],
          [63.62721, 53.23144],
          [63.62694, 53.23157],
          [63.62533, 53.23232]
        ]
      }
    },
    {
      "type": "Feature",
      "properties": { "district": "center", "kind": "minor" },
      "geometry": {
        "type": "LineString",
        "coordinates": [
          [63.62847, 53.22802],
          [63.62836, 53.22808],
          [63.62749, 53.2285],
          [63.62664, 53.22889],
          [63.62649, 53.22895]
        ]
      }
    },
    {
      "type": "Feature",
      "properties": { "district": "center", "kind": "minor" },
      "geometry": {
        "type": "LineString",
        "coordinates": [
          [63.62478, 53.22772],
          [63.62466, 53.22761],
          [63.62372, 53.2269],
          [63.6229, 53.22628],
          [63.62279, 53.22613],
          [63.62251, 53.22593],
          [63.62249, 53.22583],
          [63.62181, 53.22536],
          [63.62106, 53.22482],
          [63.621, 53.22478]
        ]
      }
    },
    {
      "type": "Feature",
      "properties": { "district": "vokzal", "kind": "minor" },
      "geometry": {
        "type": "LineString",
        "coordinates": [
          [63.61748, 53.22883],
          [63.61603, 53.22956],
          [63.61598, 53.22958],
          [63.61589, 53.22965],
          [63.61568, 53.22979],
          [63.61558, 53.22988],
          [63.61558, 53.22993]
        ]
      }
    },
    {
      "type": "Feature",
      "properties": { "district": "narimanovka", "kind": "minor" },
      "geometry": {
        "type": "LineString",
        "coordinates": [
          [63.61567, 53.2018],
          [63.61503, 53.20134],
          [63.61345, 53.20022]
        ]
      }
    },
    {
      "type": "Feature",
      "properties": { "district": "narimanovka", "kind": "minor" },
      "geometry": {
        "type": "LineString",
        "coordinates": [
          [63.61634, 53.20226],
          [63.61589, 53.20194],
          [63.61567, 53.2018]
        ]
      }
    },
    {
      "type": "Feature",
      "properties": { "district": "narimanovka", "kind": "minor" },
      "geometry": {
        "type": "LineString",
        "coordinates": [
          [63.61634, 53.20226],
          [63.61655, 53.20215],
          [63.61769, 53.20157],
          [63.6181, 53.20136]
        ]
      }
    },
    {
      "type": "Feature",
      "properties": { "district": "zapadny", "kind": "minor" },
      "geometry": {
        "type": "LineString",
        "coordinates": [
          [63.59282, 53.20687],
          [63.59355, 53.20671],
          [63.59373, 53.20669],
          [63.59395, 53.20668],
          [63.59409, 53.20671],
          [63.59438, 53.20682],
          [63.59442, 53.20682],
          [63.59453, 53.20683]
        ]
      }
    },
    {
      "type": "Feature",
      "properties": { "district": "narimanovka", "kind": "minor" },
      "geometry": {
        "type": "LineString",
        "coordinates": [
          [63.62269, 53.20646],
          [63.623, 53.20656],
          [63.62362, 53.20698]
        ]
      }
    },
    {
      "type": "Feature",
      "properties": { "district": null, "kind": "minor" },
      "geometry": {
        "type": "LineString",
        "coordinates": [
          [63.68192, 53.19244],
          [63.68177, 53.1923],
          [63.68165, 53.1922],
          [63.68155, 53.19215],
          [63.68143, 53.19211],
          [63.68128, 53.1921],
          [63.68112, 53.1921]
        ]
      }
    },
    {
      "type": "Feature",
      "properties": { "district": "center", "kind": "minor" },
      "geometry": {
        "type": "LineString",
        "coordinates": [
          [63.62356, 53.2223],
          [63.62345, 53.22235],
          [63.62334, 53.2224]
        ]
      }
    },
    {
      "type": "Feature",
      "properties": { "district": "center", "kind": "minor" },
      "geometry": {
        "type": "LineString",
        "coordinates": [
          [63.62529, 53.22353],
          [63.6252, 53.22358],
          [63.6251, 53.22363]
        ]
      }
    },
    {
      "type": "Feature",
      "properties": { "district": "ksk", "kind": "minor" },
      "geometry": {
        "type": "LineString",
        "coordinates": [
          [63.68588, 53.23572],
          [63.686, 53.23573],
          [63.68613, 53.23574],
          [63.68624, 53.23577],
          [63.68636, 53.23584],
          [63.68642, 53.23587],
          [63.68645, 53.23588],
          [63.68649, 53.23588],
          [63.68657, 53.23585],
          [63.68683, 53.23569]
        ]
      }
    },
    {
      "type": "Feature",
      "properties": { "district": "vokzal", "kind": "minor" },
      "geometry": {
        "type": "LineString",
        "coordinates": [
          [63.61574, 53.22744],
          [63.61578, 53.2274],
          [63.61672, 53.22695],
          [63.61727, 53.22668]
        ]
      }
    },
    {
      "type": "Feature",
      "properties": { "district": "center", "kind": "major" },
      "geometry": {
        "type": "LineString",
        "coordinates": [
          [63.64009, 53.21259],
          [63.64018, 53.21255]
        ]
      }
    },
    {
      "type": "Feature",
      "properties": { "district": "center", "kind": "major" },
      "geometry": {
        "type": "LineString",
        "coordinates": [
          [63.6422, 53.214],
          [63.64197, 53.21389],
          [63.64189, 53.21383],
          [63.64032, 53.21275],
          [63.64009, 53.21259]
        ]
      }
    },
    {
      "type": "Feature",
      "properties": { "district": "center", "kind": "major" },
      "geometry": {
        "type": "LineString",
        "coordinates": [
          [63.64018, 53.21255],
          [63.64041, 53.21271],
          [63.64198, 53.21379],
          [63.64206, 53.21384],
          [63.6422, 53.214]
        ]
      }
    },
    {
      "type": "Feature",
      "properties": { "district": "uzkaya-koleya", "kind": "minor" },
      "geometry": {
        "type": "LineString",
        "coordinates": [
          [63.63146, 53.25622],
          [63.63167, 53.25641],
          [63.63185, 53.25658],
          [63.63215, 53.2569],
          [63.63278, 53.25827],
          [63.6332, 53.25868],
          [63.63401, 53.25927],
          [63.63457, 53.25957],
          [63.63945, 53.2622],
          [63.63953, 53.26228],
          [63.63955, 53.26235],
          [63.63952, 53.26246],
          [63.63942, 53.26261],
          [63.63926, 53.26279],
          [63.63897, 53.26307],
          [63.63858, 53.26336],
          [63.63791, 53.26383],
          [63.63556, 53.26538]
        ]
      }
    },
    {
      "type": "Feature",
      "properties": { "district": "amangeldy", "kind": "minor" },
      "geometry": {
        "type": "LineString",
        "coordinates": [
          [63.57742, 53.13969],
          [63.5788, 53.14063]
        ]
      }
    },
    {
      "type": "Feature",
      "properties": { "district": "amangeldy", "kind": "minor" },
      "geometry": {
        "type": "LineString",
        "coordinates": [
          [63.57253, 53.14187],
          [63.57305, 53.14162],
          [63.5734, 53.14149],
          [63.57369, 53.14139],
          [63.57402, 53.1412],
          [63.575, 53.14048],
          [63.57516, 53.14045],
          [63.57534, 53.14047],
          [63.57707, 53.14157]
        ]
      }
    },
    {
      "type": "Feature",
      "properties": { "district": null, "kind": "minor" },
      "geometry": {
        "type": "LineString",
        "coordinates": [
          [63.57134, 53.13002],
          [63.57094, 53.13014],
          [63.57015, 53.13045],
          [63.56589, 53.13204],
          [63.56241, 53.13334]
        ]
      }
    },
    {
      "type": "Feature",
      "properties": { "district": null, "kind": "minor" },
      "geometry": {
        "type": "LineString",
        "coordinates": [
          [63.5762, 53.12954],
          [63.57465, 53.12996],
          [63.57445, 53.13006],
          [63.57431, 53.13016]
        ]
      }
    },
    {
      "type": "Feature",
      "properties": { "district": null, "kind": "minor" },
      "geometry": {
        "type": "LineString",
        "coordinates": [
          [63.56605, 53.13004],
          [63.56614, 53.12976],
          [63.56623, 53.1297],
          [63.56639, 53.12965],
          [63.56797, 53.12923],
          [63.57178, 53.12842],
          [63.57497, 53.12764]
        ]
      }
    },
    {
      "type": "Feature",
      "properties": { "district": null, "kind": "minor" },
      "geometry": {
        "type": "LineString",
        "coordinates": [
          [63.56082, 53.13175],
          [63.56423, 53.13041],
          [63.56509, 53.13014],
          [63.56546, 53.13008],
          [63.56605, 53.13004],
          [63.56655, 53.13008],
          [63.56726, 53.13021],
          [63.56757, 53.13021],
          [63.56799, 53.13016],
          [63.56835, 53.13004],
          [63.56932, 53.12971]
        ]
      }
    },
    {
      "type": "Feature",
      "properties": { "district": null, "kind": "minor" },
      "geometry": {
        "type": "LineString",
        "coordinates": [
          [63.56242, 53.12999],
          [63.55927, 53.13074]
        ]
      }
    },
    {
      "type": "Feature",
      "properties": { "district": null, "kind": "minor" },
      "geometry": {
        "type": "LineString",
        "coordinates": [
          [63.5599, 53.13134],
          [63.56025, 53.13119],
          [63.56314, 53.13009]
        ]
      }
    },
    {
      "type": "Feature",
      "properties": { "district": null, "kind": "minor" },
      "geometry": {
        "type": "LineString",
        "coordinates": [
          [63.55921, 53.13068],
          [63.55927, 53.13074],
          [63.5599, 53.13134],
          [63.5627, 53.13401],
          [63.56305, 53.13442],
          [63.56398, 53.1353],
          [63.5642, 53.13549],
          [63.56431, 53.13554],
          [63.56444, 53.13557],
          [63.56461, 53.13556],
          [63.56481, 53.13553],
          [63.57241, 53.13274],
          [63.57427, 53.13204],
          [63.57467, 53.13185],
          [63.57563, 53.13158]
        ]
      }
    },
    {
      "type": "Feature",
      "properties": { "district": null, "kind": "minor" },
      "geometry": {
        "type": "LineString",
        "coordinates": [
          [63.57416, 53.13418],
          [63.57306, 53.13463],
          [63.57242, 53.13501],
          [63.57209, 53.13515],
          [63.5718, 53.13526],
          [63.57169, 53.13528],
          [63.5716, 53.13526],
          [63.57154, 53.13521],
          [63.5712, 53.13473],
          [63.57099, 53.13461],
          [63.57077, 53.13458],
          [63.57011, 53.13458],
          [63.56988, 53.13463],
          [63.56963, 53.13475],
          [63.56914, 53.13508],
          [63.56899, 53.13516],
          [63.5676, 53.13562],
          [63.56675, 53.1359],
          [63.56668, 53.13599],
          [63.56669, 53.13609],
          [63.56673, 53.13633]
        ]
      }
    },
    {
      "type": "Feature",
      "properties": { "district": "amangeldy", "kind": "minor" },
      "geometry": {
        "type": "LineString",
        "coordinates": [
          [63.56673, 53.13633],
          [63.56671, 53.13644],
          [63.56658, 53.13671],
          [63.56622, 53.13735],
          [63.56622, 53.13746],
          [63.56632, 53.1376],
          [63.56678, 53.13803],
          [63.56716, 53.13838],
          [63.56834, 53.1397],
          [63.56852, 53.14],
          [63.5685, 53.1402],
          [63.56838, 53.14034],
          [63.56826, 53.14046],
          [63.56813, 53.14056]
        ]
      }
    },
    {
      "type": "Feature",
      "properties": { "district": null, "kind": "minor" },
      "geometry": {
        "type": "LineString",
        "coordinates": [
          [63.65528, 53.16514],
          [63.65433, 53.16542],
          [63.65343, 53.1657],
          [63.65289, 53.16578],
          [63.65242, 53.16588]
        ]
      }
    },
    {
      "type": "Feature",
      "properties": { "district": "narimanovka", "kind": "minor" },
      "geometry": {
        "type": "LineString",
        "coordinates": [
          [63.61984, 53.19309],
          [63.62033, 53.19275],
          [63.62078, 53.19263],
          [63.62107, 53.19263],
          [63.62144, 53.19247],
          [63.62155, 53.1925],
          [63.62187, 53.19271],
          [63.62197, 53.19266]
        ]
      }
    },
    {
      "type": "Feature",
      "properties": { "district": "narimanovka", "kind": "minor" },
      "geometry": {
        "type": "LineString",
        "coordinates": [
          [63.62144, 53.19247],
          [63.62209, 53.19214],
          [63.62316, 53.19285],
          [63.62423, 53.19357],
          [63.62354, 53.19388],
          [63.62251, 53.19314],
          [63.62187, 53.19271]
        ]
      }
    },
    {
      "type": "Feature",
      "properties": { "district": "dostyk", "kind": "minor" },
      "geometry": {
        "type": "LineString",
        "coordinates": [
          [63.55391, 53.14792],
          [63.55378, 53.14784],
          [63.55352, 53.14741],
          [63.55298, 53.14629],
          [63.55282, 53.14593]
        ]
      }
    },
    {
      "type": "Feature",
      "properties": { "district": "dostyk", "kind": "minor" },
      "geometry": {
        "type": "LineString",
        "coordinates": [
          [63.54994, 53.14669],
          [63.54896, 53.14679],
          [63.54884, 53.14628],
          [63.54864, 53.14591]
        ]
      }
    },
    {
      "type": "Feature",
      "properties": { "district": "uzkaya-koleya", "kind": "minor" },
      "geometry": {
        "type": "LineString",
        "coordinates": [
          [63.62839, 53.26193],
          [63.62848, 53.26194],
          [63.62829, 53.26214],
          [63.63015, 53.26321],
          [63.63079, 53.26283],
          [63.63224, 53.26197],
          [63.63271, 53.26165],
          [63.63301, 53.26183],
          [63.63359, 53.26149]
        ]
      }
    },
    {
      "type": "Feature",
      "properties": { "district": null, "kind": "minor" },
      "geometry": {
        "type": "LineString",
        "coordinates": [
          [63.54758, 53.2367],
          [63.548, 53.23696],
          [63.54819, 53.23728],
          [63.54839, 53.23759],
          [63.54829, 53.23795]
        ]
      }
    },
    {
      "type": "Feature",
      "properties": { "district": "zelenstroy", "kind": "minor" },
      "geometry": {
        "type": "LineString",
        "coordinates": [
          [63.715, 53.27265],
          [63.71476, 53.27285],
          [63.7147, 53.27289],
          [63.71394, 53.2731],
          [63.71321, 53.2733],
          [63.7124, 53.27352],
          [63.71437, 53.2761],
          [63.7148, 53.27669],
          [63.71566, 53.2765],
          [63.71321, 53.2733]
        ]
      }
    },
    {
      "type": "Feature",
      "properties": { "district": "zelenstroy", "kind": "minor" },
      "geometry": {
        "type": "LineString",
        "coordinates": [
          [63.71394, 53.2731],
          [63.71795, 53.27832],
          [63.71731, 53.27812],
          [63.7166, 53.27781],
          [63.71566, 53.2765]
        ]
      }
    },
    {
      "type": "Feature",
      "properties": { "district": "zelenstroy", "kind": "minor" },
      "geometry": {
        "type": "LineString",
        "coordinates": [
          [63.71795, 53.27832],
          [63.7184, 53.27847],
          [63.71868, 53.27842],
          [63.71888, 53.27825],
          [63.71896, 53.27793],
          [63.71886, 53.27796],
          [63.71871, 53.27777],
          [63.71845, 53.27768],
          [63.71476, 53.27285],
          [63.71338, 53.27097],
          [63.71278, 53.2702],
          [63.71229, 53.26953],
          [63.71124, 53.26815],
          [63.71062, 53.2673],
          [63.70942, 53.26571],
          [63.70877, 53.265],
          [63.70849, 53.2647]
        ]
      }
    },
    {
      "type": "Feature",
      "properties": { "district": "zelenstroy", "kind": "minor" },
      "geometry": {
        "type": "LineString",
        "coordinates": [
          [63.71321, 53.2733],
          [63.71116, 53.27066],
          [63.71113, 53.27061],
          [63.7094, 53.26831],
          [63.70902, 53.2678],
          [63.70731, 53.26558],
          [63.70712, 53.26527]
        ]
      }
    },
    {
      "type": "Feature",
      "properties": { "district": "zelenstroy", "kind": "minor" },
      "geometry": {
        "type": "LineString",
        "coordinates": [
          [63.71153, 53.26801],
          [63.71124, 53.26815],
          [63.71023, 53.2682]
        ]
      }
    },
    {
      "type": "Feature",
      "properties": { "district": "zelenstroy", "kind": "minor" },
      "geometry": {
        "type": "LineString",
        "coordinates": [
          [63.70665, 53.26548],
          [63.7066, 53.26585],
          [63.70851, 53.26836],
          [63.70918, 53.2693],
          [63.71035, 53.27085],
          [63.71037, 53.27086],
          [63.71041, 53.27086],
          [63.71046, 53.27085],
          [63.71116, 53.27066],
          [63.71194, 53.27045],
          [63.71278, 53.2702]
        ]
      }
    },
    {
      "type": "Feature",
      "properties": { "district": "zelenstroy", "kind": "minor" },
      "geometry": {
        "type": "LineString",
        "coordinates": [
          [63.7094, 53.26831],
          [63.70851, 53.26836],
          [63.70812, 53.26838],
          [63.70717, 53.26785],
          [63.70594, 53.26611],
          [63.70577, 53.26586]
        ]
      }
    },
    {
      "type": "Feature",
      "properties": { "district": "uzkaya-koleya", "kind": "minor" },
      "geometry": {
        "type": "LineString",
        "coordinates": [
          [63.63184, 53.26503],
          [63.63294, 53.26563],
          [63.63376, 53.26608],
          [63.63246, 53.26685]
        ]
      }
    },
    {
      "type": "Feature",
      "properties": { "district": "uzkaya-koleya", "kind": "minor" },
      "geometry": {
        "type": "LineString",
        "coordinates": [
          [63.62673, 53.26764],
          [63.6286, 53.26707],
          [63.63184, 53.26503],
          [63.63419, 53.26351],
          [63.63565, 53.26255],
          [63.63585, 53.26271],
          [63.63567, 53.26296],
          [63.63603, 53.26318]
        ]
      }
    },
    {
      "type": "Feature",
      "properties": { "district": "uzkaya-koleya", "kind": "minor" },
      "geometry": {
        "type": "LineString",
        "coordinates": [
          [63.63276, 53.26275],
          [63.63419, 53.26351],
          [63.63608, 53.26457]
        ]
      }
    },
    {
      "type": "Feature",
      "properties": { "district": "uzkaya-koleya", "kind": "minor" },
      "geometry": {
        "type": "LineString",
        "coordinates": [
          [63.64372, 53.25367],
          [63.64379, 53.2537],
          [63.64388, 53.2537],
          [63.64403, 53.25363],
          [63.64414, 53.25356],
          [63.64577, 53.25253],
          [63.64682, 53.2525],
          [63.64738, 53.25281],
          [63.64792, 53.25311]
        ]
      }
    },
    {
      "type": "Feature",
      "properties": { "district": "zelenstroy", "kind": "minor" },
      "geometry": {
        "type": "LineString",
        "coordinates": [
          [63.70894, 53.26448],
          [63.70922, 53.26459],
          [63.7106, 53.26433],
          [63.71073, 53.2643],
          [63.71165, 53.26411],
          [63.71178, 53.26402],
          [63.71205, 53.26389],
          [63.71296, 53.26366],
          [63.71484, 53.26622]
        ]
      }
    },
    {
      "type": "Feature",
      "properties": { "district": "zelenstroy", "kind": "minor" },
      "geometry": {
        "type": "LineString",
        "coordinates": [
          [63.7106, 53.26433],
          [63.71101, 53.2648],
          [63.7132, 53.26802],
          [63.71496, 53.27051],
          [63.71734, 53.27394],
          [63.7198, 53.27745],
          [63.72075, 53.27896]
        ]
      }
    },
    {
      "type": "Feature",
      "properties": { "district": "zelenstroy", "kind": "minor" },
      "geometry": {
        "type": "LineString",
        "coordinates": [
          [63.72197, 53.27913],
          [63.72067, 53.27722],
          [63.71826, 53.2737],
          [63.71817, 53.27356],
          [63.71442, 53.26787],
          [63.71221, 53.26447],
          [63.71222, 53.26434],
          [63.71178, 53.26402]
        ]
      }
    },
    {
      "type": "Feature",
      "properties": { "district": "zelenstroy", "kind": "minor" },
      "geometry": {
        "type": "LineString",
        "coordinates": [
          [63.7234, 53.27921],
          [63.7229, 53.27862],
          [63.72304, 53.27857],
          [63.72339, 53.2785],
          [63.72349, 53.27847],
          [63.72409, 53.27834],
          [63.72378, 53.27786],
          [63.72386, 53.27774],
          [63.72422, 53.27761],
          [63.72319, 53.27672],
          [63.72308, 53.27662],
          [63.72264, 53.27672],
          [63.72253, 53.27675],
          [63.72212, 53.27685],
          [63.72158, 53.27697],
          [63.72152, 53.27699],
          [63.72067, 53.27722],
          [63.7198, 53.27745],
          [63.71909, 53.27765],
          [63.71898, 53.27773],
          [63.71979, 53.27879]
        ]
      }
    },
    {
      "type": "Feature",
      "properties": { "district": "zelenstroy", "kind": "minor" },
      "geometry": {
        "type": "LineString",
        "coordinates": [
          [63.72232, 53.27813],
          [63.72152, 53.27699],
          [63.72059, 53.27573],
          [63.72074, 53.27555],
          [63.71915, 53.27347],
          [63.7179, 53.27186],
          [63.71683, 53.26982],
          [63.71559, 53.26779],
          [63.71508, 53.26696]
        ]
      }
    },
    {
      "type": "Feature",
      "properties": { "district": "zelenstroy", "kind": "minor" },
      "geometry": {
        "type": "LineString",
        "coordinates": [
          [63.7117, 53.26824],
          [63.71204, 53.26816],
          [63.71289, 53.26799],
          [63.7132, 53.26802],
          [63.71366, 53.26804],
          [63.71395, 53.26793],
          [63.71442, 53.26787],
          [63.71481, 53.26786],
          [63.71559, 53.26779],
          [63.71624, 53.26767],
          [63.71627, 53.26767],
          [63.71671, 53.26806]
        ]
      }
    },
    {
      "type": "Feature",
      "properties": { "district": "perevalovka", "kind": "minor" },
      "geometry": {
        "type": "LineString",
        "coordinates": [
          [63.65704, 53.22793],
          [63.65705, 53.22813],
          [63.65732, 53.22827],
          [63.65743, 53.22842]
        ]
      }
    },
    {
      "type": "Feature",
      "properties": { "district": "kostanay-2", "kind": "minor" },
      "geometry": {
        "type": "LineString",
        "coordinates": [
          [63.60532, 53.22976],
          [63.60515, 53.22988],
          [63.60434, 53.23035]
        ]
      }
    },
    {
      "type": "Feature",
      "properties": { "district": "kostanay-2", "kind": "minor" },
      "geometry": {
        "type": "LineString",
        "coordinates": [
          [63.60434, 53.23035],
          [63.60399, 53.23057],
          [63.60356, 53.23028],
          [63.60498, 53.2295],
          [63.60538, 53.22972]
        ]
      }
    },
    {
      "type": "Feature",
      "properties": { "district": "kostanay-2", "kind": "minor" },
      "geometry": {
        "type": "LineString",
        "coordinates": [
          [63.60663, 53.23033],
          [63.60605, 53.2306],
          [63.60544, 53.23098],
          [63.60511, 53.23076]
        ]
      }
    },
    {
      "type": "Feature",
      "properties": { "district": "dostyk", "kind": "minor" },
      "geometry": {
        "type": "LineString",
        "coordinates": [
          [63.54994, 53.14669],
          [63.55039, 53.14793]
        ]
      }
    },
    {
      "type": "Feature",
      "properties": { "district": null, "kind": "minor" },
      "geometry": {
        "type": "LineString",
        "coordinates": [
          [63.64909, 53.15978],
          [63.65044, 53.16091],
          [63.65046, 53.16094],
          [63.65178, 53.16201],
          [63.65289, 53.16292],
          [63.65388, 53.16376],
          [63.65517, 53.16493],
          [63.65528, 53.16514],
          [63.65604, 53.16843],
          [63.65613, 53.16887],
          [63.65634, 53.16964],
          [63.65647, 53.17002]
        ]
      }
    },
    {
      "type": "Feature",
      "properties": { "district": null, "kind": "minor" },
      "geometry": {
        "type": "LineString",
        "coordinates": [
          [63.65856, 53.16927],
          [63.6584, 53.16961],
          [63.6582, 53.16974],
          [63.65766, 53.16986],
          [63.65647, 53.17002],
          [63.65535, 53.17049],
          [63.6546, 53.17074],
          [63.65436, 53.17076],
          [63.65411, 53.1707],
          [63.65394, 53.17055],
          [63.65389, 53.1704],
          [63.65401, 53.17016],
          [63.65419, 53.16764],
          [63.65425, 53.16653],
          [63.65435, 53.16561],
          [63.65433, 53.16542]
        ]
      }
    },
    {
      "type": "Feature",
      "properties": { "district": null, "kind": "minor" },
      "geometry": {
        "type": "LineString",
        "coordinates": [
          [63.65856, 53.16927],
          [63.65897, 53.16923]
        ]
      }
    },
    {
      "type": "Feature",
      "properties": { "district": "amangeldy", "kind": "minor" },
      "geometry": {
        "type": "LineString",
        "coordinates": [
          [63.58588, 53.1519],
          [63.58583, 53.15187],
          [63.58548, 53.15134]
        ]
      }
    },
    {
      "type": "Feature",
      "properties": { "district": "khimik", "kind": "minor" },
      "geometry": {
        "type": "LineString",
        "coordinates": [
          [63.57897, 53.15757],
          [63.57955, 53.15738],
          [63.58099, 53.15708],
          [63.58132, 53.15698],
          [63.58187, 53.15666],
          [63.58228, 53.15655],
          [63.58271, 53.15631],
          [63.5831, 53.15625]
        ]
      }
    },
    {
      "type": "Feature",
      "properties": { "district": "khimik", "kind": "minor" },
      "geometry": {
        "type": "LineString",
        "coordinates": [
          [63.57839, 53.15681],
          [63.58018, 53.15666],
          [63.58144, 53.15653],
          [63.58198, 53.15646],
          [63.58244, 53.15634],
          [63.58271, 53.15631]
        ]
      }
    },
    {
      "type": "Feature",
      "properties": { "district": "kzhbi", "kind": "minor" },
      "geometry": {
        "type": "LineString",
        "coordinates": [
          [63.59654, 53.17941],
          [63.59639, 53.17919],
          [63.5965, 53.17907],
          [63.59703, 53.17894],
          [63.59642, 53.17815],
          [63.59466, 53.1756],
          [63.59441, 53.17541],
          [63.59395, 53.17524]
        ]
      }
    },
    {
      "type": "Feature",
      "properties": { "district": "amangeldy", "kind": "minor" },
      "geometry": {
        "type": "LineString",
        "coordinates": [
          [63.58009, 53.14421],
          [63.58049, 53.14391],
          [63.58076, 53.14377]
        ]
      }
    },
    {
      "type": "Feature",
      "properties": { "district": "amangeldy", "kind": "minor" },
      "geometry": {
        "type": "LineString",
        "coordinates": [
          [63.57927, 53.14256],
          [63.58008, 53.14301],
          [63.57999, 53.14327],
          [63.57962, 53.14346]
        ]
      }
    },
    {
      "type": "Feature",
      "properties": { "district": null, "kind": "minor" },
      "geometry": {
        "type": "LineString",
        "coordinates": [
          [63.62588, 53.15361],
          [63.62577, 53.15385],
          [63.62571, 53.15392],
          [63.62567, 53.154],
          [63.62563, 53.15415],
          [63.62569, 53.15451],
          [63.62582, 53.15492],
          [63.62587, 53.15531],
          [63.62587, 53.15537],
          [63.62586, 53.15539],
          [63.62585, 53.1554],
          [63.62582, 53.15541],
          [63.62575, 53.15541],
          [63.62479, 53.15548]
        ]
      }
    },
    {
      "type": "Feature",
      "properties": { "district": "center", "kind": "major" },
      "geometry": {
        "type": "LineString",
        "coordinates": [
          [63.64601, 53.21662],
          [63.64704, 53.21741],
          [63.64883, 53.21888],
          [63.64901, 53.21903],
          [63.65074, 53.22043]
        ]
      }
    },
    {
      "type": "Feature",
      "properties": { "district": "aeroport", "kind": "minor" },
      "geometry": {
        "type": "LineString",
        "coordinates": [
          [63.57329, 53.21449],
          [63.57321, 53.2143],
          [63.57212, 53.21183]
        ]
      }
    },
    {
      "type": "Feature",
      "properties": { "district": null, "kind": "minor" },
      "geometry": {
        "type": "LineString",
        "coordinates": [
          [63.57212, 53.21183],
          [63.57174, 53.21102],
          [63.57177, 53.21068],
          [63.57171, 53.21028]
        ]
      }
    },
    {
      "type": "Feature",
      "properties": { "district": "dostyk", "kind": "minor" },
      "geometry": {
        "type": "LineString",
        "coordinates": [
          [63.53868, 53.15581],
          [63.53868, 53.15648],
          [63.53867, 53.15657],
          [63.53867, 53.15698],
          [63.53864, 53.15745]
        ]
      }
    },
    {
      "type": "Feature",
      "properties": { "district": "dostyk", "kind": "minor" },
      "geometry": {
        "type": "LineString",
        "coordinates": [
          [63.54042, 53.157],
          [63.54133, 53.15673],
          [63.54341, 53.15618],
          [63.54391, 53.15605]
        ]
      }
    },
    {
      "type": "Feature",
      "properties": { "district": "narimanovka", "kind": "minor" },
      "geometry": {
        "type": "LineString",
        "coordinates": [
          [63.6142, 53.18478],
          [63.61333, 53.18473],
          [63.61304, 53.18471],
          [63.6126, 53.18463],
          [63.61226, 53.18462],
          [63.61132, 53.18465],
          [63.61046, 53.18466]
        ]
      }
    },
    {
      "type": "Feature",
      "properties": { "district": "kzhbi", "kind": "minor" },
      "geometry": {
        "type": "LineString",
        "coordinates": [
          [63.58391, 53.18284],
          [63.58402, 53.18336],
          [63.58424, 53.18341],
          [63.58425, 53.18355]
        ]
      }
    },
    {
      "type": "Feature",
      "properties": { "district": "kzhbi", "kind": "minor" },
      "geometry": {
        "type": "LineString",
        "coordinates": [
          [63.58543, 53.1836],
          [63.58495, 53.18362],
          [63.58172, 53.18374],
          [63.58147, 53.1837],
          [63.58117, 53.18361],
          [63.58105, 53.18354],
          [63.58098, 53.18338],
          [63.581, 53.1832],
          [63.58125, 53.18269],
          [63.58149, 53.18216],
          [63.58178, 53.18142]
        ]
      }
    },
    {
      "type": "Feature",
      "properties": { "district": "vokzal", "kind": "minor" },
      "geometry": {
        "type": "LineString",
        "coordinates": [
          [63.66433, 53.24218],
          [63.66438, 53.2422]
        ]
      }
    },
    {
      "type": "Feature",
      "properties": { "district": "vokzal", "kind": "minor" },
      "geometry": {
        "type": "LineString",
        "coordinates": [
          [63.65587, 53.23427],
          [63.6574, 53.23501],
          [63.65807, 53.23445]
        ]
      }
    },
    {
      "type": "Feature",
      "properties": { "district": "amangeldy", "kind": "minor" },
      "geometry": {
        "type": "LineString",
        "coordinates": [
          [63.58467, 53.14247],
          [63.58338, 53.14299],
          [63.58321, 53.14305],
          [63.58281, 53.14322]
        ]
      }
    },
    {
      "type": "Feature",
      "properties": { "district": "amangeldy", "kind": "minor" },
      "geometry": {
        "type": "LineString",
        "coordinates": [
          [63.58321, 53.14305],
          [63.58449, 53.14397],
          [63.58532, 53.14443],
          [63.58495, 53.14466],
          [63.58523, 53.14488],
          [63.58466, 53.14529]
        ]
      }
    },
    {
      "type": "Feature",
      "properties": { "district": "amangeldy", "kind": "minor" },
      "geometry": {
        "type": "LineString",
        "coordinates": [
          [63.58281, 53.14322],
          [63.58181, 53.14386]
        ]
      }
    },
    {
      "type": "Feature",
      "properties": { "district": "kostanay-2", "kind": "minor" },
      "geometry": {
        "type": "LineString",
        "coordinates": [
          [63.59702, 53.2248],
          [63.59742, 53.22448],
          [63.59778, 53.2242],
          [63.59792, 53.22416],
          [63.59803, 53.22416],
          [63.59861, 53.22383]
        ]
      }
    },
    {
      "type": "Feature",
      "properties": { "district": "kostanay-2", "kind": "minor" },
      "geometry": {
        "type": "LineString",
        "coordinates": [
          [63.59778, 53.2242],
          [63.59738, 53.2241],
          [63.59728, 53.22404],
          [63.59727, 53.22399],
          [63.59751, 53.22372],
          [63.59751, 53.22366],
          [63.59732, 53.22356],
          [63.59708, 53.22343]
        ]
      }
    },
    {
      "type": "Feature",
      "properties": { "district": null, "kind": "minor" },
      "geometry": {
        "type": "LineString",
        "coordinates": [
          [63.67893, 53.16617],
          [63.67905, 53.16616],
          [63.67942, 53.16614]
        ]
      }
    },
    {
      "type": "Feature",
      "properties": { "district": "aeroport", "kind": "minor" },
      "geometry": {
        "type": "LineString",
        "coordinates": [
          [63.57303, 53.21886],
          [63.5729, 53.21881],
          [63.57306, 53.21882]
        ]
      }
    },
    {
      "type": "Feature",
      "properties": { "district": "aeroport", "kind": "minor" },
      "geometry": {
        "type": "LineString",
        "coordinates": [
          [63.57306, 53.21882],
          [63.57348, 53.21888],
          [63.57398, 53.21896]
        ]
      }
    },
    {
      "type": "Feature",
      "properties": { "district": "aeroport", "kind": "minor" },
      "geometry": {
        "type": "LineString",
        "coordinates": [
          [63.57396, 53.21902],
          [63.57346, 53.21894],
          [63.5732, 53.2189],
          [63.57303, 53.21886]
        ]
      }
    },
    {
      "type": "Feature",
      "properties": { "district": "aeroport", "kind": "minor" },
      "geometry": {
        "type": "LineString",
        "coordinates": [
          [63.5703, 53.21822],
          [63.57061, 53.21829],
          [63.57091, 53.21836],
          [63.57117, 53.21842],
          [63.57174, 53.21855],
          [63.57203, 53.21861],
          [63.57228, 53.21867],
          [63.57253, 53.21872],
          [63.5729, 53.21881]
        ]
      }
    },
    {
      "type": "Feature",
      "properties": { "district": "uzkaya-koleya", "kind": "minor" },
      "geometry": {
        "type": "LineString",
        "coordinates": [
          [63.6572, 53.27539],
          [63.65749, 53.27515],
          [63.65893, 53.27435]
        ]
      }
    },
    {
      "type": "Feature",
      "properties": { "district": "uzkaya-koleya", "kind": "minor" },
      "geometry": {
        "type": "LineString",
        "coordinates": [
          [63.661, 53.27027],
          [63.6601, 53.26987],
          [63.65987, 53.26989],
          [63.65936, 53.27013],
          [63.65886, 53.27002],
          [63.65826, 53.2697],
          [63.65686, 53.26924],
          [63.65605, 53.26891],
          [63.65565, 53.26881],
          [63.65373, 53.26896]
        ]
      }
    },
    {
      "type": "Feature",
      "properties": { "district": null, "kind": "minor" },
      "geometry": {
        "type": "LineString",
        "coordinates": [
          [63.65972, 53.17599],
          [63.65771, 53.17481],
          [63.65642, 53.17407],
          [63.65635, 53.17405],
          [63.65627, 53.17406]
        ]
      }
    },
    {
      "type": "Feature",
      "properties": { "district": null, "kind": "minor" },
      "geometry": {
        "type": "LineString",
        "coordinates": [
          [63.65664, 53.17544],
          [63.6586, 53.17666]
        ]
      }
    },
    {
      "type": "Feature",
      "properties": { "district": null, "kind": "minor" },
      "geometry": {
        "type": "LineString",
        "coordinates": [
          [63.65559, 53.17605],
          [63.65753, 53.17727]
        ]
      }
    },
    {
      "type": "Feature",
      "properties": { "district": null, "kind": "minor" },
      "geometry": {
        "type": "LineString",
        "coordinates": [
          [63.65317, 53.17583],
          [63.65453, 53.17667],
          [63.65646, 53.17788]
        ]
      }
    },
    {
      "type": "Feature",
      "properties": { "district": null, "kind": "minor" },
      "geometry": {
        "type": "LineString",
        "coordinates": [
          [63.65349, 53.17728],
          [63.65541, 53.17849]
        ]
      }
    },
    {
      "type": "Feature",
      "properties": { "district": null, "kind": "minor" },
      "geometry": {
        "type": "LineString",
        "coordinates": [
          [63.64988, 53.17774],
          [63.65125, 53.17859],
          [63.65315, 53.17978]
        ]
      }
    },
    {
      "type": "Feature",
      "properties": { "district": null, "kind": "minor" },
      "geometry": {
        "type": "LineString",
        "coordinates": [
          [63.65108, 53.17869],
          [63.65125, 53.17859],
          [63.65349, 53.17728],
          [63.65453, 53.17667],
          [63.65559, 53.17605],
          [63.65664, 53.17544],
          [63.65771, 53.17481]
        ]
      }
    },
    {
      "type": "Feature",
      "properties": { "district": null, "kind": "major" },
      "geometry": {
        "type": "LineString",
        "coordinates": [
          [63.52879, 53.24842],
          [63.51029, 53.25989]
        ]
      }
    },
    {
      "type": "Feature",
      "properties": { "district": "zelenstroy", "kind": "minor" },
      "geometry": {
        "type": "LineString",
        "coordinates": [
          [63.70776, 53.26499],
          [63.7078, 53.26509],
          [63.71023, 53.2682],
          [63.71025, 53.26822],
          [63.71194, 53.27045],
          [63.71394, 53.2731]
        ]
      }
    },
    {
      "type": "Feature",
      "properties": { "district": "amangeldy", "kind": "minor" },
      "geometry": {
        "type": "LineString",
        "coordinates": [
          [63.58112, 53.15201],
          [63.58314, 53.1519],
          [63.58333, 53.15189]
        ]
      }
    },
    {
      "type": "Feature",
      "properties": { "district": "kzhbi", "kind": "minor" },
      "geometry": {
        "type": "LineString",
        "coordinates": [
          [63.58979, 53.17118],
          [63.58875, 53.17076],
          [63.58834, 53.17062],
          [63.58811, 53.17055],
          [63.58773, 53.17049]
        ]
      }
    },
    {
      "type": "Feature",
      "properties": { "district": "dostyk", "kind": "minor" },
      "geometry": {
        "type": "LineString",
        "coordinates": [
          [63.54994, 53.14669],
          [63.55298, 53.14629],
          [63.55359, 53.14621],
          [63.55375, 53.14611],
          [63.5539, 53.14597]
        ]
      }
    },
    {
      "type": "Feature",
      "properties": { "district": "uzkaya-koleya", "kind": "minor" },
      "geometry": {
        "type": "LineString",
        "coordinates": [
          [63.63246, 53.26685],
          [63.63167, 53.2664],
          [63.63294, 53.26563],
          [63.63352, 53.26529]
        ]
      }
    },
    {
      "type": "Feature",
      "properties": { "district": null, "kind": "minor" },
      "geometry": {
        "type": "LineString",
        "coordinates": [
          [63.66694, 53.17972],
          [63.66653, 53.18]
        ]
      }
    },
    {
      "type": "Feature",
      "properties": { "district": null, "kind": "minor" },
      "geometry": {
        "type": "LineString",
        "coordinates": [
          [63.66668, 53.17946],
          [63.66722, 53.17918],
          [63.66765, 53.17892],
          [63.66881, 53.1784],
          [63.66902, 53.17822],
          [63.66913, 53.178]
        ]
      }
    },
    {
      "type": "Feature",
      "properties": { "district": null, "kind": "minor" },
      "geometry": {
        "type": "LineString",
        "coordinates": [
          [63.66653, 53.17873],
          [63.66856, 53.17777]
        ]
      }
    },
    {
      "type": "Feature",
      "properties": { "district": null, "kind": "minor" },
      "geometry": {
        "type": "LineString",
        "coordinates": [
          [63.66848, 53.18072],
          [63.66744, 53.18003],
          [63.66694, 53.17972],
          [63.66668, 53.17946],
          [63.66444, 53.17791]
        ]
      }
    },
    {
      "type": "Feature",
      "properties": { "district": null, "kind": "minor" },
      "geometry": {
        "type": "LineString",
        "coordinates": [
          [63.66967, 53.18032],
          [63.66936, 53.18011],
          [63.66909, 53.17988],
          [63.66888, 53.17957],
          [63.66876, 53.17928],
          [63.66883, 53.1792],
          [63.6705, 53.17838]
        ]
      }
    },
    {
      "type": "Feature",
      "properties": { "district": null, "kind": "minor" },
      "geometry": {
        "type": "LineString",
        "coordinates": [
          [63.67023, 53.18007],
          [63.67081, 53.18029],
          [63.67092, 53.18031],
          [63.67102, 53.18029],
          [63.67148, 53.18003],
          [63.67246, 53.17953],
          [63.67302, 53.17928],
          [63.6731, 53.17921]
        ]
      }
    },
    {
      "type": "Feature",
      "properties": { "district": null, "kind": "minor" },
      "geometry": {
        "type": "LineString",
        "coordinates": [
          [63.66776, 53.18088],
          [63.66848, 53.18072],
          [63.66897, 53.18062],
          [63.66967, 53.18032],
          [63.67023, 53.18007],
          [63.6722, 53.17904],
          [63.67233, 53.17893]
        ]
      }
    },
    {
      "type": "Feature",
      "properties": { "district": "center", "kind": "minor" },
      "geometry": {
        "type": "LineString",
        "coordinates": [
          [63.64942, 53.21055],
          [63.64929, 53.21048],
          [63.64916, 53.21039],
          [63.64894, 53.21025],
          [63.64771, 53.2094],
          [63.64724, 53.20907],
          [63.64711, 53.20899]
        ]
      }
    },
    {
      "type": "Feature",
      "properties": { "district": "narimanovka", "kind": "minor" },
      "geometry": {
        "type": "LineString",
        "coordinates": [
          [63.64711, 53.20899],
          [63.64699, 53.20886],
          [63.64694, 53.2088]
        ]
      }
    },
    {
      "type": "Feature",
      "properties": { "district": null, "kind": "minor" },
      "geometry": {
        "type": "LineString",
        "coordinates": [
          [63.55577, 53.21121],
          [63.55613, 53.21042],
          [63.55619, 53.21022],
          [63.55618, 53.2099],
          [63.55622, 53.20973],
          [63.5597, 53.20482],
          [63.56389, 53.19892]
        ]
      }
    },
    {
      "type": "Feature",
      "properties": { "district": null, "kind": "minor" },
      "geometry": {
        "type": "LineString",
        "coordinates": [
          [63.55514, 53.22161],
          [63.55536, 53.22128],
          [63.55563, 53.22087]
        ]
      }
    },
    {
      "type": "Feature",
      "properties": { "district": null, "kind": "minor" },
      "geometry": {
        "type": "LineString",
        "coordinates": [
          [63.55522, 53.22076],
          [63.55563, 53.22087]
        ]
      }
    },
    {
      "type": "Feature",
      "properties": { "district": "kzhbi", "kind": "minor" },
      "geometry": {
        "type": "LineString",
        "coordinates": [
          [63.60416, 53.18138],
          [63.60435, 53.18127],
          [63.60446, 53.1812],
          [63.60459, 53.18111],
          [63.60469, 53.18105]
        ]
      }
    },
    {
      "type": "Feature",
      "properties": { "district": null, "kind": "minor" },
      "geometry": {
        "type": "LineString",
        "coordinates": [
          [63.66109, 53.18035],
          [63.66228, 53.17968],
          [63.66332, 53.17906]
        ]
      }
    },
    {
      "type": "Feature",
      "properties": { "district": null, "kind": "minor" },
      "geometry": {
        "type": "LineString",
        "coordinates": [
          [63.65402, 53.1831],
          [63.65371, 53.18322],
          [63.6535, 53.18331],
          [63.65323, 53.18325],
          [63.65309, 53.18316],
          [63.65301, 53.183],
          [63.65314, 53.18286],
          [63.65338, 53.18273],
          [63.65373, 53.18258],
          [63.65398, 53.18247],
          [63.65405, 53.18244],
          [63.65432, 53.18233],
          [63.65462, 53.18233],
          [63.6548, 53.18239],
          [63.65491, 53.18254],
          [63.65491, 53.1826],
          [63.65491, 53.18268],
          [63.65474, 53.18277],
          [63.6544, 53.18295],
          [63.65402, 53.1831]
        ]
      }
    },
    {
      "type": "Feature",
      "properties": { "district": null, "kind": "minor" },
      "geometry": {
        "type": "LineString",
        "coordinates": [
          [63.65432, 53.18233],
          [63.65491, 53.18205]
        ]
      }
    },
    {
      "type": "Feature",
      "properties": { "district": "aeroport", "kind": "minor" },
      "geometry": {
        "type": "LineString",
        "coordinates": [
          [63.5718, 53.22035],
          [63.5707, 53.21985],
          [63.57023, 53.21964],
          [63.57019, 53.21961],
          [63.57019, 53.21958],
          [63.57056, 53.21902],
          [63.57074, 53.21873]
        ]
      }
    },
    {
      "type": "Feature",
      "properties": { "district": "aeroport", "kind": "minor" },
      "geometry": {
        "type": "LineString",
        "coordinates": [
          [63.57205, 53.21913],
          [63.57194, 53.2193],
          [63.5719, 53.21932],
          [63.57184, 53.21932],
          [63.57129, 53.21919],
          [63.57105, 53.21913],
          [63.57056, 53.21902]
        ]
      }
    },
    {
      "type": "Feature",
      "properties": { "district": "aeroport", "kind": "minor" },
      "geometry": {
        "type": "LineString",
        "coordinates": [
          [63.57006, 53.21857],
          [63.57016, 53.2186],
          [63.57038, 53.21865],
          [63.57074, 53.21873],
          [63.57118, 53.21884],
          [63.57121, 53.21887],
          [63.5712, 53.21889],
          [63.57105, 53.21913]
        ]
      }
    },
    {
      "type": "Feature",
      "properties": { "district": "aeroport", "kind": "minor" },
      "geometry": {
        "type": "LineString",
        "coordinates": [
          [63.57303, 53.21886],
          [63.57306, 53.21882]
        ]
      }
    },
    {
      "type": "Feature",
      "properties": { "district": "kostanay-2", "kind": "major" },
      "geometry": {
        "type": "LineString",
        "coordinates": [
          [63.56549, 53.2256],
          [63.56322, 53.22703]
        ]
      }
    },
    {
      "type": "Feature",
      "properties": { "district": "aeroport", "kind": "minor" },
      "geometry": {
        "type": "LineString",
        "coordinates": [
          [63.58309, 53.21295],
          [63.5831, 53.21298]
        ]
      }
    },
    {
      "type": "Feature",
      "properties": { "district": "vokzal", "kind": "minor" },
      "geometry": {
        "type": "LineString",
        "coordinates": [
          [63.5831, 53.21298],
          [63.58313, 53.21302],
          [63.58319, 53.21306],
          [63.5833, 53.2131]
        ]
      }
    },
    {
      "type": "Feature",
      "properties": { "district": "aeroport", "kind": "minor" },
      "geometry": {
        "type": "LineString",
        "coordinates": [
          [63.57348, 53.21888],
          [63.57346, 53.21894]
        ]
      }
    },
    {
      "type": "Feature",
      "properties": { "district": "kostanay-2", "kind": "minor" },
      "geometry": {
        "type": "LineString",
        "coordinates": [
          [63.59668, 53.24435],
          [63.59804, 53.2451],
          [63.60048, 53.24645]
        ]
      }
    },
    {
      "type": "Feature",
      "properties": { "district": "kostanay-2", "kind": "minor" },
      "geometry": {
        "type": "LineString",
        "coordinates": [
          [63.60188, 53.24096],
          [63.60242, 53.24061],
          [63.60304, 53.24022],
          [63.60353, 53.2399],
          [63.60408, 53.23955]
        ]
      }
    },
    {
      "type": "Feature",
      "properties": { "district": "kostanay-2", "kind": "minor" },
      "geometry": {
        "type": "LineString",
        "coordinates": [
          [63.60047, 53.24018],
          [63.60149, 53.23947],
          [63.59881, 53.23795]
        ]
      }
    },
    {
      "type": "Feature",
      "properties": { "district": "kostanay-2", "kind": "minor" },
      "geometry": {
        "type": "LineString",
        "coordinates": [
          [63.5961, 53.23644],
          [63.59597, 53.23638],
          [63.59351, 53.23501]
        ]
      }
    },
    {
      "type": "Feature",
      "properties": { "district": "kostanay-2", "kind": "minor" },
      "geometry": {
        "type": "LineString",
        "coordinates": [
          [63.59351, 53.23501],
          [63.59159, 53.23395],
          [63.59026, 53.2332]
        ]
      }
    },
    {
      "type": "Feature",
      "properties": { "district": "kostanay-2", "kind": "minor" },
      "geometry": {
        "type": "LineString",
        "coordinates": [
          [63.5956, 53.2416],
          [63.59886, 53.23949],
          [63.59904, 53.23938]
        ]
      }
    },
    {
      "type": "Feature",
      "properties": { "district": "kostanay-2", "kind": "minor" },
      "geometry": {
        "type": "LineString",
        "coordinates": [
          [63.59258, 53.24208],
          [63.59438, 53.24093]
        ]
      }
    },
    {
      "type": "Feature",
      "properties": { "district": "kostanay-2", "kind": "minor" },
      "geometry": {
        "type": "LineString",
        "coordinates": [
          [63.59771, 53.23865],
          [63.59829, 53.23828],
          [63.59881, 53.23795],
          [63.5993, 53.23762],
          [63.59981, 53.2373],
          [63.59992, 53.23723]
        ]
      }
    },
    {
      "type": "Feature",
      "properties": { "district": "kostanay-2", "kind": "minor" },
      "geometry": {
        "type": "LineString",
        "coordinates": [
          [63.5961, 53.23644],
          [63.59624, 53.23652],
          [63.59881, 53.23795]
        ]
      }
    },
    {
      "type": "Feature",
      "properties": { "district": "kostanay-2", "kind": "minor" },
      "geometry": {
        "type": "LineString",
        "coordinates": [
          [63.59025, 53.23712],
          [63.59286, 53.23854]
        ]
      }
    },
    {
      "type": "Feature",
      "properties": { "district": "kostanay-2", "kind": "minor" },
      "geometry": {
        "type": "LineString",
        "coordinates": [
          [63.59286, 53.23854],
          [63.59478, 53.23894],
          [63.59666, 53.23934]
        ]
      }
    },
    {
      "type": "Feature",
      "properties": { "district": "kostanay-2", "kind": "minor" },
      "geometry": {
        "type": "LineString",
        "coordinates": [
          [63.58446, 53.23696],
          [63.58608, 53.23787],
          [63.5877, 53.23877]
        ]
      }
    },
    {
      "type": "Feature",
      "properties": { "district": "kostanay-2", "kind": "minor" },
      "geometry": {
        "type": "LineString",
        "coordinates": [
          [63.5877, 53.23877],
          [63.59028, 53.24021]
        ]
      }
    },
    {
      "type": "Feature",
      "properties": { "district": "kostanay-2", "kind": "minor" },
      "geometry": {
        "type": "LineString",
        "coordinates": [
          [63.58282, 53.24],
          [63.58608, 53.23787]
        ]
      }
    },
    {
      "type": "Feature",
      "properties": { "district": "kostanay-2", "kind": "minor" },
      "geometry": {
        "type": "LineString",
        "coordinates": [
          [63.58304, 53.23617],
          [63.58629, 53.23409],
          [63.58647, 53.23398]
        ]
      }
    },
    {
      "type": "Feature",
      "properties": { "district": "kostanay-2", "kind": "minor" },
      "geometry": {
        "type": "LineString",
        "coordinates": [
          [63.58647, 53.23398],
          [63.58809, 53.23291],
          [63.58907, 53.23227],
          [63.58995, 53.2317]
        ]
      }
    },
    {
      "type": "Feature",
      "properties": { "district": "perevalovka", "kind": "major" },
      "geometry": {
        "type": "LineString",
        "coordinates": [
          [63.67219, 53.23239],
          [63.67099, 53.23153],
          [63.66954, 53.23048],
          [63.66907, 53.23013],
          [63.66787, 53.22925],
          [63.6672, 53.22877],
          [63.66641, 53.22818],
          [63.66602, 53.22787],
          [63.666, 53.22786],
          [63.66589, 53.22778],
          [63.66537, 53.22741],
          [63.66509, 53.22721],
          [63.66447, 53.22675],
          [63.66402, 53.22642],
          [63.66342, 53.22598],
          [63.66294, 53.22563],
          [63.66165, 53.22468],
          [63.66152, 53.22458],
          [63.66008, 53.22352],
          [63.65984, 53.22334],
          [63.65973, 53.22326],
          [63.65959, 53.22316],
          [63.65921, 53.22288]
        ]
      }
    },
    {
      "type": "Feature",
      "properties": { "district": "perevalovka", "kind": "minor" },
      "geometry": {
        "type": "LineString",
        "coordinates": [
          [63.65467, 53.22376],
          [63.65518, 53.22419],
          [63.65602, 53.22489],
          [63.65712, 53.22581],
          [63.65747, 53.2261],
          [63.65782, 53.22639]
        ]
      }
    },
    {
      "type": "Feature",
      "properties": { "district": "perevalovka", "kind": "minor" },
      "geometry": {
        "type": "LineString",
        "coordinates": [
          [63.65459, 53.2237],
          [63.65467, 53.22376]
        ]
      }
    },
    {
      "type": "Feature",
      "properties": { "district": "perevalovka", "kind": "minor" },
      "geometry": {
        "type": "LineString",
        "coordinates": [
          [63.65561, 53.22806],
          [63.65507, 53.22779],
          [63.65479, 53.22766],
          [63.65411, 53.22734],
          [63.65379, 53.2272],
          [63.653, 53.22684]
        ]
      }
    },
    {
      "type": "Feature",
      "properties": { "district": "perevalovka", "kind": "minor" },
      "geometry": {
        "type": "LineString",
        "coordinates": [
          [63.653, 53.22684],
          [63.65288, 53.22679]
        ]
      }
    },
    {
      "type": "Feature",
      "properties": { "district": "amangeldy", "kind": "minor" },
      "geometry": {
        "type": "LineString",
        "coordinates": [
          [63.58666, 53.15186],
          [63.58667, 53.15212]
        ]
      }
    },
    {
      "type": "Feature",
      "properties": { "district": "amangeldy", "kind": "minor" },
      "geometry": {
        "type": "LineString",
        "coordinates": [
          [63.58338, 53.15209],
          [63.58362, 53.15207],
          [63.58588, 53.1519],
          [63.58666, 53.15186]
        ]
      }
    },
    {
      "type": "Feature",
      "properties": { "district": "kostanay-2", "kind": "minor" },
      "geometry": {
        "type": "LineString",
        "coordinates": [
          [63.61206, 53.23878],
          [63.61238, 53.23859],
          [63.61246, 53.23854]
        ]
      }
    },
    {
      "type": "Feature",
      "properties": { "district": "zapadny", "kind": "minor" },
      "geometry": {
        "type": "LineString",
        "coordinates": [
          [63.60064, 53.19326],
          [63.60138, 53.19321]
        ]
      }
    },
    {
      "type": "Feature",
      "properties": { "district": "dostyk", "kind": "minor" },
      "geometry": {
        "type": "LineString",
        "coordinates": [
          [63.53076, 53.15423],
          [63.5306, 53.15339]
        ]
      }
    },
    {
      "type": "Feature",
      "properties": { "district": "dostyk", "kind": "minor" },
      "geometry": {
        "type": "LineString",
        "coordinates": [
          [63.53135, 53.15839],
          [63.53122, 53.15739],
          [63.53107, 53.15621],
          [63.53088, 53.15522],
          [63.53076, 53.15423]
        ]
      }
    },
    {
      "type": "Feature",
      "properties": { "district": "dostyk", "kind": "minor" },
      "geometry": {
        "type": "LineString",
        "coordinates": [
          [63.53395, 53.15277],
          [63.5306, 53.15339]
        ]
      }
    },
    {
      "type": "Feature",
      "properties": { "district": "dostyk", "kind": "minor" },
      "geometry": {
        "type": "LineString",
        "coordinates": [
          [63.53627, 53.15233],
          [63.53395, 53.15277]
        ]
      }
    },
    {
      "type": "Feature",
      "properties": { "district": "dostyk", "kind": "minor" },
      "geometry": {
        "type": "LineString",
        "coordinates": [
          [63.53868, 53.15648],
          [63.54025, 53.15651]
        ]
      }
    },
    {
      "type": "Feature",
      "properties": { "district": "dostyk", "kind": "minor" },
      "geometry": {
        "type": "LineString",
        "coordinates": [
          [63.53867, 53.15698],
          [63.54042, 53.157]
        ]
      }
    },
    {
      "type": "Feature",
      "properties": { "district": "kostanay-2", "kind": "minor" },
      "geometry": {
        "type": "LineString",
        "coordinates": [
          [63.59086, 53.22146],
          [63.59036, 53.22118],
          [63.58984, 53.22084],
          [63.58918, 53.22048],
          [63.58875, 53.22037],
          [63.58828, 53.2202],
          [63.58771, 53.21996],
          [63.58729, 53.21971],
          [63.58673, 53.21949]
        ]
      }
    },
    {
      "type": "Feature",
      "properties": { "district": "uzkaya-koleya", "kind": "minor" },
      "geometry": {
        "type": "LineString",
        "coordinates": [
          [63.66053, 53.26319],
          [63.66147, 53.26255]
        ]
      }
    },
    {
      "type": "Feature",
      "properties": { "district": "uzkaya-koleya", "kind": "minor" },
      "geometry": {
        "type": "LineString",
        "coordinates": [
          [63.66126, 53.26425],
          [63.66184, 53.26378],
          [63.66267, 53.26318],
          [63.66188, 53.26273]
        ]
      }
    },
    {
      "type": "Feature",
      "properties": { "district": "zapadny", "kind": "minor" },
      "geometry": {
        "type": "LineString",
        "coordinates": [
          [63.59679, 53.19257],
          [63.59831, 53.19245],
          [63.59874, 53.19242],
          [63.59914, 53.19239],
          [63.59968, 53.19234],
          [63.60019, 53.1923],
          [63.60053, 53.19227],
          [63.6012, 53.19222]
        ]
      }
    },
    {
      "type": "Feature",
      "properties": { "district": "perevalovka", "kind": "major" },
      "geometry": {
        "type": "LineString",
        "coordinates": [
          [63.67455, 53.23125],
          [63.67426, 53.2313],
          [63.67397, 53.23138],
          [63.67381, 53.23144],
          [63.67355, 53.23155],
          [63.67317, 53.23175],
          [63.67309, 53.23179],
          [63.67292, 53.23188],
          [63.67274, 53.23198],
          [63.67233, 53.23221],
          [63.67226, 53.23228],
          [63.67219, 53.23239]
        ]
      }
    },
    {
      "type": "Feature",
      "properties": { "district": "ksk", "kind": "major" },
      "geometry": {
        "type": "LineString",
        "coordinates": [
          [63.68092, 53.22964],
          [63.68189, 53.22917]
        ]
      }
    },
    {
      "type": "Feature",
      "properties": { "district": "ksk", "kind": "major" },
      "geometry": {
        "type": "LineString",
        "coordinates": [
          [63.68189, 53.22917],
          [63.68507, 53.2278]
        ]
      }
    },
    {
      "type": "Feature",
      "properties": { "district": null, "kind": "major" },
      "geometry": {
        "type": "LineString",
        "coordinates": [
          [63.6866, 53.22726],
          [63.68632, 53.22738],
          [63.68573, 53.22762],
          [63.68543, 53.22777],
          [63.68517, 53.22788]
        ]
      }
    },
    {
      "type": "Feature",
      "properties": { "district": null, "kind": "major" },
      "geometry": {
        "type": "LineString",
        "coordinates": [
          [63.68507, 53.2278],
          [63.68534, 53.22768],
          [63.68565, 53.22757],
          [63.6866, 53.22726]
        ]
      }
    },
    {
      "type": "Feature",
      "properties": { "district": "kostanay-2", "kind": "minor" },
      "geometry": {
        "type": "LineString",
        "coordinates": [
          [63.60574, 53.23923],
          [63.60554, 53.23912],
          [63.60551, 53.23911],
          [63.60523, 53.23895],
          [63.60459, 53.23859],
          [63.60437, 53.23847],
          [63.6042, 53.23837],
          [63.60396, 53.23824],
          [63.60332, 53.23788],
          [63.60269, 53.23746],
          [63.60243, 53.23732],
          [63.60212, 53.23716],
          [63.60203, 53.23711],
          [63.60148, 53.2368],
          [63.60118, 53.23664],
          [63.60082, 53.23643],
          [63.60027, 53.23612],
          [63.59966, 53.2358],
          [63.59936, 53.23564],
          [63.59899, 53.23544],
          [63.59849, 53.23515],
          [63.5983, 53.23503]
        ]
      }
    },
    {
      "type": "Feature",
      "properties": { "district": "kostanay-2", "kind": "minor" },
      "geometry": {
        "type": "LineString",
        "coordinates": [
          [63.60915, 53.23701],
          [63.60887, 53.23719],
          [63.60713, 53.23833],
          [63.60696, 53.23843],
          [63.60683, 53.23852],
          [63.60634, 53.23885],
          [63.60574, 53.23923],
          [63.60525, 53.23955],
          [63.60502, 53.2397],
          [63.60486, 53.23981]
        ]
      }
    },
    {
      "type": "Feature",
      "properties": { "district": "center", "kind": "minor" },
      "geometry": {
        "type": "LineString",
        "coordinates": [
          [63.6369, 53.21937],
          [63.63698, 53.21936],
          [63.63715, 53.21939],
          [63.63763, 53.21973]
        ]
      }
    },
    {
      "type": "Feature",
      "properties": { "district": "center", "kind": "minor" },
      "geometry": {
        "type": "LineString",
        "coordinates": [
          [63.63734, 53.22204],
          [63.63698, 53.22177],
          [63.63696, 53.22174],
          [63.63699, 53.22171],
          [63.63735, 53.2215]
        ]
      }
    },
    {
      "type": "Feature",
      "properties": { "district": "dostyk", "kind": "minor" },
      "geometry": {
        "type": "LineString",
        "coordinates": [
          [63.54843, 53.15261],
          [63.54824, 53.15298]
        ]
      }
    },
    {
      "type": "Feature",
      "properties": { "district": "dostyk", "kind": "minor" },
      "geometry": {
        "type": "LineString",
        "coordinates": [
          [63.54426, 53.15048],
          [63.54393, 53.14938]
        ]
      }
    },
    {
      "type": "Feature",
      "properties": { "district": "amangeldy", "kind": "minor" },
      "geometry": {
        "type": "LineString",
        "coordinates": [
          [63.58562, 53.14948],
          [63.58592, 53.14945]
        ]
      }
    },
    {
      "type": "Feature",
      "properties": { "district": "amangeldy", "kind": "minor" },
      "geometry": {
        "type": "LineString",
        "coordinates": [
          [63.58313, 53.14969],
          [63.58321, 53.14961],
          [63.58331, 53.14956],
          [63.58346, 53.14952],
          [63.58349, 53.14952],
          [63.58422, 53.14948],
          [63.58494, 53.14946],
          [63.58497, 53.14947],
          [63.58511, 53.1495],
          [63.58515, 53.1495],
          [63.58562, 53.14948],
          [63.58578, 53.14935]
        ]
      }
    },
    {
      "type": "Feature",
      "properties": { "district": "amangeldy", "kind": "minor" },
      "geometry": {
        "type": "LineString",
        "coordinates": [
          [63.59245, 53.1503],
          [63.59281, 53.15013],
          [63.59283, 53.15013],
          [63.593, 53.1501],
          [63.59303, 53.1501],
          [63.59361, 53.14975]
        ]
      }
    },
    {
      "type": "Feature",
      "properties": { "district": "amangeldy", "kind": "minor" },
      "geometry": {
        "type": "LineString",
        "coordinates": [
          [63.58657, 53.14376],
          [63.58755, 53.14326]
        ]
      }
    },
    {
      "type": "Feature",
      "properties": { "district": "amangeldy", "kind": "minor" },
      "geometry": {
        "type": "LineString",
        "coordinates": [
          [63.58487, 53.1417],
          [63.58487, 53.14167],
          [63.58486, 53.14163],
          [63.58461, 53.14146]
        ]
      }
    },
    {
      "type": "Feature",
      "properties": { "district": "amangeldy", "kind": "minor" },
      "geometry": {
        "type": "LineString",
        "coordinates": [
          [63.58408, 53.14207],
          [63.58483, 53.14172],
          [63.58487, 53.1417],
          [63.58491, 53.1417],
          [63.58495, 53.14172],
          [63.58559, 53.1422]
        ]
      }
    },
    {
      "type": "Feature",
      "properties": { "district": "amangeldy", "kind": "minor" },
      "geometry": {
        "type": "LineString",
        "coordinates": [
          [63.58476, 53.14253],
          [63.58547, 53.1422],
          [63.58553, 53.14219],
          [63.58559, 53.1422],
          [63.58577, 53.1423],
          [63.58595, 53.14239],
          [63.586, 53.1424],
          [63.58621, 53.14243],
          [63.58625, 53.14243],
          [63.58642, 53.14241],
          [63.58646, 53.1424],
          [63.58657, 53.14234]
        ]
      }
    },
    {
      "type": "Feature",
      "properties": { "district": "amangeldy", "kind": "minor" },
      "geometry": {
        "type": "LineString",
        "coordinates": [
          [63.58338, 53.14299],
          [63.58309, 53.14284],
          [63.5828, 53.1427],
          [63.58209, 53.14242],
          [63.58189, 53.14233],
          [63.58188, 53.14231],
          [63.58189, 53.14229],
          [63.58208, 53.14217],
          [63.58211, 53.14216],
          [63.58215, 53.14217],
          [63.58236, 53.14228],
          [63.58237, 53.1423],
          [63.58236, 53.14232],
          [63.58233, 53.14234]
        ]
      }
    },
    {
      "type": "Feature",
      "properties": { "district": "kostanay-2", "kind": "minor" },
      "geometry": {
        "type": "LineString",
        "coordinates": [
          [63.59391, 53.23952],
          [63.59478, 53.23894],
          [63.59521, 53.23864]
        ]
      }
    },
    {
      "type": "Feature",
      "properties": { "district": "kostanay-2", "kind": "minor" },
      "geometry": {
        "type": "LineString",
        "coordinates": [
          [63.58013, 53.23399],
          [63.58027, 53.23381],
          [63.58093, 53.23338]
        ]
      }
    },
    {
      "type": "Feature",
      "properties": { "district": "kostanay-2", "kind": "minor" },
      "geometry": {
        "type": "LineString",
        "coordinates": [
          [63.58259, 53.22731],
          [63.58325, 53.2277]
        ]
      }
    },
    {
      "type": "Feature",
      "properties": { "district": null, "kind": "minor" },
      "geometry": {
        "type": "LineString",
        "coordinates": [
          [63.62571, 53.14826],
          [63.6249, 53.14817],
          [63.62409, 53.14803],
          [63.62348, 53.14793],
          [63.62342, 53.14789],
          [63.62338, 53.14782],
          [63.62324, 53.14733],
          [63.62313, 53.14702],
          [63.62295, 53.14639],
          [63.6227, 53.1453],
          [63.62263, 53.1451],
          [63.62254, 53.14491],
          [63.62245, 53.14481]
        ]
      }
    },
    {
      "type": "Feature",
      "properties": { "district": "ksk", "kind": "minor" },
      "geometry": {
        "type": "LineString",
        "coordinates": [
          [63.68943, 53.2408],
          [63.68824, 53.23995]
        ]
      }
    },
    {
      "type": "Feature",
      "properties": { "district": "amangeldy", "kind": "minor" },
      "geometry": {
        "type": "LineString",
        "coordinates": [
          [63.57904, 53.14927],
          [63.57938, 53.1496],
          [63.57948, 53.14968],
          [63.57964, 53.14971],
          [63.58072, 53.14956],
          [63.5808, 53.14959],
          [63.58084, 53.14962],
          [63.58091, 53.1498],
          [63.58096, 53.14983],
          [63.58105, 53.14985],
          [63.58128, 53.14981],
          [63.58134, 53.14978],
          [63.58132, 53.14974],
          [63.58129, 53.14962],
          [63.58131, 53.14959],
          [63.58136, 53.14956],
          [63.58217, 53.1495],
          [63.5828, 53.1495]
        ]
      }
    },
    {
      "type": "Feature",
      "properties": { "district": "amangeldy", "kind": "minor" },
      "geometry": {
        "type": "LineString",
        "coordinates": [
          [63.58344, 53.15235],
          [63.58338, 53.15209],
          [63.58333, 53.15189],
          [63.58286, 53.14969]
        ]
      }
    },
    {
      "type": "Feature",
      "properties": { "district": "amangeldy", "kind": "minor" },
      "geometry": {
        "type": "LineString",
        "coordinates": [
          [63.59663, 53.15192],
          [63.59687, 53.15212],
          [63.59721, 53.1525],
          [63.59748, 53.15289],
          [63.59782, 53.1533],
          [63.59807, 53.15354],
          [63.59824, 53.1537],
          [63.59838, 53.15385]
        ]
      }
    },
    {
      "type": "Feature",
      "properties": { "district": "amangeldy", "kind": "minor" },
      "geometry": {
        "type": "LineString",
        "coordinates": [
          [63.59436, 53.14701],
          [63.59445, 53.14698],
          [63.59467, 53.14689],
          [63.59483, 53.1468],
          [63.5949, 53.14674],
          [63.59494, 53.14668],
          [63.59498, 53.14662],
          [63.59506, 53.14656],
          [63.59514, 53.14653],
          [63.59525, 53.14651],
          [63.59543, 53.14648],
          [63.59568, 53.14645]
        ]
      }
    },
    {
      "type": "Feature",
      "properties": { "district": "amangeldy", "kind": "minor" },
      "geometry": {
        "type": "LineString",
        "coordinates": [
          [63.58666, 53.15186],
          [63.58719, 53.15182],
          [63.58815, 53.15177],
          [63.58859, 53.15173],
          [63.58888, 53.15168],
          [63.58921, 53.15163]
        ]
      }
    },
    {
      "type": "Feature",
      "properties": { "district": "amangeldy", "kind": "minor" },
      "geometry": {
        "type": "LineString",
        "coordinates": [
          [63.58992, 53.15155],
          [63.58976, 53.15128],
          [63.58955, 53.15105],
          [63.58941, 53.15088],
          [63.58916, 53.1507],
          [63.589, 53.15051],
          [63.58891, 53.15033],
          [63.5888, 53.15015],
          [63.58863, 53.14986]
        ]
      }
    },
    {
      "type": "Feature",
      "properties": { "district": "amangeldy", "kind": "minor" },
      "geometry": {
        "type": "LineString",
        "coordinates": [
          [63.58914, 53.15223],
          [63.58979, 53.15249],
          [63.5899, 53.15255],
          [63.59004, 53.15255],
          [63.5905, 53.15254],
          [63.59085, 53.15251],
          [63.59166, 53.1524]
        ]
      }
    },
    {
      "type": "Feature",
      "properties": { "district": "zelenstroy", "kind": "minor" },
      "geometry": {
        "type": "LineString",
        "coordinates": [
          [63.70053, 53.25445],
          [63.69996, 53.25394],
          [63.69942, 53.25343],
          [63.6993, 53.25329],
          [63.69858, 53.25259]
        ]
      }
    },
    {
      "type": "Feature",
      "properties": { "district": null, "kind": "minor" },
      "geometry": {
        "type": "LineString",
        "coordinates": [
          [63.69878, 53.19764],
          [63.69786, 53.19788]
        ]
      }
    },
    {
      "type": "Feature",
      "properties": { "district": "kostanay-2", "kind": "minor" },
      "geometry": {
        "type": "LineString",
        "coordinates": [
          [63.6042, 53.23962],
          [63.60434, 53.23953],
          [63.60447, 53.23944],
          [63.60467, 53.2393],
          [63.60489, 53.23916],
          [63.60507, 53.23905],
          [63.60523, 53.23895]
        ]
      }
    },
    {
      "type": "Feature",
      "properties": { "district": "kostanay-2", "kind": "minor" },
      "geometry": {
        "type": "LineString",
        "coordinates": [
          [63.56157, 53.2422],
          [63.56195, 53.24196],
          [63.56255, 53.24166],
          [63.56287, 53.2415],
          [63.56303, 53.24147],
          [63.56323, 53.24153],
          [63.56358, 53.24165]
        ]
      }
    },
    {
      "type": "Feature",
      "properties": { "district": "dostyk", "kind": "minor" },
      "geometry": {
        "type": "LineString",
        "coordinates": [
          [63.54216, 53.15531],
          [63.54354, 53.15531],
          [63.54488, 53.15528],
          [63.54498, 53.15527],
          [63.54506, 53.15524],
          [63.54556, 53.15492],
          [63.54605, 53.15457],
          [63.54609, 53.15452],
          [63.54612, 53.15445],
          [63.54616, 53.15419]
        ]
      }
    },
    {
      "type": "Feature",
      "properties": { "district": "zapadny", "kind": "minor" },
      "geometry": {
        "type": "LineString",
        "coordinates": [
          [63.59747, 53.18875],
          [63.59675, 53.18883],
          [63.59661, 53.18889],
          [63.59662, 53.18895],
          [63.59663, 53.18903],
          [63.59669, 53.18921],
          [63.59676, 53.18947],
          [63.59673, 53.18951],
          [63.59607, 53.18965],
          [63.5952, 53.18982],
          [63.59521, 53.18994],
          [63.59521, 53.19003],
          [63.59524, 53.19018],
          [63.59521, 53.19023],
          [63.59521, 53.19034],
          [63.59527, 53.19073],
          [63.5954, 53.19086]
        ]
      }
    },
    {
      "type": "Feature",
      "properties": { "district": "zelenstroy", "kind": "minor" },
      "geometry": {
        "type": "LineString",
        "coordinates": [
          [63.70103, 53.25305],
          [63.70144, 53.25334],
          [63.70234, 53.25399],
          [63.70306, 53.25452],
          [63.70322, 53.25464],
          [63.70351, 53.25486],
          [63.70381, 53.25506],
          [63.70469, 53.25573],
          [63.70525, 53.25614],
          [63.70549, 53.25643],
          [63.70585, 53.25687],
          [63.70612, 53.25711]
        ]
      }
    },
    {
      "type": "Feature",
      "properties": { "district": "zelenstroy", "kind": "minor" },
      "geometry": {
        "type": "LineString",
        "coordinates": [
          [63.69253, 53.25432],
          [63.69263, 53.25441],
          [63.69271, 53.25458],
          [63.69284, 53.25477],
          [63.69308, 53.25502],
          [63.69319, 53.25514],
          [63.69329, 53.25524],
          [63.69345, 53.25542],
          [63.69374, 53.25566],
          [63.69397, 53.25583],
          [63.69423, 53.2559],
          [63.69437, 53.25596],
          [63.69459, 53.25613],
          [63.69495, 53.25643],
          [63.69501, 53.2565],
          [63.69514, 53.25657]
        ]
      }
    },
    {
      "type": "Feature",
      "properties": { "district": "zelenstroy", "kind": "minor" },
      "geometry": {
        "type": "LineString",
        "coordinates": [
          [63.69577, 53.25855],
          [63.69548, 53.2587],
          [63.69527, 53.25884],
          [63.69516, 53.25887],
          [63.69509, 53.25888],
          [63.69502, 53.25886],
          [63.69493, 53.2588],
          [63.69462, 53.2586],
          [63.69399, 53.2582]
        ]
      }
    },
    {
      "type": "Feature",
      "properties": { "district": "zelenstroy", "kind": "minor" },
      "geometry": {
        "type": "LineString",
        "coordinates": [
          [63.69832, 53.25755],
          [63.69797, 53.25769],
          [63.69759, 53.25782],
          [63.69688, 53.2581],
          [63.69628, 53.25835],
          [63.69602, 53.25847],
          [63.69577, 53.25855]
        ]
      }
    },
    {
      "type": "Feature",
      "properties": { "district": "zelenstroy", "kind": "minor" },
      "geometry": {
        "type": "LineString",
        "coordinates": [
          [63.70952, 53.25836],
          [63.71006, 53.25916],
          [63.71026, 53.25962],
          [63.7104, 53.25993],
          [63.71081, 53.2607],
          [63.7112, 53.26128],
          [63.7115, 53.26176],
          [63.71191, 53.26228],
          [63.71244, 53.26298],
          [63.71286, 53.26353],
          [63.71296, 53.26366]
        ]
      }
    },
    {
      "type": "Feature",
      "properties": { "district": null, "kind": "minor" },
      "geometry": {
        "type": "LineString",
        "coordinates": [
          [63.71821, 53.21963],
          [63.72004, 53.22081],
          [63.72169, 53.22198],
          [63.72339, 53.22316],
          [63.72345, 53.22319],
          [63.7235, 53.22319],
          [63.72357, 53.22317],
          [63.72387, 53.22297],
          [63.7239, 53.22296],
          [63.72392, 53.22296],
          [63.72394, 53.22296],
          [63.72408, 53.22302],
          [63.72416, 53.22306],
          [63.72419, 53.22309],
          [63.7242, 53.22313],
          [63.72419, 53.22317],
          [63.72416, 53.22321],
          [63.72407, 53.22332],
          [63.72398, 53.22344]
        ]
      }
    },
    {
      "type": "Feature",
      "properties": { "district": null, "kind": "minor" },
      "geometry": {
        "type": "LineString",
        "coordinates": [
          [63.7179, 53.21978],
          [63.71792, 53.21977],
          [63.71821, 53.21963],
          [63.71971, 53.21888],
          [63.72142, 53.21803],
          [63.722, 53.21774],
          [63.72605, 53.21605],
          [63.72685, 53.21571],
          [63.72779, 53.21534]
        ]
      }
    },
    {
      "type": "Feature",
      "properties": { "district": null, "kind": "major" },
      "geometry": {
        "type": "LineString",
        "coordinates": [
          [63.52749, 53.11127],
          [63.5283, 53.11167],
          [63.53297, 53.11395],
          [63.53688, 53.11586],
          [63.54392, 53.1193],
          [63.54505, 53.11986],
          [63.54681, 53.12079],
          [63.5479, 53.12155],
          [63.54971, 53.12295],
          [63.55112, 53.12407],
          [63.55205, 53.12482],
          [63.55275, 53.12538],
          [63.55401, 53.12639],
          [63.55479, 53.12704],
          [63.56121, 53.13345],
          [63.56196, 53.1342]
        ]
      }
    },
    {
      "type": "Feature",
      "properties": { "district": null, "kind": "major" },
      "geometry": {
        "type": "LineString",
        "coordinates": [
          [63.56148, 53.13396],
          [63.56102, 53.1335],
          [63.55993, 53.13244],
          [63.55608, 53.12858],
          [63.5546, 53.12711],
          [63.55384, 53.12647],
          [63.55258, 53.12546],
          [63.55188, 53.1249],
          [63.55105, 53.12426],
          [63.54953, 53.12303],
          [63.54774, 53.12163],
          [63.54667, 53.12088],
          [63.54492, 53.11997],
          [63.54379, 53.1194],
          [63.54151, 53.11831],
          [63.53675, 53.11596],
          [63.53093, 53.11315],
          [63.52817, 53.11177],
          [63.52537, 53.11039],
          [63.51927, 53.10742]
        ]
      }
    },
    {
      "type": "Feature",
      "properties": { "district": "zelenstroy", "kind": "minor" },
      "geometry": {
        "type": "LineString",
        "coordinates": [
          [63.69462, 53.2586],
          [63.69426, 53.25886],
          [63.69409, 53.25901],
          [63.69375, 53.25928],
          [63.69369, 53.25936],
          [63.69367, 53.25939],
          [63.69366, 53.25944],
          [63.69364, 53.25955],
          [63.69365, 53.25962],
          [63.69365, 53.25964],
          [63.69372, 53.25971],
          [63.69385, 53.25978],
          [63.69406, 53.25983],
          [63.69413, 53.25985],
          [63.69419, 53.2599],
          [63.69421, 53.25994],
          [63.69422, 53.25999],
          [63.69419, 53.26004],
          [63.69404, 53.26029]
        ]
      }
    },
    {
      "type": "Feature",
      "properties": { "district": "zelenstroy", "kind": "minor" },
      "geometry": {
        "type": "LineString",
        "coordinates": [
          [63.70429, 53.25872],
          [63.70413, 53.25874],
          [63.70397, 53.25878],
          [63.70388, 53.25881],
          [63.70374, 53.25887],
          [63.70362, 53.25892],
          [63.70315, 53.25907],
          [63.70224, 53.25933],
          [63.70126, 53.2596]
        ]
      }
    },
    {
      "type": "Feature",
      "properties": { "district": "zelenstroy", "kind": "minor" },
      "geometry": {
        "type": "LineString",
        "coordinates": [
          [63.70454, 53.25863],
          [63.70431, 53.2587],
          [63.70429, 53.25872],
          [63.70429, 53.25876],
          [63.70436, 53.25884],
          [63.70446, 53.25896],
          [63.70447, 53.259],
          [63.70447, 53.25904],
          [63.70446, 53.25907],
          [63.70444, 53.2591],
          [63.70428, 53.25918],
          [63.70385, 53.25934],
          [63.70306, 53.25961],
          [63.70213, 53.25993],
          [63.70107, 53.2603]
        ]
      }
    },
    {
      "type": "Feature",
      "properties": { "district": "zapadny", "kind": "minor" },
      "geometry": {
        "type": "LineString",
        "coordinates": [
          [63.59924, 53.20006],
          [63.59906, 53.1993],
          [63.59896, 53.19884]
        ]
      }
    },
    {
      "type": "Feature",
      "properties": { "district": null, "kind": "minor" },
      "geometry": {
        "type": "LineString",
        "coordinates": [
          [63.69959, 53.20456],
          [63.69896, 53.20391]
        ]
      }
    },
    {
      "type": "Feature",
      "properties": { "district": null, "kind": "minor" },
      "geometry": {
        "type": "LineString",
        "coordinates": [
          [63.69938, 53.20463],
          [63.69873, 53.20399]
        ]
      }
    },
    {
      "type": "Feature",
      "properties": { "district": null, "kind": "minor" },
      "geometry": {
        "type": "LineString",
        "coordinates": [
          [63.69826, 53.20277],
          [63.69746, 53.20217]
        ]
      }
    },
    {
      "type": "Feature",
      "properties": { "district": null, "kind": "minor" },
      "geometry": {
        "type": "LineString",
        "coordinates": [
          [63.68512, 53.19407],
          [63.68557, 53.19395],
          [63.6857, 53.19387],
          [63.68586, 53.19383],
          [63.68606, 53.19381]
        ]
      }
    },
    {
      "type": "Feature",
      "properties": { "district": null, "kind": "minor" },
      "geometry": {
        "type": "LineString",
        "coordinates": [
          [63.68649, 53.19381],
          [63.68673, 53.19378],
          [63.68687, 53.19374],
          [63.68727, 53.19357]
        ]
      }
    },
    {
      "type": "Feature",
      "properties": { "district": null, "kind": "minor" },
      "geometry": {
        "type": "LineString",
        "coordinates": [
          [63.68535, 53.19312],
          [63.68588, 53.19306]
        ]
      }
    },
    {
      "type": "Feature",
      "properties": { "district": null, "kind": "minor" },
      "geometry": {
        "type": "LineString",
        "coordinates": [
          [63.68512, 53.19407],
          [63.6853, 53.19455],
          [63.68536, 53.19459],
          [63.68545, 53.19462],
          [63.6857, 53.19463]
        ]
      }
    },
    {
      "type": "Feature",
      "properties": { "district": null, "kind": "minor" },
      "geometry": {
        "type": "LineString",
        "coordinates": [
          [63.68606, 53.19381],
          [63.68649, 53.19381],
          [63.68673, 53.19401],
          [63.68725, 53.19447],
          [63.68741, 53.19457],
          [63.6875, 53.19461],
          [63.68761, 53.19465]
        ]
      }
    },
    {
      "type": "Feature",
      "properties": { "district": null, "kind": "minor" },
      "geometry": {
        "type": "LineString",
        "coordinates": [
          [63.68475, 53.19088],
          [63.68535, 53.19312],
          [63.68557, 53.19395],
          [63.6857, 53.19463],
          [63.68583, 53.19518]
        ]
      }
    },
    {
      "type": "Feature",
      "properties": { "district": null, "kind": "minor" },
      "geometry": {
        "type": "LineString",
        "coordinates": [
          [63.6868, 53.19166],
          [63.68694, 53.19221]
        ]
      }
    },
    {
      "type": "Feature",
      "properties": { "district": null, "kind": "minor" },
      "geometry": {
        "type": "LineString",
        "coordinates": [
          [63.68577, 53.19259],
          [63.68699, 53.19249]
        ]
      }
    },
    {
      "type": "Feature",
      "properties": { "district": null, "kind": "minor" },
      "geometry": {
        "type": "LineString",
        "coordinates": [
          [63.68726, 53.19189],
          [63.68699, 53.19176],
          [63.68692, 53.19172],
          [63.6868, 53.19166],
          [63.68659, 53.19121],
          [63.68632, 53.1904]
        ]
      }
    },
    {
      "type": "Feature",
      "properties": { "district": "aeroport", "kind": "minor" },
      "geometry": {
        "type": "LineString",
        "coordinates": [
          [63.57038, 53.21865],
          [63.56991, 53.21929],
          [63.56973, 53.2196],
          [63.56972, 53.21968],
          [63.56979, 53.21976],
          [63.57013, 53.21991],
          [63.57046, 53.22004]
        ]
      }
    },
    {
      "type": "Feature",
      "properties": { "district": "dostyk", "kind": "minor" },
      "geometry": {
        "type": "LineString",
        "coordinates": [
          [63.5306, 53.15339],
          [63.53036, 53.15345],
          [63.53014, 53.15352],
          [63.52992, 53.15354],
          [63.52959, 53.1535],
          [63.52919, 53.15345]
        ]
      }
    },
    {
      "type": "Feature",
      "properties": { "district": null, "kind": "minor" },
      "geometry": {
        "type": "LineString",
        "coordinates": [
          [63.6595, 53.17233],
          [63.65916, 53.17233],
          [63.65507, 53.17241]
        ]
      }
    },
    {
      "type": "Feature",
      "properties": { "district": "amangeldy", "kind": "minor" },
      "geometry": {
        "type": "LineString",
        "coordinates": [
          [63.57654, 53.14607],
          [63.57729, 53.14565]
        ]
      }
    },
    {
      "type": "Feature",
      "properties": { "district": "dostyk", "kind": "minor" },
      "geometry": {
        "type": "LineString",
        "coordinates": [
          [63.54042, 53.157],
          [63.54065, 53.15736],
          [63.54079, 53.15764],
          [63.54093, 53.15783],
          [63.541, 53.15799]
        ]
      }
    },
    {
      "type": "Feature",
      "properties": { "district": "dostyk", "kind": "minor" },
      "geometry": {
        "type": "LineString",
        "coordinates": [
          [63.54111, 53.15797],
          [63.54111, 53.15918],
          [63.54116, 53.1593],
          [63.54116, 53.15945],
          [63.54108, 53.15979],
          [63.54074, 53.16067]
        ]
      }
    },
    {
      "type": "Feature",
      "properties": { "district": null, "kind": "minor" },
      "geometry": {
        "type": "LineString",
        "coordinates": [
          [63.62934, 53.15749],
          [63.63029, 53.15772]
        ]
      }
    },
    {
      "type": "Feature",
      "properties": { "district": null, "kind": "minor" },
      "geometry": {
        "type": "LineString",
        "coordinates": [
          [63.62906, 53.15796],
          [63.62978, 53.15812]
        ]
      }
    },
    {
      "type": "Feature",
      "properties": { "district": null, "kind": "minor" },
      "geometry": {
        "type": "LineString",
        "coordinates": [
          [63.63292, 53.15998],
          [63.63245, 53.15939],
          [63.63184, 53.15857]
        ]
      }
    },
    {
      "type": "Feature",
      "properties": { "district": null, "kind": "minor" },
      "geometry": {
        "type": "LineString",
        "coordinates": [
          [63.63217, 53.16017],
          [63.63169, 53.15958],
          [63.63138, 53.15918]
        ]
      }
    },
    {
      "type": "Feature",
      "properties": { "district": null, "kind": "minor" },
      "geometry": {
        "type": "LineString",
        "coordinates": [
          [63.6315, 53.16053],
          [63.63145, 53.16045],
          [63.63094, 53.15977],
          [63.63053, 53.15924]
        ]
      }
    },
    {
      "type": "Feature",
      "properties": { "district": null, "kind": "minor" },
      "geometry": {
        "type": "LineString",
        "coordinates": [
          [63.63007, 53.15629],
          [63.63085, 53.1573],
          [63.6309, 53.15734],
          [63.63097, 53.15735],
          [63.63165, 53.15715]
        ]
      }
    },
    {
      "type": "Feature",
      "properties": { "district": null, "kind": "minor" },
      "geometry": {
        "type": "LineString",
        "coordinates": [
          [63.63322, 53.1592],
          [63.63245, 53.15939],
          [63.63169, 53.15958],
          [63.63094, 53.15977],
          [63.6306, 53.15985],
          [63.63052, 53.15986],
          [63.63045, 53.15982],
          [63.63038, 53.15977],
          [63.63031, 53.15963],
          [63.63023, 53.15954],
          [63.62993, 53.15942],
          [63.62972, 53.15934],
          [63.62955, 53.15918],
          [63.62943, 53.1591],
          [63.62857, 53.15892],
          [63.62853, 53.15888],
          [63.62856, 53.15877],
          [63.62906, 53.15796],
          [63.62934, 53.15749],
          [63.63007, 53.15629],
          [63.63023, 53.15603]
        ]
      }
    },
    {
      "type": "Feature",
      "properties": { "district": null, "kind": "minor" },
      "geometry": {
        "type": "LineString",
        "coordinates": [
          [63.62249, 53.14137],
          [63.62286, 53.14161],
          [63.62316, 53.14196],
          [63.62348, 53.14238],
          [63.62382, 53.14274],
          [63.62434, 53.14327],
          [63.62475, 53.14367],
          [63.62504, 53.14414]
        ]
      }
    },
    {
      "type": "Feature",
      "properties": { "district": null, "kind": "minor" },
      "geometry": {
        "type": "LineString",
        "coordinates": [
          [63.61915, 53.14228],
          [63.61971, 53.14203],
          [63.62005, 53.14189],
          [63.62021, 53.14184],
          [63.62039, 53.1418],
          [63.62049, 53.14177],
          [63.62092, 53.14168],
          [63.62113, 53.14166],
          [63.62141, 53.14166],
          [63.62168, 53.14164],
          [63.62191, 53.14162],
          [63.62208, 53.14156],
          [63.62249, 53.14137],
          [63.62279, 53.14124],
          [63.62329, 53.14097],
          [63.62352, 53.14086],
          [63.62376, 53.14076]
        ]
      }
    },
    {
      "type": "Feature",
      "properties": { "district": null, "kind": "minor" },
      "geometry": {
        "type": "LineString",
        "coordinates": [
          [63.61896, 53.13944],
          [63.61944, 53.13984],
          [63.6199, 53.14014],
          [63.62042, 53.1405]
        ]
      }
    },
    {
      "type": "Feature",
      "properties": { "district": null, "kind": "minor" },
      "geometry": {
        "type": "LineString",
        "coordinates": [
          [63.61822, 53.14158],
          [63.61855, 53.14128],
          [63.61898, 53.14106],
          [63.61971, 53.14072],
          [63.6202, 53.14053],
          [63.62042, 53.1405],
          [63.62057, 53.14048],
          [63.62092, 53.14042],
          [63.6213, 53.14028],
          [63.62185, 53.14007],
          [63.62234, 53.14021],
          [63.62295, 53.14036],
          [63.62331, 53.14052],
          [63.62376, 53.14076],
          [63.62407, 53.14098],
          [63.62447, 53.14136],
          [63.62508, 53.14184],
          [63.62541, 53.14214],
          [63.62568, 53.14244],
          [63.62591, 53.14291],
          [63.62604, 53.1432],
          [63.62628, 53.14357],
          [63.62643, 53.14378]
        ]
      }
    },
    {
      "type": "Feature",
      "properties": { "district": null, "kind": "minor" },
      "geometry": {
        "type": "LineString",
        "coordinates": [
          [63.61705, 53.1391],
          [63.61764, 53.13952],
          [63.61815, 53.13986]
        ]
      }
    },
    {
      "type": "Feature",
      "properties": { "district": null, "kind": "minor" },
      "geometry": {
        "type": "LineString",
        "coordinates": [
          [63.61621, 53.13955],
          [63.61645, 53.13977],
          [63.6169, 53.14007],
          [63.61725, 53.14033]
        ]
      }
    },
    {
      "type": "Feature",
      "properties": { "district": null, "kind": "minor" },
      "geometry": {
        "type": "LineString",
        "coordinates": [
          [63.61574, 53.1398],
          [63.61679, 53.14056]
        ]
      }
    },
    {
      "type": "Feature",
      "properties": { "district": null, "kind": "minor" },
      "geometry": {
        "type": "LineString",
        "coordinates": [
          [63.61533, 53.14007],
          [63.61633, 53.14078]
        ]
      }
    },
    {
      "type": "Feature",
      "properties": { "district": null, "kind": "minor" },
      "geometry": {
        "type": "LineString",
        "coordinates": [
          [63.61491, 53.1403],
          [63.61586, 53.14101]
        ]
      }
    },
    {
      "type": "Feature",
      "properties": { "district": null, "kind": "minor" },
      "geometry": {
        "type": "LineString",
        "coordinates": [
          [63.61444, 53.14057],
          [63.61541, 53.14122]
        ]
      }
    },
    {
      "type": "Feature",
      "properties": { "district": null, "kind": "minor" },
      "geometry": {
        "type": "LineString",
        "coordinates": [
          [63.61404, 53.14086],
          [63.61493, 53.14145]
        ]
      }
    },
    {
      "type": "Feature",
      "properties": { "district": "zelenstroy", "kind": "minor" },
      "geometry": {
        "type": "LineString",
        "coordinates": [
          [63.70629, 53.26146],
          [63.70586, 53.26107]
        ]
      }
    },
    {
      "type": "Feature",
      "properties": { "district": "zelenstroy", "kind": "minor" },
      "geometry": {
        "type": "LineString",
        "coordinates": [
          [63.70251, 53.26205],
          [63.70418, 53.26125],
          [63.70467, 53.26103],
          [63.70512, 53.26082],
          [63.70525, 53.26077],
          [63.70529, 53.26076],
          [63.70534, 53.26075],
          [63.70537, 53.26074],
          [63.70541, 53.26074],
          [63.70546, 53.26077],
          [63.70552, 53.26082],
          [63.70568, 53.26094],
          [63.70573, 53.26099],
          [63.7058, 53.26103],
          [63.70586, 53.26107],
          [63.70594, 53.26104],
          [63.70626, 53.26093]
        ]
      }
    },
    {
      "type": "Feature",
      "properties": { "district": "kostanay-2", "kind": "minor" },
      "geometry": {
        "type": "LineString",
        "coordinates": [
          [63.58166, 53.22878],
          [63.58091, 53.22838],
          [63.58089, 53.22837],
          [63.58086, 53.22837],
          [63.58081, 53.22838],
          [63.57994, 53.22888],
          [63.57787, 53.23019],
          [63.57688, 53.23083],
          [63.57586, 53.23152]
        ]
      }
    },
    {
      "type": "Feature",
      "properties": { "district": "zapadny", "kind": "minor" },
      "geometry": {
        "type": "LineString",
        "coordinates": [
          [63.57585, 53.20778],
          [63.57538, 53.2078]
        ]
      }
    },
    {
      "type": "Feature",
      "properties": { "district": "zapadny", "kind": "minor" },
      "geometry": {
        "type": "LineString",
        "coordinates": [
          [63.57538, 53.2078],
          [63.57439, 53.20791],
          [63.57193, 53.20809]
        ]
      }
    },
    {
      "type": "Feature",
      "properties": { "district": "zapadny", "kind": "minor" },
      "geometry": {
        "type": "LineString",
        "coordinates": [
          [63.57538, 53.2078],
          [63.57519, 53.20775],
          [63.57508, 53.20766],
          [63.57479, 53.20668],
          [63.57472, 53.20643],
          [63.57466, 53.20635],
          [63.57449, 53.20629]
        ]
      }
    },
    {
      "type": "Feature",
      "properties": { "district": null, "kind": "minor" },
      "geometry": {
        "type": "LineString",
        "coordinates": [
          [63.57449, 53.20629],
          [63.57421, 53.20616],
          [63.5741, 53.20575]
        ]
      }
    },
    {
      "type": "Feature",
      "properties": { "district": "vokzal", "kind": "minor" },
      "geometry": {
        "type": "LineString",
        "coordinates": [
          [63.63256, 53.23484],
          [63.63247, 53.23485],
          [63.63241, 53.23484],
          [63.63237, 53.23484],
          [63.63219, 53.23478],
          [63.63201, 53.23467],
          [63.63195, 53.23463]
        ]
      }
    },
    {
      "type": "Feature",
      "properties": { "district": "vokzal", "kind": "minor" },
      "geometry": {
        "type": "LineString",
        "coordinates": [
          [63.63117, 53.23401],
          [63.63123, 53.23406],
          [63.63153, 53.23429],
          [63.63195, 53.23463]
        ]
      }
    },
    {
      "type": "Feature",
      "properties": { "district": "amangeldy", "kind": "minor" },
      "geometry": {
        "type": "LineString",
        "coordinates": [
          [63.5734, 53.14149],
          [63.57397, 53.14169],
          [63.5741, 53.14173],
          [63.57417, 53.14175],
          [63.57423, 53.14176],
          [63.57429, 53.14175],
          [63.57435, 53.14173],
          [63.57562, 53.14097],
          [63.57565, 53.14096],
          [63.57567, 53.14096],
          [63.57568, 53.14096],
          [63.57574, 53.14098]
        ]
      }
    },
    {
      "type": "Feature",
      "properties": { "district": null, "kind": "minor" },
      "geometry": {
        "type": "LineString",
        "coordinates": [
          [63.62654, 53.15867],
          [63.62665, 53.15936]
        ]
      }
    },
    {
      "type": "Feature",
      "properties": { "district": null, "kind": "minor" },
      "geometry": {
        "type": "LineString",
        "coordinates": [
          [63.6278, 53.15683],
          [63.62837, 53.15642],
          [63.6286, 53.15636],
          [63.6289, 53.1564],
          [63.62912, 53.15644],
          [63.62921, 53.15649],
          [63.62915, 53.15661],
          [63.62794, 53.15872],
          [63.6278, 53.15906],
          [63.62772, 53.15917],
          [63.62756, 53.15925]
        ]
      }
    },
    {
      "type": "Feature",
      "properties": { "district": null, "kind": "minor" },
      "geometry": {
        "type": "LineString",
        "coordinates": [
          [63.62582, 53.15777],
          [63.62591, 53.15784],
          [63.62594, 53.1579],
          [63.62596, 53.15796],
          [63.62602, 53.15825],
          [63.62603, 53.15829],
          [63.62606, 53.15834],
          [63.62609, 53.15837],
          [63.62613, 53.15841],
          [63.62654, 53.15867],
          [63.62695, 53.15883],
          [63.627, 53.15884],
          [63.62703, 53.15884],
          [63.62705, 53.15884],
          [63.62727, 53.15878],
          [63.62746, 53.15873],
          [63.62765, 53.1587],
          [63.62775, 53.15869],
          [63.62779, 53.15869],
          [63.62794, 53.15872]
        ]
      }
    },
    {
      "type": "Feature",
      "properties": { "district": null, "kind": "minor" },
      "geometry": {
        "type": "LineString",
        "coordinates": [
          [63.62318, 53.16155],
          [63.62315, 53.16145],
          [63.62287, 53.16046],
          [63.62283, 53.16031],
          [63.6228, 53.1602],
          [63.6227, 53.16007],
          [63.62209, 53.15928],
          [63.62204, 53.15923],
          [63.62203, 53.15919],
          [63.62204, 53.15916],
          [63.62216, 53.15907],
          [63.62237, 53.15898],
          [63.62329, 53.15871],
          [63.62344, 53.15868],
          [63.6235, 53.15866],
          [63.62359, 53.15862],
          [63.62364, 53.15857],
          [63.62369, 53.15847],
          [63.62376, 53.15841],
          [63.62383, 53.15836],
          [63.62399, 53.15829],
          [63.62414, 53.15823],
          [63.62422, 53.15818],
          [63.62425, 53.15812],
          [63.62429, 53.15802],
          [63.62434, 53.15788],
          [63.62438, 53.15782],
          [63.62442, 53.1578],
          [63.62462, 53.15776],
          [63.62513, 53.15776],
          [63.62582, 53.15777],
          [63.62634, 53.15776],
          [63.6264, 53.15776],
          [63.62697, 53.15769],
          [63.62705, 53.15784],
          [63.62713, 53.15808],
          [63.62727, 53.15878]
        ]
      }
    },
    {
      "type": "Feature",
      "properties": { "district": null, "kind": "minor" },
      "geometry": {
        "type": "LineString",
        "coordinates": [
          [63.62203, 53.15919],
          [63.62067, 53.15779],
          [63.62064, 53.15774],
          [63.62063, 53.1577],
          [63.62062, 53.15766],
          [63.62064, 53.15761],
          [63.62066, 53.15758],
          [63.62068, 53.15757],
          [63.62075, 53.15753],
          [63.62233, 53.15701],
          [63.62333, 53.15671],
          [63.62376, 53.15661],
          [63.62416, 53.15652],
          [63.62443, 53.15642],
          [63.62464, 53.15632],
          [63.6247, 53.15625],
          [63.62475, 53.15615],
          [63.62479, 53.15581],
          [63.6248, 53.15563],
          [63.62479, 53.15548]
        ]
      }
    },
    {
      "type": "Feature",
      "properties": { "district": "khimik", "kind": "minor" },
      "geometry": {
        "type": "LineString",
        "coordinates": [
          [63.58309, 53.16173],
          [63.58294, 53.16205],
          [63.58274, 53.16236],
          [63.58266, 53.16245],
          [63.58254, 53.16253],
          [63.58231, 53.16269],
          [63.58214, 53.16279],
          [63.58153, 53.16316]
        ]
      }
    },
    {
      "type": "Feature",
      "properties": { "district": "vokzal", "kind": "minor" },
      "geometry": {
        "type": "LineString",
        "coordinates": [
          [63.63736, 53.23348],
          [63.63745, 53.23356],
          [63.63755, 53.23363],
          [63.63774, 53.23381]
        ]
      }
    },
    {
      "type": "Feature",
      "properties": { "district": "vokzal", "kind": "minor" },
      "geometry": {
        "type": "LineString",
        "coordinates": [
          [63.63625, 53.23289],
          [63.63691, 53.23336],
          [63.6371, 53.23351],
          [63.63713, 53.23353],
          [63.63718, 53.23354],
          [63.63722, 53.23354],
          [63.63727, 53.23353],
          [63.63736, 53.23348]
        ]
      }
    },
    {
      "type": "Feature",
      "properties": { "district": "zelenstroy", "kind": "minor" },
      "geometry": {
        "type": "LineString",
        "coordinates": [
          [63.683, 53.25392],
          [63.68285, 53.254],
          [63.68242, 53.25421],
          [63.68219, 53.2543],
          [63.68212, 53.25433],
          [63.68181, 53.25444],
          [63.68173, 53.25448],
          [63.68137, 53.25465],
          [63.68074, 53.25497]
        ]
      }
    },
    {
      "type": "Feature",
      "properties": { "district": null, "kind": "minor" },
      "geometry": {
        "type": "LineString",
        "coordinates": [
          [63.63123, 53.16572],
          [63.6308, 53.16597],
          [63.63073, 53.16611],
          [63.62898, 53.16709],
          [63.62886, 53.1672],
          [63.62877, 53.16733],
          [63.62856, 53.16786],
          [63.62764, 53.16895],
          [63.62732, 53.16934],
          [63.6271, 53.16948],
          [63.62696, 53.16955],
          [63.62694, 53.1696],
          [63.62585, 53.16996],
          [63.62577, 53.17005],
          [63.62572, 53.17014],
          [63.62575, 53.17034],
          [63.62578, 53.17043],
          [63.62587, 53.17048],
          [63.62622, 53.1706],
          [63.62648, 53.17067],
          [63.62663, 53.17071],
          [63.62676, 53.17077],
          [63.62725, 53.17124],
          [63.62745, 53.17153],
          [63.62765, 53.1717],
          [63.62805, 53.17197],
          [63.6281, 53.1721],
          [63.62808, 53.17225],
          [63.62807, 53.1723],
          [63.62811, 53.17248],
          [63.62859, 53.17314],
          [63.62903, 53.17371]
        ]
      }
    },
    {
      "type": "Feature",
      "properties": { "district": "zapadny", "kind": "minor" },
      "geometry": {
        "type": "LineString",
        "coordinates": [
          [63.59416, 53.19525],
          [63.59416, 53.19549]
        ]
      }
    },
    {
      "type": "Feature",
      "properties": { "district": null, "kind": "minor" },
      "geometry": {
        "type": "LineString",
        "coordinates": [
          [63.65606, 53.20586],
          [63.65611, 53.20593]
        ]
      }
    },
    {
      "type": "Feature",
      "properties": { "district": "kzhbi", "kind": "minor" },
      "geometry": {
        "type": "LineString",
        "coordinates": [
          [63.61579, 53.17373],
          [63.61606, 53.17387]
        ]
      }
    },
    {
      "type": "Feature",
      "properties": { "district": "amangeldy", "kind": "minor" },
      "geometry": {
        "type": "LineString",
        "coordinates": [
          [63.57527, 53.14894],
          [63.57518, 53.14869],
          [63.57506, 53.14842],
          [63.57494, 53.14816],
          [63.5748, 53.1479],
          [63.57474, 53.14782],
          [63.57465, 53.14776],
          [63.57436, 53.14749]
        ]
      }
    },
    {
      "type": "Feature",
      "properties": { "district": "amangeldy", "kind": "minor" },
      "geometry": {
        "type": "LineString",
        "coordinates": [
          [63.57388, 53.14837],
          [63.57391, 53.14819],
          [63.57393, 53.14812],
          [63.57413, 53.14799]
        ]
      }
    },
    {
      "type": "Feature",
      "properties": { "district": "amangeldy", "kind": "minor" },
      "geometry": {
        "type": "LineString",
        "coordinates": [
          [63.57667, 53.14906],
          [63.57645, 53.14914],
          [63.57633, 53.14917],
          [63.57619, 53.14919],
          [63.57596, 53.14919],
          [63.57579, 53.14918],
          [63.57569, 53.14916],
          [63.57561, 53.14913],
          [63.5756, 53.14912],
          [63.57527, 53.14894],
          [63.57502, 53.1488],
          [63.5748, 53.14868],
          [63.57465, 53.14862],
          [63.57425, 53.14848],
          [63.57407, 53.14843],
          [63.57388, 53.14837],
          [63.57331, 53.1483],
          [63.57304, 53.14826],
          [63.57256, 53.14818],
          [63.57215, 53.14814],
          [63.57186, 53.14813],
          [63.57163, 53.14816]
        ]
      }
    },
    {
      "type": "Feature",
      "properties": { "district": null, "kind": "minor" },
      "geometry": {
        "type": "LineString",
        "coordinates": [
          [63.57163, 53.14816],
          [63.57145, 53.14821],
          [63.57127, 53.14827],
          [63.57106, 53.14841],
          [63.57093, 53.14854],
          [63.57048, 53.14902]
        ]
      }
    },
    {
      "type": "Feature",
      "properties": { "district": "center", "kind": "minor" },
      "geometry": {
        "type": "LineString",
        "coordinates": [
          [63.62855, 53.22044],
          [63.62853, 53.22041],
          [63.62854, 53.22038],
          [63.62861, 53.22027],
          [63.62868, 53.22021],
          [63.62869, 53.2202],
          [63.62868, 53.22018],
          [63.62855, 53.22009],
          [63.62845, 53.22002],
          [63.62841, 53.21998],
          [63.6284, 53.21995],
          [63.6284, 53.21991],
          [63.62846, 53.21983],
          [63.62861, 53.21974]
        ]
      }
    },
    {
      "type": "Feature",
      "properties": { "district": "center", "kind": "minor" },
      "geometry": {
        "type": "LineString",
        "coordinates": [
          [63.63451, 53.2109],
          [63.63442, 53.21072]
        ]
      }
    },
    {
      "type": "Feature",
      "properties": { "district": null, "kind": "minor" },
      "geometry": {
        "type": "LineString",
        "coordinates": [
          [63.57851, 53.13634],
          [63.57841, 53.13626],
          [63.57829, 53.13614],
          [63.57816, 53.13594],
          [63.578, 53.13566],
          [63.57788, 53.13543],
          [63.57771, 53.13504],
          [63.57759, 53.13474],
          [63.57745, 53.13441],
          [63.57729, 53.13402],
          [63.57708, 53.13356],
          [63.57691, 53.13317],
          [63.57678, 53.13288],
          [63.57674, 53.1328],
          [63.5767, 53.13269],
          [63.5767, 53.1326],
          [63.57672, 53.13242]
        ]
      }
    },
    {
      "type": "Feature",
      "properties": { "district": "vokzal", "kind": "minor" },
      "geometry": {
        "type": "LineString",
        "coordinates": [
          [63.63379, 53.2308],
          [63.63462, 53.23037],
          [63.6347, 53.23033],
          [63.63488, 53.23025],
          [63.63676, 53.2294]
        ]
      }
    },
    {
      "type": "Feature",
      "properties": { "district": "zelenstroy", "kind": "minor" },
      "geometry": {
        "type": "LineString",
        "coordinates": [
          [63.68169, 53.25661],
          [63.68175, 53.25664],
          [63.68181, 53.25665],
          [63.68188, 53.25666],
          [63.68194, 53.25666],
          [63.682, 53.25664],
          [63.68211, 53.25661],
          [63.68216, 53.25657],
          [63.68223, 53.25651],
          [63.68225, 53.25648]
        ]
      }
    },
    {
      "type": "Feature",
      "properties": { "district": "zelenstroy", "kind": "minor" },
      "geometry": {
        "type": "LineString",
        "coordinates": [
          [63.68154, 53.25604],
          [63.6816, 53.25635],
          [63.68166, 53.25652],
          [63.68169, 53.25661],
          [63.68169, 53.25676],
          [63.6817, 53.25699],
          [63.68167, 53.2571],
          [63.68162, 53.2574],
          [63.68155, 53.25765],
          [63.68133, 53.25779],
          [63.68128, 53.25785],
          [63.68124, 53.25791],
          [63.68115, 53.25803],
          [63.68108, 53.25832],
          [63.68101, 53.25873],
          [63.6809, 53.25919],
          [63.68076, 53.25971],
          [63.68073, 53.26],
          [63.68071, 53.2603],
          [63.68057, 53.26058],
          [63.68056, 53.26061],
          [63.68048, 53.26078],
          [63.68036, 53.26095],
          [63.68029, 53.26112],
          [63.68032, 53.26116],
          [63.68037, 53.26119],
          [63.68053, 53.26126],
          [63.68091, 53.26138]
        ]
      }
    },
    {
      "type": "Feature",
      "properties": { "district": "zelenstroy", "kind": "minor" },
      "geometry": {
        "type": "LineString",
        "coordinates": [
          [63.71046, 53.27085],
          [63.7124, 53.27352]
        ]
      }
    },
    {
      "type": "Feature",
      "properties": { "district": "zelenstroy", "kind": "minor" },
      "geometry": {
        "type": "LineString",
        "coordinates": [
          [63.71734, 53.27394],
          [63.71826, 53.2737],
          [63.71915, 53.27347],
          [63.71968, 53.27333],
          [63.71993, 53.27327]
        ]
      }
    },
    {
      "type": "Feature",
      "properties": { "district": "zelenstroy", "kind": "minor" },
      "geometry": {
        "type": "LineString",
        "coordinates": [
          [63.71993, 53.27327],
          [63.72316, 53.27646],
          [63.72308, 53.27662]
        ]
      }
    },
    {
      "type": "Feature",
      "properties": { "district": "zelenstroy", "kind": "minor" },
      "geometry": {
        "type": "LineString",
        "coordinates": [
          [63.71993, 53.27327],
          [63.71814, 53.27026],
          [63.71863, 53.27005],
          [63.71802, 53.26931],
          [63.71716, 53.26916],
          [63.71657, 53.26839],
          [63.71627, 53.26773],
          [63.71624, 53.26767],
          [63.71582, 53.26682],
          [63.71587, 53.26676],
          [63.71616, 53.267]
        ]
      }
    },
    {
      "type": "Feature",
      "properties": { "district": "zelenstroy", "kind": "minor" },
      "geometry": {
        "type": "LineString",
        "coordinates": [
          [63.71863, 53.27005],
          [63.72037, 53.26972],
          [63.72057, 53.26974],
          [63.72065, 53.26974],
          [63.72131, 53.26954]
        ]
      }
    },
    {
      "type": "Feature",
      "properties": { "district": "zelenstroy", "kind": "minor" },
      "geometry": {
        "type": "LineString",
        "coordinates": [
          [63.72057, 53.26974],
          [63.72055, 53.27],
          [63.72026, 53.2702],
          [63.71985, 53.27029],
          [63.71924, 53.27038],
          [63.71886, 53.27034],
          [63.71863, 53.27005]
        ]
      }
    },
    {
      "type": "Feature",
      "properties": { "district": "zelenstroy", "kind": "minor" },
      "geometry": {
        "type": "LineString",
        "coordinates": [
          [63.71886, 53.27034],
          [63.72016, 53.27206],
          [63.72236, 53.27456],
          [63.72401, 53.27633],
          [63.72415, 53.27644],
          [63.72399, 53.27655],
          [63.72362, 53.27668],
          [63.72319, 53.27672]
        ]
      }
    },
    {
      "type": "Feature",
      "properties": { "district": "zelenstroy", "kind": "minor" },
      "geometry": {
        "type": "LineString",
        "coordinates": [
          [63.71968, 53.27333],
          [63.72253, 53.27675]
        ]
      }
    },
    {
      "type": "Feature",
      "properties": { "district": "zelenstroy", "kind": "minor" },
      "geometry": {
        "type": "LineString",
        "coordinates": [
          [63.70304, 53.26704],
          [63.70332, 53.26725],
          [63.70369, 53.26722],
          [63.70403, 53.26733],
          [63.7041, 53.26754],
          [63.70423, 53.26761],
          [63.70441, 53.2677],
          [63.7047, 53.26781],
          [63.70272, 53.2687],
          [63.70273, 53.26889],
          [63.7015, 53.26974],
          [63.70214, 53.27009],
          [63.70274, 53.27041],
          [63.70341, 53.27077],
          [63.704, 53.27109],
          [63.70459, 53.2714],
          [63.70525, 53.27176],
          [63.70583, 53.27207],
          [63.70642, 53.27239],
          [63.70704, 53.27272],
          [63.70766, 53.27305],
          [63.70829, 53.27339],
          [63.70891, 53.27373],
          [63.70949, 53.27404],
          [63.71011, 53.27437],
          [63.71072, 53.2747],
          [63.71266, 53.27575],
          [63.71322, 53.276],
          [63.71351, 53.27622],
          [63.71383, 53.27657],
          [63.71406, 53.27671],
          [63.71438, 53.27692],
          [63.71531, 53.27748],
          [63.71654, 53.27811],
          [63.71673, 53.27834],
          [63.71656, 53.27845],
          [63.71588, 53.27968],
          [63.71525, 53.27952],
          [63.7146, 53.27951],
          [63.71384, 53.27931],
          [63.71357, 53.27928]
        ]
      }
    },
    {
      "type": "Feature",
      "properties": { "district": null, "kind": "minor" },
      "geometry": {
        "type": "LineString",
        "coordinates": [
          [63.71357, 53.27928],
          [63.6968, 53.27594]
        ]
      }
    },
    {
      "type": "Feature",
      "properties": { "district": "zelenstroy", "kind": "minor" },
      "geometry": {
        "type": "LineString",
        "coordinates": [
          [63.7041, 53.26754],
          [63.70054, 53.26903],
          [63.70003, 53.26925],
          [63.69958, 53.26939],
          [63.69912, 53.2696],
          [63.69826, 53.26999],
          [63.69655, 53.27077],
          [63.69607, 53.27115],
          [63.69418, 53.27246],
          [63.69379, 53.2727],
          [63.69467, 53.27286],
          [63.69546, 53.27304],
          [63.69639, 53.27322],
          [63.69724, 53.27339],
          [63.69805, 53.27355],
          [63.699, 53.27374],
          [63.69982, 53.2739],
          [63.70058, 53.27405],
          [63.70147, 53.27423],
          [63.70231, 53.2744],
          [63.70316, 53.27457],
          [63.70406, 53.27475],
          [63.70483, 53.2749],
          [63.70578, 53.27509],
          [63.70662, 53.27526],
          [63.70745, 53.27542],
          [63.7083, 53.27559],
          [63.70897, 53.27573],
          [63.70921, 53.27578],
          [63.712, 53.27635],
          [63.71406, 53.27671]
        ]
      }
    },
    {
      "type": "Feature",
      "properties": { "district": "zelenstroy", "kind": "minor" },
      "geometry": {
        "type": "LineString",
        "coordinates": [
          [63.69467, 53.27286],
          [63.69795, 53.27062],
          [63.6991, 53.26985],
          [63.69973, 53.26946],
          [63.70003, 53.26925]
        ]
      }
    },
    {
      "type": "Feature",
      "properties": { "district": "zelenstroy", "kind": "minor" },
      "geometry": {
        "type": "LineString",
        "coordinates": [
          [63.69546, 53.27304],
          [63.69817, 53.27122],
          [63.70084, 53.2694],
          [63.7015, 53.26974]
        ]
      }
    },
    {
      "type": "Feature",
      "properties": { "district": "zelenstroy", "kind": "minor" },
      "geometry": {
        "type": "LineString",
        "coordinates": [
          [63.69639, 53.27322],
          [63.7015, 53.26974]
        ]
      }
    },
    {
      "type": "Feature",
      "properties": { "district": "zelenstroy", "kind": "minor" },
      "geometry": {
        "type": "LineString",
        "coordinates": [
          [63.69724, 53.27339],
          [63.70214, 53.27009],
          [63.70447, 53.26852],
          [63.70541, 53.26814],
          [63.70543, 53.26816],
          [63.70607, 53.26851],
          [63.70555, 53.26866],
          [63.7053, 53.26869],
          [63.70274, 53.27041],
          [63.69805, 53.27355]
        ]
      }
    },
    {
      "type": "Feature",
      "properties": { "district": "zelenstroy", "kind": "minor" },
      "geometry": {
        "type": "LineString",
        "coordinates": [
          [63.699, 53.27374],
          [63.70341, 53.27077],
          [63.70636, 53.26878],
          [63.70692, 53.26913],
          [63.704, 53.27109],
          [63.69982, 53.2739]
        ]
      }
    },
    {
      "type": "Feature",
      "properties": { "district": "zelenstroy", "kind": "minor" },
      "geometry": {
        "type": "LineString",
        "coordinates": [
          [63.70607, 53.26851],
          [63.70636, 53.26878]
        ]
      }
    },
    {
      "type": "Feature",
      "properties": { "district": "zelenstroy", "kind": "minor" },
      "geometry": {
        "type": "LineString",
        "coordinates": [
          [63.7047, 53.26781],
          [63.70541, 53.26814]
        ]
      }
    },
    {
      "type": "Feature",
      "properties": { "district": "zelenstroy", "kind": "minor" },
      "geometry": {
        "type": "LineString",
        "coordinates": [
          [63.70692, 53.26913],
          [63.70747, 53.2695],
          [63.70774, 53.26963],
          [63.7079, 53.26978],
          [63.70791, 53.27002],
          [63.70822, 53.2705],
          [63.70859, 53.27093],
          [63.70871, 53.27107],
          [63.70898, 53.2714],
          [63.7094, 53.27192],
          [63.70977, 53.27239],
          [63.71017, 53.27289],
          [63.71055, 53.27336],
          [63.71093, 53.27384],
          [63.7113, 53.2743],
          [63.71072, 53.2747],
          [63.70921, 53.27578]
        ]
      }
    },
    {
      "type": "Feature",
      "properties": { "district": "zelenstroy", "kind": "minor" },
      "geometry": {
        "type": "LineString",
        "coordinates": [
          [63.71011, 53.27437],
          [63.71093, 53.27384]
        ]
      }
    },
    {
      "type": "Feature",
      "properties": { "district": "zelenstroy", "kind": "minor" },
      "geometry": {
        "type": "LineString",
        "coordinates": [
          [63.70949, 53.27404],
          [63.71055, 53.27336]
        ]
      }
    },
    {
      "type": "Feature",
      "properties": { "district": "zelenstroy", "kind": "minor" },
      "geometry": {
        "type": "LineString",
        "coordinates": [
          [63.71011, 53.27437],
          [63.7083, 53.27559]
        ]
      }
    },
    {
      "type": "Feature",
      "properties": { "district": "zelenstroy", "kind": "minor" },
      "geometry": {
        "type": "LineString",
        "coordinates": [
          [63.70745, 53.27542],
          [63.70949, 53.27404]
        ]
      }
    },
    {
      "type": "Feature",
      "properties": { "district": "zelenstroy", "kind": "minor" },
      "geometry": {
        "type": "LineString",
        "coordinates": [
          [63.71017, 53.27289],
          [63.70891, 53.27373],
          [63.70662, 53.27526]
        ]
      }
    },
    {
      "type": "Feature",
      "properties": { "district": "zelenstroy", "kind": "minor" },
      "geometry": {
        "type": "LineString",
        "coordinates": [
          [63.70578, 53.27509],
          [63.70829, 53.27339],
          [63.70977, 53.27239],
          [63.70981, 53.27236]
        ]
      }
    },
    {
      "type": "Feature",
      "properties": { "district": "zelenstroy", "kind": "minor" },
      "geometry": {
        "type": "LineString",
        "coordinates": [
          [63.70483, 53.2749],
          [63.70766, 53.27305],
          [63.7094, 53.27192]
        ]
      }
    },
    {
      "type": "Feature",
      "properties": { "district": "zelenstroy", "kind": "minor" },
      "geometry": {
        "type": "LineString",
        "coordinates": [
          [63.70058, 53.27405],
          [63.70459, 53.2714],
          [63.70747, 53.2695]
        ]
      }
    },
    {
      "type": "Feature",
      "properties": { "district": "zelenstroy", "kind": "minor" },
      "geometry": {
        "type": "LineString",
        "coordinates": [
          [63.70147, 53.27423],
          [63.70525, 53.27176],
          [63.70791, 53.27002]
        ]
      }
    },
    {
      "type": "Feature",
      "properties": { "district": "zelenstroy", "kind": "minor" },
      "geometry": {
        "type": "LineString",
        "coordinates": [
          [63.70231, 53.2744],
          [63.70583, 53.27207],
          [63.70822, 53.2705]
        ]
      }
    },
    {
      "type": "Feature",
      "properties": { "district": "zelenstroy", "kind": "minor" },
      "geometry": {
        "type": "LineString",
        "coordinates": [
          [63.70316, 53.27457],
          [63.70642, 53.27239],
          [63.70859, 53.27093]
        ]
      }
    },
    {
      "type": "Feature",
      "properties": { "district": "zelenstroy", "kind": "minor" },
      "geometry": {
        "type": "LineString",
        "coordinates": [
          [63.70406, 53.27475],
          [63.70704, 53.27272],
          [63.70898, 53.2714]
        ]
      }
    },
    {
      "type": "Feature",
      "properties": { "district": "zelenstroy", "kind": "minor" },
      "geometry": {
        "type": "LineString",
        "coordinates": [
          [63.70251, 53.26205],
          [63.70712, 53.26527]
        ]
      }
    },
    {
      "type": "Feature",
      "properties": { "district": "zelenstroy", "kind": "minor" },
      "geometry": {
        "type": "LineString",
        "coordinates": [
          [63.70251, 53.26205],
          [63.70006, 53.26324],
          [63.69648, 53.26499]
        ]
      }
    },
    {
      "type": "Feature",
      "properties": { "district": "zelenstroy", "kind": "minor" },
      "geometry": {
        "type": "LineString",
        "coordinates": [
          [63.70629, 53.26146],
          [63.70837, 53.26419]
        ]
      }
    },
    {
      "type": "Feature",
      "properties": { "district": "zelenstroy", "kind": "minor" },
      "geometry": {
        "type": "LineString",
        "coordinates": [
          [63.68082, 53.25508],
          [63.68062, 53.25523],
          [63.68027, 53.25529],
          [63.68007, 53.25541],
          [63.68007, 53.25556],
          [63.67934, 53.25607],
          [63.67878, 53.25646],
          [63.67733, 53.25749],
          [63.67671, 53.25793],
          [63.67616, 53.25832],
          [63.67567, 53.25867],
          [63.67523, 53.25898]
        ]
      }
    },
    {
      "type": "Feature",
      "properties": { "district": "zelenstroy", "kind": "minor" },
      "geometry": {
        "type": "LineString",
        "coordinates": [
          [63.69404, 53.26029],
          [63.69435, 53.26034],
          [63.69475, 53.26046],
          [63.6948, 53.26064],
          [63.69537, 53.26082],
          [63.69553, 53.26085],
          [63.6958, 53.26091],
          [63.69635, 53.26108],
          [63.69646, 53.26111],
          [63.69693, 53.26112],
          [63.69717, 53.26124],
          [63.69725, 53.26127],
          [63.69774, 53.26146],
          [63.6978, 53.26157],
          [63.69783, 53.26162],
          [63.6973, 53.26196],
          [63.69338, 53.26385],
          [63.69277, 53.26345],
          [63.69225, 53.26309],
          [63.69169, 53.26271],
          [63.69112, 53.26242],
          [63.69099, 53.26235],
          [63.69037, 53.26209],
          [63.69018, 53.26202]
        ]
      }
    },
    {
      "type": "Feature",
      "properties": { "district": "zelenstroy", "kind": "minor" },
      "geometry": {
        "type": "LineString",
        "coordinates": [
          [63.69355, 53.26409],
          [63.69432, 53.26452],
          [63.69489, 53.26464],
          [63.69648, 53.26499]
        ]
      }
    },
    {
      "type": "Feature",
      "properties": { "district": "zelenstroy", "kind": "minor" },
      "geometry": {
        "type": "LineString",
        "coordinates": [
          [63.70182, 53.25886],
          [63.69974, 53.25947],
          [63.69965, 53.25982],
          [63.69981, 53.26011],
          [63.70007, 53.26022],
          [63.70022, 53.26042],
          [63.6998, 53.26055],
          [63.69978, 53.26082],
          [63.6978, 53.26157]
        ]
      }
    },
    {
      "type": "Feature",
      "properties": { "district": "zelenstroy", "kind": "minor" },
      "geometry": {
        "type": "LineString",
        "coordinates": [
          [63.69759, 53.25782],
          [63.69806, 53.25862],
          [63.69895, 53.25917],
          [63.69902, 53.25924],
          [63.69939, 53.25958],
          [63.69965, 53.25982]
        ]
      }
    },
    {
      "type": "Feature",
      "properties": { "district": "zelenstroy", "kind": "minor" },
      "geometry": {
        "type": "LineString",
        "coordinates": [
          [63.69939, 53.25958],
          [63.6989, 53.25961],
          [63.69712, 53.25949],
          [63.69685, 53.25952],
          [63.69678, 53.25953],
          [63.69459, 53.25924]
        ]
      }
    },
    {
      "type": "Feature",
      "properties": { "district": "zelenstroy", "kind": "minor" },
      "geometry": {
        "type": "LineString",
        "coordinates": [
          [63.69902, 53.25924],
          [63.69838, 53.25928],
          [63.69704, 53.25919],
          [63.69691, 53.25915],
          [63.69683, 53.25892]
        ]
      }
    },
    {
      "type": "Feature",
      "properties": { "district": "zelenstroy", "kind": "minor" },
      "geometry": {
        "type": "LineString",
        "coordinates": [
          [63.69685, 53.25952],
          [63.6967, 53.25999],
          [63.6954, 53.25988],
          [63.69366, 53.25944]
        ]
      }
    },
    {
      "type": "Feature",
      "properties": { "district": "zelenstroy", "kind": "minor" },
      "geometry": {
        "type": "LineString",
        "coordinates": [
          [63.68924, 53.25604],
          [63.69011, 53.25657],
          [63.69409, 53.25901]
        ]
      }
    },
    {
      "type": "Feature",
      "properties": { "district": "zelenstroy", "kind": "minor" },
      "geometry": {
        "type": "LineString",
        "coordinates": [
          [63.68685, 53.25515],
          [63.68943, 53.25679],
          [63.68965, 53.25692],
          [63.69367, 53.25935],
          [63.69369, 53.25936]
        ]
      }
    },
    {
      "type": "Feature",
      "properties": { "district": "zelenstroy", "kind": "minor" },
      "geometry": {
        "type": "LineString",
        "coordinates": [
          [63.69011, 53.25657],
          [63.68965, 53.25692]
        ]
      }
    },
    {
      "type": "Feature",
      "properties": { "district": "zelenstroy", "kind": "minor" },
      "geometry": {
        "type": "LineString",
        "coordinates": [
          [63.68414, 53.25331],
          [63.68462, 53.25306],
          [63.68519, 53.25278],
          [63.68526, 53.25278],
          [63.68652, 53.25355],
          [63.6878, 53.25446],
          [63.68765, 53.25471],
          [63.68737, 53.25486],
          [63.68733, 53.25489],
          [63.68685, 53.25515],
          [63.68672, 53.25522],
          [63.6864, 53.25539],
          [63.68628, 53.25546],
          [63.68613, 53.25553],
          [63.68554, 53.25583],
          [63.68483, 53.25618],
          [63.68474, 53.25623],
          [63.68431, 53.25645],
          [63.68404, 53.25658],
          [63.68264, 53.25673]
        ]
      }
    },
    {
      "type": "Feature",
      "properties": { "district": "zelenstroy", "kind": "minor" },
      "geometry": {
        "type": "LineString",
        "coordinates": [
          [63.68414, 53.25331],
          [63.68417, 53.25354],
          [63.68429, 53.25427],
          [63.68441, 53.25506],
          [63.68443, 53.25515],
          [63.6845, 53.25586],
          [63.68483, 53.25618]
        ]
      }
    },
    {
      "type": "Feature",
      "properties": { "district": "zelenstroy", "kind": "minor" },
      "geometry": {
        "type": "LineString",
        "coordinates": [
          [63.68474, 53.25623],
          [63.6858, 53.25775],
          [63.68574, 53.25776],
          [63.68553, 53.25779],
          [63.68384, 53.25751]
        ]
      }
    },
    {
      "type": "Feature",
      "properties": { "district": "zelenstroy", "kind": "minor" },
      "geometry": {
        "type": "LineString",
        "coordinates": [
          [63.68574, 53.25776],
          [63.6862, 53.258],
          [63.6885, 53.25685],
          [63.68896, 53.25724],
          [63.68672, 53.25831]
        ]
      }
    },
    {
      "type": "Feature",
      "properties": { "district": "zelenstroy", "kind": "minor" },
      "geometry": {
        "type": "LineString",
        "coordinates": [
          [63.68737, 53.25486],
          [63.68924, 53.25604]
        ]
      }
    },
    {
      "type": "Feature",
      "properties": { "district": "zelenstroy", "kind": "minor" },
      "geometry": {
        "type": "LineString",
        "coordinates": [
          [63.6885, 53.25685],
          [63.6864, 53.25539]
        ]
      }
    },
    {
      "type": "Feature",
      "properties": { "district": "zelenstroy", "kind": "minor" },
      "geometry": {
        "type": "LineString",
        "coordinates": [
          [63.68173, 53.25448],
          [63.68172, 53.25472],
          [63.68431, 53.25645]
        ]
      }
    },
    {
      "type": "Feature",
      "properties": { "district": "zelenstroy", "kind": "minor" },
      "geometry": {
        "type": "LineString",
        "coordinates": [
          [63.68219, 53.2543],
          [63.6845, 53.25586]
        ]
      }
    },
    {
      "type": "Feature",
      "properties": { "district": "zelenstroy", "kind": "minor" },
      "geometry": {
        "type": "LineString",
        "coordinates": [
          [63.68285, 53.254],
          [63.68441, 53.25506]
        ]
      }
    },
    {
      "type": "Feature",
      "properties": { "district": "zelenstroy", "kind": "minor" },
      "geometry": {
        "type": "LineString",
        "coordinates": [
          [63.68414, 53.25331],
          [63.68345, 53.25368],
          [63.683, 53.25392]
        ]
      }
    },
    {
      "type": "Feature",
      "properties": { "district": "zelenstroy", "kind": "minor" },
      "geometry": {
        "type": "LineString",
        "coordinates": [
          [63.68345, 53.25368],
          [63.68429, 53.25427]
        ]
      }
    },
    {
      "type": "Feature",
      "properties": { "district": "zelenstroy", "kind": "minor" },
      "geometry": {
        "type": "LineString",
        "coordinates": [
          [63.68441, 53.25506],
          [63.68554, 53.25583]
        ]
      }
    },
    {
      "type": "Feature",
      "properties": { "district": "zelenstroy", "kind": "minor" },
      "geometry": {
        "type": "LineString",
        "coordinates": [
          [63.68429, 53.25427],
          [63.68613, 53.25553]
        ]
      }
    },
    {
      "type": "Feature",
      "properties": { "district": "zelenstroy", "kind": "minor" },
      "geometry": {
        "type": "LineString",
        "coordinates": [
          [63.68417, 53.25354],
          [63.68672, 53.25522]
        ]
      }
    },
    {
      "type": "Feature",
      "properties": { "district": "zelenstroy", "kind": "minor" },
      "geometry": {
        "type": "LineString",
        "coordinates": [
          [63.68462, 53.25306],
          [63.68733, 53.25489]
        ]
      }
    },
    {
      "type": "Feature",
      "properties": { "district": "zelenstroy", "kind": "minor" },
      "geometry": {
        "type": "LineString",
        "coordinates": [
          [63.67934, 53.25607],
          [63.68033, 53.25645],
          [63.68102, 53.25672],
          [63.68111, 53.25675],
          [63.68143, 53.25679],
          [63.68169, 53.25661]
        ]
      }
    },
    {
      "type": "Feature",
      "properties": { "district": "zelenstroy", "kind": "minor" },
      "geometry": {
        "type": "LineString",
        "coordinates": [
          [63.68129, 53.25577],
          [63.68081, 53.25606],
          [63.68033, 53.25645],
          [63.67954, 53.25708],
          [63.67979, 53.25719],
          [63.68019, 53.25721],
          [63.68036, 53.25722],
          [63.68102, 53.25672]
        ]
      }
    },
    {
      "type": "Feature",
      "properties": { "district": "ksk", "kind": "minor" },
      "geometry": {
        "type": "LineString",
        "coordinates": [
          [63.67631, 53.25436],
          [63.67769, 53.25514],
          [63.67934, 53.25607]
        ]
      }
    },
    {
      "type": "Feature",
      "properties": { "district": "zelenstroy", "kind": "minor" },
      "geometry": {
        "type": "LineString",
        "coordinates": [
          [63.67587, 53.25499],
          [63.67878, 53.25646]
        ]
      }
    },
    {
      "type": "Feature",
      "properties": { "district": "ksk", "kind": "minor" },
      "geometry": {
        "type": "LineString",
        "coordinates": [
          [63.67769, 53.25514],
          [63.67922, 53.25425],
          [63.67938, 53.25409],
          [63.68019, 53.254]
        ]
      }
    },
    {
      "type": "Feature",
      "properties": { "district": "zelenstroy", "kind": "minor" },
      "geometry": {
        "type": "LineString",
        "coordinates": [
          [63.68128, 53.25785],
          [63.67962, 53.25767],
          [63.67875, 53.25822],
          [63.67812, 53.25863],
          [63.67754, 53.259],
          [63.677, 53.25934],
          [63.67649, 53.25966],
          [63.67569, 53.26017],
          [63.67419, 53.25983],
          [63.67523, 53.25898]
        ]
      }
    },
    {
      "type": "Feature",
      "properties": { "district": "zelenstroy", "kind": "minor" },
      "geometry": {
        "type": "LineString",
        "coordinates": [
          [63.67649, 53.25966],
          [63.6775, 53.26015]
        ]
      }
    },
    {
      "type": "Feature",
      "properties": { "district": "zelenstroy", "kind": "minor" },
      "geometry": {
        "type": "LineString",
        "coordinates": [
          [63.67569, 53.26017],
          [63.68012, 53.26119],
          [63.68029, 53.26112]
        ]
      }
    },
    {
      "type": "Feature",
      "properties": { "district": "zelenstroy", "kind": "minor" },
      "geometry": {
        "type": "LineString",
        "coordinates": [
          [63.68056, 53.26061],
          [63.68031, 53.26078],
          [63.67997, 53.26081],
          [63.677, 53.25934],
          [63.67567, 53.25867],
          [63.675, 53.25834]
        ]
      }
    },
    {
      "type": "Feature",
      "properties": { "district": "zelenstroy", "kind": "minor" },
      "geometry": {
        "type": "LineString",
        "coordinates": [
          [63.67551, 53.258],
          [63.67616, 53.25832],
          [63.67754, 53.259],
          [63.68004, 53.26024],
          [63.68039, 53.26027],
          [63.68073, 53.26]
        ]
      }
    },
    {
      "type": "Feature",
      "properties": { "district": "zelenstroy", "kind": "minor" },
      "geometry": {
        "type": "LineString",
        "coordinates": [
          [63.68167, 53.2571],
          [63.68528, 53.25969],
          [63.68547, 53.25982],
          [63.68938, 53.26269],
          [63.6898, 53.26286],
          [63.69016, 53.26269],
          [63.69037, 53.26209]
        ]
      }
    },
    {
      "type": "Feature",
      "properties": { "district": "zelenstroy", "kind": "minor" },
      "geometry": {
        "type": "LineString",
        "coordinates": [
          [63.6898, 53.26286],
          [63.68931, 53.2632],
          [63.6815, 53.2615],
          [63.68091, 53.26138]
        ]
      }
    },
    {
      "type": "Feature",
      "properties": { "district": "zelenstroy", "kind": "minor" },
      "geometry": {
        "type": "LineString",
        "coordinates": [
          [63.68822, 53.26068],
          [63.6909, 53.25942],
          [63.69082, 53.25939],
          [63.69008, 53.25916],
          [63.68935, 53.25893],
          [63.68861, 53.2587],
          [63.68671, 53.2596]
        ]
      }
    },
    {
      "type": "Feature",
      "properties": { "district": "zelenstroy", "kind": "minor" },
      "geometry": {
        "type": "LineString",
        "coordinates": [
          [63.6877, 53.26031],
          [63.69008, 53.25916]
        ]
      }
    },
    {
      "type": "Feature",
      "properties": { "district": "zelenstroy", "kind": "minor" },
      "geometry": {
        "type": "LineString",
        "coordinates": [
          [63.68721, 53.25997],
          [63.68935, 53.25893]
        ]
      }
    },
    {
      "type": "Feature",
      "properties": { "district": "zelenstroy", "kind": "minor" },
      "geometry": {
        "type": "LineString",
        "coordinates": [
          [63.6909, 53.25942],
          [63.69169, 53.25965],
          [63.69245, 53.25988],
          [63.69325, 53.26011],
          [63.69391, 53.26031],
          [63.69404, 53.26029],
          [63.69386, 53.26045],
          [63.69037, 53.26209]
        ]
      }
    },
    {
      "type": "Feature",
      "properties": { "district": "zelenstroy", "kind": "minor" },
      "geometry": {
        "type": "LineString",
        "coordinates": [
          [63.69783, 53.26162],
          [63.70006, 53.26324],
          [63.70404, 53.26613],
          [63.7041, 53.26623],
          [63.70422, 53.26637],
          [63.70443, 53.26643]
        ]
      }
    },
    {
      "type": "Feature",
      "properties": { "district": "zelenstroy", "kind": "minor" },
      "geometry": {
        "type": "LineString",
        "coordinates": [
          [63.68621, 53.25924],
          [63.68528, 53.25969],
          [63.6815, 53.2615]
        ]
      }
    },
    {
      "type": "Feature",
      "properties": { "district": "zelenstroy", "kind": "minor" },
      "geometry": {
        "type": "LineString",
        "coordinates": [
          [63.68124, 53.25791],
          [63.68057, 53.2582],
          [63.67978, 53.25876],
          [63.68046, 53.25913],
          [63.6807, 53.25922],
          [63.6809, 53.25919]
        ]
      }
    },
    {
      "type": "Feature",
      "properties": { "district": "zelenstroy", "kind": "minor" },
      "geometry": {
        "type": "LineString",
        "coordinates": [
          [63.70566, 53.25217],
          [63.70542, 53.25172],
          [63.70527, 53.25165],
          [63.70378, 53.25205]
        ]
      }
    },
    {
      "type": "Feature",
      "properties": { "district": "zelenstroy", "kind": "minor" },
      "geometry": {
        "type": "LineString",
        "coordinates": [
          [63.70527, 53.25165],
          [63.705, 53.25123],
          [63.70524, 53.25115],
          [63.70492, 53.25066]
        ]
      }
    },
    {
      "type": "Feature",
      "properties": { "district": "zelenstroy", "kind": "minor" },
      "geometry": {
        "type": "LineString",
        "coordinates": [
          [63.705, 53.25123],
          [63.70379, 53.25148],
          [63.70394, 53.25178]
        ]
      }
    },
    {
      "type": "Feature",
      "properties": { "district": "zelenstroy", "kind": "minor" },
      "geometry": {
        "type": "LineString",
        "coordinates": [
          [63.70504, 53.2523],
          [63.70532, 53.25281],
          [63.70486, 53.25294],
          [63.70443, 53.25297],
          [63.7042, 53.25297]
        ]
      }
    },
    {
      "type": "Feature",
      "properties": { "district": "zelenstroy", "kind": "minor" },
      "geometry": {
        "type": "LineString",
        "coordinates": [
          [63.70626, 53.25317],
          [63.70663, 53.25351],
          [63.70659, 53.25359],
          [63.70648, 53.25365]
        ]
      }
    },
    {
      "type": "Feature",
      "properties": { "district": "zelenstroy", "kind": "minor" },
      "geometry": {
        "type": "LineString",
        "coordinates": [
          [63.67594, 53.25755],
          [63.67671, 53.25793],
          [63.67812, 53.25863],
          [63.68034, 53.25973],
          [63.68076, 53.25971]
        ]
      }
    },
    {
      "type": "Feature",
      "properties": { "district": "zelenstroy", "kind": "minor" },
      "geometry": {
        "type": "LineString",
        "coordinates": [
          [63.67733, 53.25749],
          [63.67875, 53.25822],
          [63.67978, 53.25876]
        ]
      }
    },
    {
      "type": "Feature",
      "properties": { "district": "zelenstroy", "kind": "minor" },
      "geometry": {
        "type": "LineString",
        "coordinates": [
          [63.68876, 53.26107],
          [63.69169, 53.25965]
        ]
      }
    },
    {
      "type": "Feature",
      "properties": { "district": "zelenstroy", "kind": "minor" },
      "geometry": {
        "type": "LineString",
        "coordinates": [
          [63.6893, 53.26145],
          [63.69245, 53.25988]
        ]
      }
    },
    {
      "type": "Feature",
      "properties": { "district": "zelenstroy", "kind": "minor" },
      "geometry": {
        "type": "LineString",
        "coordinates": [
          [63.68978, 53.2618],
          [63.69325, 53.26011]
        ]
      }
    },
    {
      "type": "Feature",
      "properties": { "district": "zelenstroy", "kind": "minor" },
      "geometry": {
        "type": "LineString",
        "coordinates": [
          [63.69112, 53.26242],
          [63.6948, 53.26064]
        ]
      }
    },
    {
      "type": "Feature",
      "properties": { "district": "zelenstroy", "kind": "minor" },
      "geometry": {
        "type": "LineString",
        "coordinates": [
          [63.69169, 53.26271],
          [63.69553, 53.26085]
        ]
      }
    },
    {
      "type": "Feature",
      "properties": { "district": "zelenstroy", "kind": "minor" },
      "geometry": {
        "type": "LineString",
        "coordinates": [
          [63.69225, 53.26309],
          [63.69635, 53.26108]
        ]
      }
    },
    {
      "type": "Feature",
      "properties": { "district": "zelenstroy", "kind": "minor" },
      "geometry": {
        "type": "LineString",
        "coordinates": [
          [63.69277, 53.26345],
          [63.69725, 53.26127]
        ]
      }
    },
    {
      "type": "Feature",
      "properties": { "district": "narimanovka", "kind": "minor" },
      "geometry": {
        "type": "LineString",
        "coordinates": [
          [63.63618, 53.19465],
          [63.63619, 53.19478],
          [63.63618, 53.19517],
          [63.63614, 53.19595],
          [63.63609, 53.19646],
          [63.63604, 53.19708],
          [63.63603, 53.19724],
          [63.6361, 53.19753],
          [63.63628, 53.19777],
          [63.63665, 53.19803],
          [63.63705, 53.19824],
          [63.63712, 53.19831],
          [63.63729, 53.19845],
          [63.63748, 53.19868],
          [63.63761, 53.19883],
          [63.63768, 53.1989],
          [63.63772, 53.19894]
        ]
      }
    },
    {
      "type": "Feature",
      "properties": { "district": "narimanovka", "kind": "minor" },
      "geometry": {
        "type": "LineString",
        "coordinates": [
          [63.63788, 53.19902],
          [63.63822, 53.19913],
          [63.63932, 53.19911],
          [63.63938, 53.19911],
          [63.63959, 53.19912],
          [63.63979, 53.19914],
          [63.63999, 53.19919],
          [63.64029, 53.19933],
          [63.64049, 53.19944],
          [63.64089, 53.19972],
          [63.64243, 53.20066],
          [63.64247, 53.20068]
        ]
      }
    },
    {
      "type": "Feature",
      "properties": { "district": "amangeldy", "kind": "minor" },
      "geometry": {
        "type": "LineString",
        "coordinates": [
          [63.58286, 53.14969],
          [63.5828, 53.1495],
          [63.58264, 53.14896]
        ]
      }
    },
    {
      "type": "Feature",
      "properties": { "district": "center", "kind": "minor" },
      "geometry": {
        "type": "LineString",
        "coordinates": [
          [63.64351, 53.2191],
          [63.64512, 53.21831],
          [63.64526, 53.21824]
        ]
      }
    },
    {
      "type": "Feature",
      "properties": { "district": "perevalovka", "kind": "minor" },
      "geometry": {
        "type": "LineString",
        "coordinates": [
          [63.64715, 53.22452],
          [63.64715, 53.22446]
        ]
      }
    },
    {
      "type": "Feature",
      "properties": { "district": "perevalovka", "kind": "minor" },
      "geometry": {
        "type": "LineString",
        "coordinates": [
          [63.64713, 53.22464],
          [63.64714, 53.2246]
        ]
      }
    },
    {
      "type": "Feature",
      "properties": { "district": "center", "kind": "minor" },
      "geometry": {
        "type": "LineString",
        "coordinates": [
          [63.61905, 53.2257],
          [63.61918, 53.22573]
        ]
      }
    },
    {
      "type": "Feature",
      "properties": { "district": "center", "kind": "minor" },
      "geometry": {
        "type": "LineString",
        "coordinates": [
          [63.61736, 53.22674],
          [63.61718, 53.22682],
          [63.6168, 53.227],
          [63.61644, 53.22719],
          [63.61624, 53.22729],
          [63.61601, 53.2274],
          [63.61584, 53.22748]
        ]
      }
    },
    {
      "type": "Feature",
      "properties": { "district": "center", "kind": "minor" },
      "geometry": {
        "type": "LineString",
        "coordinates": [
          [63.61918, 53.22573],
          [63.62053, 53.22503],
          [63.6208, 53.22488],
          [63.621, 53.22478],
          [63.62194, 53.22431],
          [63.62251, 53.22401],
          [63.62263, 53.22396],
          [63.62279, 53.2239],
          [63.62288, 53.22388]
        ]
      }
    },
    {
      "type": "Feature",
      "properties": { "district": "center", "kind": "minor" },
      "geometry": {
        "type": "LineString",
        "coordinates": [
          [63.62288, 53.22388],
          [63.62283, 53.22393],
          [63.62271, 53.22401],
          [63.62259, 53.22407],
          [63.62106, 53.22482],
          [63.62086, 53.22492],
          [63.6206, 53.22507],
          [63.61925, 53.22579]
        ]
      }
    },
    {
      "type": "Feature",
      "properties": { "district": "center", "kind": "minor" },
      "geometry": {
        "type": "LineString",
        "coordinates": [
          [63.61727, 53.22668],
          [63.61821, 53.22622],
          [63.61906, 53.2258],
          [63.61918, 53.22573]
        ]
      }
    },
    {
      "type": "Feature",
      "properties": { "district": "center", "kind": "minor" },
      "geometry": {
        "type": "LineString",
        "coordinates": [
          [63.6168, 53.227],
          [63.61672, 53.22695]
        ]
      }
    },
    {
      "type": "Feature",
      "properties": { "district": "center", "kind": "minor" },
      "geometry": {
        "type": "LineString",
        "coordinates": [
          [63.66419, 53.21864],
          [63.66443, 53.21902],
          [63.66442, 53.21907],
          [63.6644, 53.21912],
          [63.66413, 53.21929]
        ]
      }
    },
    {
      "type": "Feature",
      "properties": { "district": "zapadny", "kind": "minor" },
      "geometry": {
        "type": "LineString",
        "coordinates": [
          [63.59954, 53.21056],
          [63.60051, 53.21104]
        ]
      }
    },
    {
      "type": "Feature",
      "properties": { "district": "kostanay-2", "kind": "minor" },
      "geometry": {
        "type": "LineString",
        "coordinates": [
          [63.58748, 53.22392],
          [63.58701, 53.2233],
          [63.58643, 53.22261],
          [63.58625, 53.22245],
          [63.58605, 53.22229],
          [63.5858, 53.22212],
          [63.58554, 53.22199],
          [63.58546, 53.22197],
          [63.5853, 53.22193],
          [63.58421, 53.2217],
          [63.58318, 53.2215],
          [63.58134, 53.22114],
          [63.58002, 53.22089],
          [63.57841, 53.22067],
          [63.57758, 53.22057]
        ]
      }
    },
    {
      "type": "Feature",
      "properties": { "district": "aeroport", "kind": "minor" },
      "geometry": {
        "type": "LineString",
        "coordinates": [
          [63.57758, 53.22057],
          [63.57587, 53.22044],
          [63.57457, 53.22038]
        ]
      }
    },
    {
      "type": "Feature",
      "properties": { "district": "kostanay-2", "kind": "minor" },
      "geometry": {
        "type": "LineString",
        "coordinates": [
          [63.57457, 53.22038],
          [63.57332, 53.22032]
        ]
      }
    },
    {
      "type": "Feature",
      "properties": { "district": "center", "kind": "minor" },
      "geometry": {
        "type": "LineString",
        "coordinates": [
          [63.62358, 53.22018],
          [63.62392, 53.22041],
          [63.62421, 53.22061],
          [63.62431, 53.22068]
        ]
      }
    },
    {
      "type": "Feature",
      "properties": { "district": "amangeldy", "kind": "minor" },
      "geometry": {
        "type": "LineString",
        "coordinates": [
          [63.57851, 53.13634],
          [63.57881, 53.137]
        ]
      }
    },
    {
      "type": "Feature",
      "properties": { "district": null, "kind": "minor" },
      "geometry": {
        "type": "LineString",
        "coordinates": [
          [63.57672, 53.13242],
          [63.57686, 53.13262],
          [63.57694, 53.13289],
          [63.57845, 53.1361],
          [63.57851, 53.13634]
        ]
      }
    },
    {
      "type": "Feature",
      "properties": { "district": "kostanay-2", "kind": "minor" },
      "geometry": {
        "type": "LineString",
        "coordinates": [
          [63.60487, 53.2421],
          [63.60493, 53.24196],
          [63.60655, 53.24093]
        ]
      }
    },
    {
      "type": "Feature",
      "properties": { "district": null, "kind": "minor" },
      "geometry": {
        "type": "LineString",
        "coordinates": [
          [63.71943, 53.20396],
          [63.71911, 53.20408],
          [63.71863, 53.20419],
          [63.71854, 53.20427],
          [63.71855, 53.20434],
          [63.71885, 53.2048]
        ]
      }
    },
    {
      "type": "Feature",
      "properties": { "district": null, "kind": "major" },
      "geometry": {
        "type": "LineString",
        "coordinates": [
          [63.62397, 53.16139],
          [63.62511, 53.1612],
          [63.62594, 53.16112],
          [63.6284, 53.16099],
          [63.62948, 53.16089],
          [63.63029, 53.16078],
          [63.6315, 53.16053],
          [63.63211, 53.1604],
          [63.6338, 53.15996]
        ]
      }
    },
    {
      "type": "Feature",
      "properties": { "district": null, "kind": "major" },
      "geometry": {
        "type": "LineString",
        "coordinates": [
          [63.63387, 53.16004],
          [63.63218, 53.16049],
          [63.63132, 53.16068],
          [63.63033, 53.16087],
          [63.62951, 53.16098],
          [63.62864, 53.16106]
        ]
      }
    },
    {
      "type": "Feature",
      "properties": { "district": null, "kind": "major" },
      "geometry": {
        "type": "LineString",
        "coordinates": [
          [63.62864, 53.16106],
          [63.62787, 53.16111],
          [63.62596, 53.16121],
          [63.62515, 53.1613],
          [63.62405, 53.16147],
          [63.62324, 53.16164],
          [63.6225, 53.16183],
          [63.61606, 53.16384]
        ]
      }
    },
    {
      "type": "Feature",
      "properties": { "district": null, "kind": "major" },
      "geometry": {
        "type": "LineString",
        "coordinates": [
          [63.61599, 53.16372],
          [63.61872, 53.16289],
          [63.62217, 53.16182],
          [63.62318, 53.16155],
          [63.62397, 53.16139]
        ]
      }
    },
    {
      "type": "Feature",
      "properties": { "district": null, "kind": "minor" },
      "geometry": {
        "type": "LineString",
        "coordinates": [
          [63.63387, 53.16004],
          [63.6338, 53.15996]
        ]
      }
    },
    {
      "type": "Feature",
      "properties": { "district": "narimanovka", "kind": "minor" },
      "geometry": {
        "type": "LineString",
        "coordinates": [
          [63.64036, 53.20763],
          [63.63985, 53.20728],
          [63.63984, 53.20723],
          [63.63999, 53.20716],
          [63.64007, 53.20713]
        ]
      }
    },
    {
      "type": "Feature",
      "properties": { "district": "narimanovka", "kind": "minor" },
      "geometry": {
        "type": "LineString",
        "coordinates": [
          [63.6405, 53.20729],
          [63.6407, 53.20744]
        ]
      }
    },
    {
      "type": "Feature",
      "properties": { "district": "narimanovka", "kind": "minor" },
      "geometry": {
        "type": "LineString",
        "coordinates": [
          [63.64007, 53.20713],
          [63.6402, 53.20709],
          [63.6405, 53.20729]
        ]
      }
    },
    {
      "type": "Feature",
      "properties": { "district": "amangeldy", "kind": "minor" },
      "geometry": {
        "type": "LineString",
        "coordinates": [
          [63.59306, 53.15168],
          [63.59464, 53.15158],
          [63.59492, 53.15158],
          [63.59514, 53.15159],
          [63.59524, 53.15161],
          [63.59561, 53.1517],
          [63.596, 53.1518],
          [63.59634, 53.15189],
          [63.59663, 53.15192],
          [63.59768, 53.152],
          [63.59794, 53.15202],
          [63.59831, 53.152],
          [63.59868, 53.15193],
          [63.5991, 53.15179],
          [63.60061, 53.1513]
        ]
      }
    },
    {
      "type": "Feature",
      "properties": { "district": "ksk", "kind": "minor" },
      "geometry": {
        "type": "LineString",
        "coordinates": [
          [63.68517, 53.24957],
          [63.68537, 53.24949],
          [63.68553, 53.24943]
        ]
      }
    },
    {
      "type": "Feature",
      "properties": { "district": "ksk", "kind": "minor" },
      "geometry": {
        "type": "LineString",
        "coordinates": [
          [63.67734, 53.25314],
          [63.67846, 53.25272],
          [63.67878, 53.25259],
          [63.67953, 53.25229]
        ]
      }
    },
    {
      "type": "Feature",
      "properties": { "district": "center", "kind": "minor" },
      "geometry": {
        "type": "LineString",
        "coordinates": [
          [63.61627, 53.21304],
          [63.61614, 53.21295],
          [63.61472, 53.21195],
          [63.6146, 53.21186],
          [63.61441, 53.21172],
          [63.61419, 53.21157]
        ]
      }
    },
    {
      "type": "Feature",
      "properties": { "district": "narimanovka", "kind": "minor" },
      "geometry": {
        "type": "LineString",
        "coordinates": [
          [63.62696, 53.20762],
          [63.62858, 53.2068]
        ]
      }
    },
    {
      "type": "Feature",
      "properties": { "district": "zapadny", "kind": "minor" },
      "geometry": {
        "type": "LineString",
        "coordinates": [
          [63.59731, 53.19562],
          [63.59718, 53.19493],
          [63.59704, 53.19422],
          [63.59692, 53.19351],
          [63.59679, 53.19257]
        ]
      }
    },
    {
      "type": "Feature",
      "properties": { "district": "vokzal", "kind": "minor" },
      "geometry": {
        "type": "LineString",
        "coordinates": [
          [63.61567, 53.22752],
          [63.61574, 53.22744]
        ]
      }
    },
    {
      "type": "Feature",
      "properties": { "district": "vokzal", "kind": "minor" },
      "geometry": {
        "type": "LineString",
        "coordinates": [
          [63.61584, 53.22748],
          [63.61567, 53.22752]
        ]
      }
    },
    {
      "type": "Feature",
      "properties": { "district": "narimanovka", "kind": "minor" },
      "geometry": {
        "type": "LineString",
        "coordinates": [
          [63.62707, 53.19968],
          [63.62691, 53.19975],
          [63.62554, 53.20034],
          [63.62455, 53.20078],
          [63.62381, 53.20112]
        ]
      }
    },
    {
      "type": "Feature",
      "properties": { "district": "narimanovka", "kind": "minor" },
      "geometry": {
        "type": "LineString",
        "coordinates": [
          [63.62891, 53.19911],
          [63.62872, 53.19905],
          [63.62851, 53.19904],
          [63.62835, 53.19907],
          [63.62731, 53.19956],
          [63.62721, 53.19961],
          [63.62707, 53.19968]
        ]
      }
    },
    {
      "type": "Feature",
      "properties": { "district": "kzhbi", "kind": "minor" },
      "geometry": {
        "type": "LineString",
        "coordinates": [
          [63.61334, 53.17415],
          [63.6139, 53.17442]
        ]
      }
    },
    {
      "type": "Feature",
      "properties": { "district": null, "kind": "minor" },
      "geometry": {
        "type": "LineString",
        "coordinates": [
          [63.69008, 53.17952],
          [63.6901, 53.17972],
          [63.69014, 53.18025]
        ]
      }
    },
    {
      "type": "Feature",
      "properties": { "district": null, "kind": "minor" },
      "geometry": {
        "type": "LineString",
        "coordinates": [
          [63.62324, 53.16164],
          [63.62318, 53.16155]
        ]
      }
    },
    {
      "type": "Feature",
      "properties": { "district": null, "kind": "minor" },
      "geometry": {
        "type": "LineString",
        "coordinates": [
          [63.71041, 53.2212],
          [63.70951, 53.22149],
          [63.70932, 53.22155]
        ]
      }
    },
    {
      "type": "Feature",
      "properties": { "district": "perevalovka", "kind": "minor" },
      "geometry": {
        "type": "LineString",
        "coordinates": [
          [63.66204, 53.22841],
          [63.66179, 53.22856],
          [63.66163, 53.22866]
        ]
      }
    },
    {
      "type": "Feature",
      "properties": { "district": "narimanovka", "kind": "minor" },
      "geometry": {
        "type": "LineString",
        "coordinates": [
          [63.63205, 53.20489],
          [63.63218, 53.20498]
        ]
      }
    },
    {
      "type": "Feature",
      "properties": { "district": "narimanovka", "kind": "minor" },
      "geometry": {
        "type": "LineString",
        "coordinates": [
          [63.63143, 53.20446],
          [63.62959, 53.20523]
        ]
      }
    },
    {
      "type": "Feature",
      "properties": { "district": "ksk", "kind": "minor" },
      "geometry": {
        "type": "LineString",
        "coordinates": [
          [63.67991, 53.23658],
          [63.68005, 53.23651],
          [63.68007, 53.23651],
          [63.6801, 53.23652],
          [63.68126, 53.23737]
        ]
      }
    },
    {
      "type": "Feature",
      "properties": { "district": null, "kind": "minor" },
      "geometry": {
        "type": "LineString",
        "coordinates": [
          [63.50589, 53.20023],
          [63.50587, 53.20038],
          [63.50582, 53.20075],
          [63.5058, 53.20106]
        ]
      }
    },
    {
      "type": "Feature",
      "properties": { "district": null, "kind": "minor" },
      "geometry": {
        "type": "LineString",
        "coordinates": [
          [63.50587, 53.20038],
          [63.50596, 53.20048],
          [63.5061, 53.20052],
          [63.50623, 53.20053],
          [63.50641, 53.2005]
        ]
      }
    },
    {
      "type": "Feature",
      "properties": { "district": null, "kind": "minor" },
      "geometry": {
        "type": "LineString",
        "coordinates": [
          [63.51562, 53.17813],
          [63.51509, 53.17816]
        ]
      }
    },
    {
      "type": "Feature",
      "properties": { "district": "vokzal", "kind": "minor" },
      "geometry": {
        "type": "LineString",
        "coordinates": [
          [63.62093, 53.2354],
          [63.62079, 53.23538],
          [63.62065, 53.23537],
          [63.62049, 53.23536],
          [63.62033, 53.23536]
        ]
      }
    },
    {
      "type": "Feature",
      "properties": { "district": "vokzal", "kind": "minor" },
      "geometry": {
        "type": "LineString",
        "coordinates": [
          [63.62061, 53.23518],
          [63.62063, 53.23522],
          [63.62065, 53.23526],
          [63.62066, 53.23527],
          [63.62072, 53.23531],
          [63.6208, 53.23535],
          [63.62093, 53.2354]
        ]
      }
    },
    {
      "type": "Feature",
      "properties": { "district": "vokzal", "kind": "minor" },
      "geometry": {
        "type": "LineString",
        "coordinates": [
          [63.62341, 53.23567],
          [63.62285, 53.23559],
          [63.62258, 53.23555],
          [63.62207, 53.2355],
          [63.62171, 53.23547],
          [63.62153, 53.23546],
          [63.62093, 53.2354]
        ]
      }
    },
    {
      "type": "Feature",
      "properties": { "district": "vokzal", "kind": "minor" },
      "geometry": {
        "type": "LineString",
        "coordinates": [
          [63.62341, 53.23567],
          [63.6238, 53.23571],
          [63.62423, 53.23577],
          [63.62473, 53.23586],
          [63.6246, 53.23648],
          [63.62471, 53.23655],
          [63.62481, 53.23661],
          [63.62541, 53.23667],
          [63.62846, 53.23697]
        ]
      }
    },
    {
      "type": "Feature",
      "properties": { "district": null, "kind": "minor" },
      "geometry": {
        "type": "LineString",
        "coordinates": [
          [63.70848, 53.20312],
          [63.70857, 53.20324],
          [63.7089, 53.20373]
        ]
      }
    },
    {
      "type": "Feature",
      "properties": { "district": null, "kind": "minor" },
      "geometry": {
        "type": "LineString",
        "coordinates": [
          [63.70785, 53.20264],
          [63.70814, 53.2026],
          [63.70891, 53.20237]
        ]
      }
    },
    {
      "type": "Feature",
      "properties": { "district": "zapadny", "kind": "minor" },
      "geometry": {
        "type": "LineString",
        "coordinates": [
          [63.60217, 53.19356],
          [63.6033, 53.19346]
        ]
      }
    },
    {
      "type": "Feature",
      "properties": { "district": "khimik", "kind": "minor" },
      "geometry": {
        "type": "LineString",
        "coordinates": [
          [63.58268, 53.15577],
          [63.58177, 53.15441],
          [63.58152, 53.15409],
          [63.58115, 53.15358]
        ]
      }
    },
    {
      "type": "Feature",
      "properties": { "district": "kostanay-2", "kind": "major" },
      "geometry": {
        "type": "LineString",
        "coordinates": [
          [63.6164, 53.23764],
          [63.61642, 53.23762],
          [63.61696, 53.23729]
        ]
      }
    },
    {
      "type": "Feature",
      "properties": { "district": "kostanay-2", "kind": "major" },
      "geometry": {
        "type": "LineString",
        "coordinates": [
          [63.61696, 53.23729],
          [63.61711, 53.23718]
        ]
      }
    },
    {
      "type": "Feature",
      "properties": { "district": "kostanay-2", "kind": "minor" },
      "geometry": {
        "type": "LineString",
        "coordinates": [
          [63.61726, 53.23752],
          [63.61706, 53.23739]
        ]
      }
    },
    {
      "type": "Feature",
      "properties": { "district": "kostanay-2", "kind": "minor" },
      "geometry": {
        "type": "LineString",
        "coordinates": [
          [63.61706, 53.23739],
          [63.61696, 53.23729],
          [63.61688, 53.23719]
        ]
      }
    },
    {
      "type": "Feature",
      "properties": { "district": null, "kind": "minor" },
      "geometry": {
        "type": "LineString",
        "coordinates": [
          [63.70951, 53.22149],
          [63.71043, 53.22228]
        ]
      }
    },
    {
      "type": "Feature",
      "properties": { "district": "dostyk", "kind": "minor" },
      "geometry": {
        "type": "LineString",
        "coordinates": [
          [63.53572, 53.15401],
          [63.53585, 53.15404],
          [63.53599, 53.15404],
          [63.53628, 53.15401],
          [63.53765, 53.15406]
        ]
      }
    },
    {
      "type": "Feature",
      "properties": { "district": "dostyk", "kind": "minor" },
      "geometry": {
        "type": "LineString",
        "coordinates": [
          [63.53767, 53.15479],
          [63.53764, 53.15481],
          [63.53759, 53.15482],
          [63.53511, 53.15477]
        ]
      }
    },
    {
      "type": "Feature",
      "properties": { "district": "center", "kind": "minor" },
      "geometry": {
        "type": "LineString",
        "coordinates": [
          [63.60894, 53.21444],
          [63.60735, 53.21522]
        ]
      }
    },
    {
      "type": "Feature",
      "properties": { "district": "perevalovka", "kind": "minor" },
      "geometry": {
        "type": "LineString",
        "coordinates": [
          [63.66608, 53.22895],
          [63.6662, 53.22859],
          [63.6663, 53.22842],
          [63.66637, 53.22831],
          [63.66641, 53.22818]
        ]
      }
    },
    {
      "type": "Feature",
      "properties": { "district": "narimanovka", "kind": "minor" },
      "geometry": {
        "type": "LineString",
        "coordinates": [
          [63.63583, 53.20027],
          [63.63776, 53.199],
          [63.63788, 53.19902]
        ]
      }
    },
    {
      "type": "Feature",
      "properties": { "district": "narimanovka", "kind": "minor" },
      "geometry": {
        "type": "LineString",
        "coordinates": [
          [63.6194, 53.20571],
          [63.61891, 53.20595],
          [63.61724, 53.20679]
        ]
      }
    },
    {
      "type": "Feature",
      "properties": { "district": "center", "kind": "minor" },
      "geometry": {
        "type": "LineString",
        "coordinates": [
          [63.61724, 53.20679],
          [63.61707, 53.20688],
          [63.61669, 53.20709],
          [63.61601, 53.20745],
          [63.61548, 53.20764]
        ]
      }
    },
    {
      "type": "Feature",
      "properties": { "district": "amangeldy", "kind": "minor" },
      "geometry": {
        "type": "LineString",
        "coordinates": [
          [63.59615, 53.14841],
          [63.59656, 53.14811]
        ]
      }
    },
    {
      "type": "Feature",
      "properties": { "district": "zapadny", "kind": "minor" },
      "geometry": {
        "type": "LineString",
        "coordinates": [
          [63.59673, 53.18951],
          [63.59684, 53.18966],
          [63.59688, 53.18974],
          [63.59696, 53.18992],
          [63.59703, 53.19022]
        ]
      }
    },
    {
      "type": "Feature",
      "properties": { "district": "zapadny", "kind": "minor" },
      "geometry": {
        "type": "LineString",
        "coordinates": [
          [63.5952, 53.18982],
          [63.59477, 53.18991],
          [63.59429, 53.18997],
          [63.59396, 53.18999],
          [63.59362, 53.19003],
          [63.59343, 53.19011],
          [63.5934, 53.19019],
          [63.59344, 53.19029],
          [63.5935, 53.19035],
          [63.59352, 53.1904],
          [63.59357, 53.19044],
          [63.5936, 53.19045],
          [63.59369, 53.19046],
          [63.59382, 53.19044],
          [63.59394, 53.19039],
          [63.59407, 53.19037],
          [63.59448, 53.19031],
          [63.59466, 53.19029],
          [63.59501, 53.19025],
          [63.59521, 53.19023],
          [63.59545, 53.19017],
          [63.59576, 53.19011],
          [63.59593, 53.19005],
          [63.59617, 53.19],
          [63.59626, 53.18999],
          [63.59637, 53.18998],
          [63.59644, 53.18999],
          [63.59647, 53.19005],
          [63.59651, 53.19015],
          [63.59657, 53.1902],
          [63.59664, 53.19024],
          [63.59684, 53.19024],
          [63.59703, 53.19022],
          [63.59712, 53.1902],
          [63.59728, 53.19016],
          [63.59746, 53.1901],
          [63.59753, 53.19009],
          [63.59766, 53.19011],
          [63.59778, 53.19014]
        ]
      }
    },
    {
      "type": "Feature",
      "properties": { "district": "center", "kind": "minor" },
      "geometry": {
        "type": "LineString",
        "coordinates": [
          [63.63842, 53.22153],
          [63.63888, 53.22131],
          [63.64015, 53.22071]
        ]
      }
    },
    {
      "type": "Feature",
      "properties": { "district": "narimanovka", "kind": "minor" },
      "geometry": {
        "type": "LineString",
        "coordinates": [
          [63.62681, 53.2045],
          [63.62702, 53.20465],
          [63.62722, 53.20478],
          [63.62752, 53.20487],
          [63.62766, 53.20497],
          [63.62781, 53.20506],
          [63.62802, 53.20521],
          [63.6283, 53.2054],
          [63.62845, 53.20546]
        ]
      }
    },
    {
      "type": "Feature",
      "properties": { "district": "narimanovka", "kind": "minor" },
      "geometry": {
        "type": "LineString",
        "coordinates": [
          [63.6221, 53.20438],
          [63.62071, 53.20507],
          [63.6206, 53.20512],
          [63.6205, 53.20517],
          [63.6194, 53.20571]
        ]
      }
    },
    {
      "type": "Feature",
      "properties": { "district": null, "kind": "major" },
      "geometry": {
        "type": "LineString",
        "coordinates": [
          [63.68003, 53.17024],
          [63.67989, 53.17002],
          [63.67937, 53.16793],
          [63.67927, 53.16753]
        ]
      }
    },
    {
      "type": "Feature",
      "properties": { "district": null, "kind": "major" },
      "geometry": {
        "type": "LineString",
        "coordinates": [
          [63.67767, 53.16068],
          [63.67787, 53.16169],
          [63.67823, 53.16293]
        ]
      }
    },
    {
      "type": "Feature",
      "properties": { "district": null, "kind": "major" },
      "geometry": {
        "type": "LineString",
        "coordinates": [
          [63.67779, 53.16383],
          [63.67614, 53.16388],
          [63.67488, 53.16389],
          [63.67354, 53.16383],
          [63.67241, 53.16373],
          [63.67141, 53.16361]
        ]
      }
    },
    {
      "type": "Feature",
      "properties": { "district": null, "kind": "minor" },
      "geometry": {
        "type": "LineString",
        "coordinates": [
          [63.66022, 53.18022],
          [63.66078, 53.18054]
        ]
      }
    },
    {
      "type": "Feature",
      "properties": { "district": null, "kind": "major" },
      "geometry": {
        "type": "LineString",
        "coordinates": [
          [63.64916, 53.15954],
          [63.65013, 53.15965],
          [63.65089, 53.15976],
          [63.65126, 53.15983],
          [63.65217, 53.16],
          [63.6564, 53.16075],
          [63.66028, 53.16146],
          [63.66952, 53.16316],
          [63.67141, 53.16348],
          [63.67245, 53.16361]
        ]
      }
    },
    {
      "type": "Feature",
      "properties": { "district": null, "kind": "major" },
      "geometry": {
        "type": "LineString",
        "coordinates": [
          [63.6338, 53.15996],
          [63.63569, 53.15946],
          [63.63643, 53.1593],
          [63.63719, 53.15916],
          [63.63728, 53.15915]
        ]
      }
    },
    {
      "type": "Feature",
      "properties": { "district": "center", "kind": "minor" },
      "geometry": {
        "type": "LineString",
        "coordinates": [
          [63.62478, 53.22772],
          [63.62507, 53.22783],
          [63.62519, 53.22789],
          [63.62552, 53.22809],
          [63.62648, 53.22883],
          [63.62651, 53.22886],
          [63.62652, 53.2289],
          [63.62649, 53.22895]
        ]
      }
    },
    {
      "type": "Feature",
      "properties": { "district": "center", "kind": "minor" },
      "geometry": {
        "type": "LineString",
        "coordinates": [
          [63.62649, 53.22895],
          [63.62637, 53.22894],
          [63.62634, 53.22893],
          [63.62628, 53.2289],
          [63.62485, 53.22782],
          [63.62478, 53.22772]
        ]
      }
    },
    {
      "type": "Feature",
      "properties": { "district": "narimanovka", "kind": "major" },
      "geometry": {
        "type": "LineString",
        "coordinates": [
          [63.6237, 53.20104],
          [63.62381, 53.20112],
          [63.62388, 53.20117],
          [63.62429, 53.20146],
          [63.62443, 53.20156],
          [63.62493, 53.20192],
          [63.62582, 53.20255],
          [63.62623, 53.20284],
          [63.62684, 53.20327],
          [63.62727, 53.20358],
          [63.62765, 53.20385],
          [63.62776, 53.20393],
          [63.62784, 53.20399],
          [63.62959, 53.20523],
          [63.6312, 53.20637],
          [63.63237, 53.2072]
        ]
      }
    },
    {
      "type": "Feature",
      "properties": { "district": "kostanay-2", "kind": "minor" },
      "geometry": {
        "type": "LineString",
        "coordinates": [
          [63.59708, 53.24847],
          [63.59702, 53.24843],
          [63.59682, 53.24827],
          [63.59598, 53.24772],
          [63.59576, 53.24757]
        ]
      }
    },
    {
      "type": "Feature",
      "properties": { "district": "kostanay-2", "kind": "minor" },
      "geometry": {
        "type": "LineString",
        "coordinates": [
          [63.59815, 53.24912],
          [63.59791, 53.24898],
          [63.59739, 53.24866],
          [63.59726, 53.24858],
          [63.59708, 53.24847]
        ]
      }
    },
    {
      "type": "Feature",
      "properties": { "district": "kostanay-2", "kind": "major" },
      "geometry": {
        "type": "LineString",
        "coordinates": [
          [63.59815, 53.24912],
          [63.59835, 53.24893],
          [63.59904, 53.24847],
          [63.60036, 53.24765]
        ]
      }
    },
    {
      "type": "Feature",
      "properties": { "district": "narimanovka", "kind": "minor" },
      "geometry": {
        "type": "LineString",
        "coordinates": [
          [63.63772, 53.19894],
          [63.63776, 53.199]
        ]
      }
    },
    {
      "type": "Feature",
      "properties": { "district": "center", "kind": "minor" },
      "geometry": {
        "type": "LineString",
        "coordinates": [
          [63.62823, 53.22583],
          [63.62806, 53.22572],
          [63.62633, 53.22451],
          [63.62616, 53.22439]
        ]
      }
    },
    {
      "type": "Feature",
      "properties": { "district": "center", "kind": "minor" },
      "geometry": {
        "type": "LineString",
        "coordinates": [
          [63.62334, 53.2224],
          [63.62252, 53.22182],
          [63.62234, 53.22169]
        ]
      }
    },
    {
      "type": "Feature",
      "properties": { "district": "center", "kind": "minor" },
      "geometry": {
        "type": "LineString",
        "coordinates": [
          [63.62635, 53.22429],
          [63.62642, 53.22434],
          [63.62652, 53.22441],
          [63.62824, 53.22561],
          [63.62842, 53.22574]
        ]
      }
    },
    {
      "type": "Feature",
      "properties": { "district": "center", "kind": "minor" },
      "geometry": {
        "type": "LineString",
        "coordinates": [
          [63.62254, 53.22159],
          [63.62272, 53.22171],
          [63.62282, 53.22178],
          [63.62333, 53.22214],
          [63.62356, 53.2223]
        ]
      }
    },
    {
      "type": "Feature",
      "properties": { "district": "ksk", "kind": "minor" },
      "geometry": {
        "type": "LineString",
        "coordinates": [
          [63.68929, 53.24874],
          [63.6907, 53.24983],
          [63.69105, 53.24994]
        ]
      }
    },
    {
      "type": "Feature",
      "properties": { "district": "zelenstroy", "kind": "minor" },
      "geometry": {
        "type": "LineString",
        "coordinates": [
          [63.69105, 53.24994],
          [63.69337, 53.25163]
        ]
      }
    },
    {
      "type": "Feature",
      "properties": { "district": null, "kind": "minor" },
      "geometry": {
        "type": "LineString",
        "coordinates": [
          [63.65301, 53.17986],
          [63.65108, 53.17869],
          [63.6497, 53.17785]
        ]
      }
    },
    {
      "type": "Feature",
      "properties": { "district": "dostyk", "kind": "minor" },
      "geometry": {
        "type": "LineString",
        "coordinates": [
          [63.54597, 53.162],
          [63.54565, 53.16236]
        ]
      }
    },
    {
      "type": "Feature",
      "properties": { "district": null, "kind": "minor" },
      "geometry": {
        "type": "LineString",
        "coordinates": [
          [63.65315, 53.17978],
          [63.65301, 53.17986]
        ]
      }
    },
    {
      "type": "Feature",
      "properties": { "district": null, "kind": "major" },
      "geometry": {
        "type": "LineString",
        "coordinates": [
          [63.58084, 53.26501],
          [63.58244, 53.26329]
        ]
      }
    },
    {
      "type": "Feature",
      "properties": { "district": null, "kind": "minor" },
      "geometry": {
        "type": "LineString",
        "coordinates": [
          [63.6891, 53.19852],
          [63.6894, 53.19847],
          [63.68946, 53.19847],
          [63.68951, 53.1985],
          [63.6896, 53.19862],
          [63.68967, 53.19869],
          [63.68993, 53.19903]
        ]
      }
    },
    {
      "type": "Feature",
      "properties": { "district": "kostanay-2", "kind": "minor" },
      "geometry": {
        "type": "LineString",
        "coordinates": [
          [63.60363, 53.23121],
          [63.60376, 53.2312],
          [63.6039, 53.23121],
          [63.60403, 53.23125],
          [63.60413, 53.2313],
          [63.60418, 53.23137],
          [63.60421, 53.23144],
          [63.60421, 53.23151],
          [63.60417, 53.23158],
          [63.6041, 53.23164],
          [63.60401, 53.23168],
          [63.6039, 53.23171],
          [63.60378, 53.23172],
          [63.60366, 53.23171],
          [63.60355, 53.23169],
          [63.60346, 53.23164],
          [63.60339, 53.23158],
          [63.60335, 53.23152],
          [63.60334, 53.23145],
          [63.60336, 53.23138],
          [63.60341, 53.23131],
          [63.60351, 53.23125],
          [63.60363, 53.23121]
        ]
      }
    },
    {
      "type": "Feature",
      "properties": { "district": "kostanay-2", "kind": "minor" },
      "geometry": {
        "type": "LineString",
        "coordinates": [
          [63.60189, 53.23264],
          [63.60079, 53.23337],
          [63.60054, 53.23354],
          [63.59942, 53.23429],
          [63.5983, 53.23503]
        ]
      }
    },
    {
      "type": "Feature",
      "properties": { "district": "kostanay-2", "kind": "minor" },
      "geometry": {
        "type": "LineString",
        "coordinates": [
          [63.6039, 53.23171],
          [63.60456, 53.23336],
          [63.60589, 53.23411],
          [63.60689, 53.2347],
          [63.60719, 53.23539],
          [63.60734, 53.23585],
          [63.60741, 53.23599],
          [63.6075, 53.2361],
          [63.60816, 53.23647],
          [63.60895, 53.2369],
          [63.60915, 53.23701]
        ]
      }
    },
    {
      "type": "Feature",
      "properties": { "district": "vokzal", "kind": "minor" },
      "geometry": {
        "type": "LineString",
        "coordinates": [
          [63.61377, 53.22614],
          [63.61387, 53.22621]
        ]
      }
    },
    {
      "type": "Feature",
      "properties": { "district": "vokzal", "kind": "minor" },
      "geometry": {
        "type": "LineString",
        "coordinates": [
          [63.61387, 53.22621],
          [63.61422, 53.22645],
          [63.615, 53.22703],
          [63.61567, 53.22752]
        ]
      }
    },
    {
      "type": "Feature",
      "properties": { "district": "center", "kind": "minor" },
      "geometry": {
        "type": "LineString",
        "coordinates": [
          [63.60955, 53.2102],
          [63.60965, 53.2102],
          [63.60973, 53.21019],
          [63.6099, 53.21016],
          [63.61001, 53.21014],
          [63.61005, 53.21015]
        ]
      }
    },
    {
      "type": "Feature",
      "properties": { "district": "center", "kind": "minor" },
      "geometry": {
        "type": "LineString",
        "coordinates": [
          [63.61005, 53.21015],
          [63.6103, 53.21016]
        ]
      }
    },
    {
      "type": "Feature",
      "properties": { "district": "kostanay-2", "kind": "minor" },
      "geometry": {
        "type": "LineString",
        "coordinates": [
          [63.59207, 53.22869],
          [63.59767, 53.23166],
          [63.59883, 53.23228],
          [63.60034, 53.23312],
          [63.60061, 53.23327],
          [63.60079, 53.23337]
        ]
      }
    },
    {
      "type": "Feature",
      "properties": { "district": "kostanay-2", "kind": "minor" },
      "geometry": {
        "type": "LineString",
        "coordinates": [
          [63.60054, 53.23354],
          [63.60035, 53.23343],
          [63.60008, 53.23328],
          [63.59447, 53.23022],
          [63.59184, 53.22884]
        ]
      }
    },
    {
      "type": "Feature",
      "properties": { "district": "kostanay-2", "kind": "minor" },
      "geometry": {
        "type": "LineString",
        "coordinates": [
          [63.60341, 53.23131],
          [63.60258, 53.23088],
          [63.60171, 53.23042],
          [63.60062, 53.22984],
          [63.59501, 53.22683]
        ]
      }
    },
    {
      "type": "Feature",
      "properties": { "district": "kzhbi", "kind": "minor" },
      "geometry": {
        "type": "LineString",
        "coordinates": [
          [63.61062, 53.17941],
          [63.61052, 53.1793],
          [63.61041, 53.17916]
        ]
      }
    },
    {
      "type": "Feature",
      "properties": { "district": "kzhbi", "kind": "minor" },
      "geometry": {
        "type": "LineString",
        "coordinates": [
          [63.61287, 53.18251],
          [63.61191, 53.18112],
          [63.61083, 53.17966],
          [63.61062, 53.17941]
        ]
      }
    },
    {
      "type": "Feature",
      "properties": { "district": "kzhbi", "kind": "minor" },
      "geometry": {
        "type": "LineString",
        "coordinates": [
          [63.61029, 53.17936],
          [63.60981, 53.17948],
          [63.6083, 53.17993],
          [63.60796, 53.18002],
          [63.60684, 53.1803],
          [63.60575, 53.18058],
          [63.60523, 53.18075],
          [63.60501, 53.18085],
          [63.60494, 53.18089],
          [63.60478, 53.18099],
          [63.60469, 53.18105]
        ]
      }
    },
    {
      "type": "Feature",
      "properties": { "district": "kzhbi", "kind": "minor" },
      "geometry": {
        "type": "LineString",
        "coordinates": [
          [63.61073, 53.17925],
          [63.61052, 53.1793],
          [63.61029, 53.17936]
        ]
      }
    },
    {
      "type": "Feature",
      "properties": { "district": "kostanay-2", "kind": "minor" },
      "geometry": {
        "type": "LineString",
        "coordinates": [
          [63.58924, 53.23521],
          [63.58902, 53.23558],
          [63.58898, 53.2356],
          [63.58863, 53.23579]
        ]
      }
    },
    {
      "type": "Feature",
      "properties": { "district": "kostanay-2", "kind": "minor" },
      "geometry": {
        "type": "LineString",
        "coordinates": [
          [63.58813, 53.23551],
          [63.58863, 53.23579],
          [63.58884, 53.23591],
          [63.58954, 53.23629]
        ]
      }
    },
    {
      "type": "Feature",
      "properties": { "district": "kostanay-2", "kind": "minor" },
      "geometry": {
        "type": "LineString",
        "coordinates": [
          [63.58813, 53.23551],
          [63.58813, 53.23544],
          [63.58898, 53.2356],
          [63.58927, 53.23567],
          [63.59023, 53.23587],
          [63.58954, 53.23629]
        ]
      }
    },
    {
      "type": "Feature",
      "properties": { "district": "kostanay-2", "kind": "minor" },
      "geometry": {
        "type": "LineString",
        "coordinates": [
          [63.60891, 53.2394],
          [63.60908, 53.23949]
        ]
      }
    },
    {
      "type": "Feature",
      "properties": { "district": "vokzal", "kind": "minor" },
      "geometry": {
        "type": "LineString",
        "coordinates": [
          [63.63222, 53.23512],
          [63.63241, 53.23484]
        ]
      }
    },
    {
      "type": "Feature",
      "properties": { "district": "vokzal", "kind": "minor" },
      "geometry": {
        "type": "LineString",
        "coordinates": [
          [63.63087, 53.23378],
          [63.63112, 53.23397],
          [63.63117, 53.23401]
        ]
      }
    },
    {
      "type": "Feature",
      "properties": { "district": "kostanay-2", "kind": "minor" },
      "geometry": {
        "type": "LineString",
        "coordinates": [
          [63.61165, 53.24012],
          [63.61178, 53.24018],
          [63.61206, 53.24034],
          [63.61223, 53.24043]
        ]
      }
    },
    {
      "type": "Feature",
      "properties": { "district": "kostanay-2", "kind": "minor" },
      "geometry": {
        "type": "LineString",
        "coordinates": [
          [63.60713, 53.23833],
          [63.60695, 53.23821],
          [63.60683, 53.23813],
          [63.6056, 53.23735],
          [63.60563, 53.23723],
          [63.60594, 53.23703],
          [63.60622, 53.23684],
          [63.60709, 53.23623],
          [63.60735, 53.23626],
          [63.60745, 53.23629],
          [63.6076, 53.23638],
          [63.60795, 53.2366],
          [63.6086, 53.23702],
          [63.6087, 53.23708],
          [63.60887, 53.23719]
        ]
      }
    },
    {
      "type": "Feature",
      "properties": { "district": "kzhbi", "kind": "minor" },
      "geometry": {
        "type": "LineString",
        "coordinates": [
          [63.5988, 53.17347],
          [63.59895, 53.17343],
          [63.59906, 53.1734]
        ]
      }
    },
    {
      "type": "Feature",
      "properties": { "district": "kzhbi", "kind": "major" },
      "geometry": {
        "type": "LineString",
        "coordinates": [
          [63.60204, 53.17763],
          [63.6, 53.17486],
          [63.59993, 53.17476],
          [63.59975, 53.17451],
          [63.59903, 53.17355],
          [63.59895, 53.17343]
        ]
      }
    },
    {
      "type": "Feature",
      "properties": { "district": "kzhbi", "kind": "major" },
      "geometry": {
        "type": "LineString",
        "coordinates": [
          [63.59889, 53.17335],
          [63.59822, 53.17245],
          [63.59746, 53.17141]
        ]
      }
    },
    {
      "type": "Feature",
      "properties": { "district": "kzhbi", "kind": "major" },
      "geometry": {
        "type": "LineString",
        "coordinates": [
          [63.59895, 53.17343],
          [63.59889, 53.17335]
        ]
      }
    },
    {
      "type": "Feature",
      "properties": { "district": "kzhbi", "kind": "minor" },
      "geometry": {
        "type": "LineString",
        "coordinates": [
          [63.59681, 53.174],
          [63.5971, 53.17392]
        ]
      }
    },
    {
      "type": "Feature",
      "properties": { "district": "kzhbi", "kind": "minor" },
      "geometry": {
        "type": "LineString",
        "coordinates": [
          [63.5971, 53.17392],
          [63.59832, 53.1736],
          [63.5988, 53.17347]
        ]
      }
    },
    {
      "type": "Feature",
      "properties": { "district": "kzhbi", "kind": "major" },
      "geometry": {
        "type": "LineString",
        "coordinates": [
          [63.599, 53.17332],
          [63.59906, 53.1734],
          [63.59914, 53.17351],
          [63.59918, 53.17357],
          [63.59986, 53.17448]
        ]
      }
    },
    {
      "type": "Feature",
      "properties": { "district": "kzhbi", "kind": "major" },
      "geometry": {
        "type": "LineString",
        "coordinates": [
          [63.59757, 53.17139],
          [63.59833, 53.17241],
          [63.599, 53.17332]
        ]
      }
    },
    {
      "type": "Feature",
      "properties": { "district": "kostanay-2", "kind": "minor" },
      "geometry": {
        "type": "LineString",
        "coordinates": [
          [63.61836, 53.23833],
          [63.61873, 53.23868],
          [63.61977, 53.23968],
          [63.62057, 53.24045],
          [63.62078, 53.24066],
          [63.62086, 53.24073],
          [63.62094, 53.2408],
          [63.62121, 53.24107],
          [63.62191, 53.24177]
        ]
      }
    },
    {
      "type": "Feature",
      "properties": { "district": "kostanay-2", "kind": "minor" },
      "geometry": {
        "type": "LineString",
        "coordinates": [
          [63.6177, 53.23781],
          [63.61788, 53.23793],
          [63.61836, 53.23833]
        ]
      }
    },
    {
      "type": "Feature",
      "properties": { "district": null, "kind": "minor" },
      "geometry": {
        "type": "LineString",
        "coordinates": [
          [63.70555, 53.21865],
          [63.70708, 53.21996]
        ]
      }
    },
    {
      "type": "Feature",
      "properties": { "district": null, "kind": "minor" },
      "geometry": {
        "type": "LineString",
        "coordinates": [
          [63.70402, 53.21495],
          [63.7047, 53.21455],
          [63.70484, 53.21449],
          [63.70497, 53.21449]
        ]
      }
    },
    {
      "type": "Feature",
      "properties": { "district": "kostanay-2", "kind": "minor" },
      "geometry": {
        "type": "LineString",
        "coordinates": [
          [63.60589, 53.23411],
          [63.6057, 53.23422]
        ]
      }
    },
    {
      "type": "Feature",
      "properties": { "district": null, "kind": "major" },
      "geometry": {
        "type": "LineString",
        "coordinates": [
          [63.56805, 53.27849],
          [63.568, 53.27857]
        ]
      }
    },
    {
      "type": "Feature",
      "properties": { "district": null, "kind": "major" },
      "geometry": {
        "type": "LineString",
        "coordinates": [
          [63.56481, 53.28191],
          [63.56485, 53.28183],
          [63.5659, 53.28068],
          [63.56794, 53.27854],
          [63.56805, 53.27849]
        ]
      }
    },
    {
      "type": "Feature",
      "properties": { "district": null, "kind": "major" },
      "geometry": {
        "type": "LineString",
        "coordinates": [
          [63.56481, 53.28191],
          [63.56355, 53.28326]
        ]
      }
    },
    {
      "type": "Feature",
      "properties": { "district": null, "kind": "major" },
      "geometry": {
        "type": "LineString",
        "coordinates": [
          [63.568, 53.27857],
          [63.56691, 53.27974]
        ]
      }
    },
    {
      "type": "Feature",
      "properties": { "district": "ksk", "kind": "major" },
      "geometry": {
        "type": "LineString",
        "coordinates": [
          [63.67299, 53.23297],
          [63.6726, 53.23269],
          [63.67219, 53.23239]
        ]
      }
    },
    {
      "type": "Feature",
      "properties": { "district": "ksk", "kind": "major" },
      "geometry": {
        "type": "LineString",
        "coordinates": [
          [63.68092, 53.22964],
          [63.67932, 53.23032],
          [63.67868, 53.23056],
          [63.67814, 53.23073],
          [63.67768, 53.23083],
          [63.67729, 53.23091],
          [63.67687, 53.23097]
        ]
      }
    },
    {
      "type": "Feature",
      "properties": { "district": "perevalovka", "kind": "major" },
      "geometry": {
        "type": "LineString",
        "coordinates": [
          [63.67687, 53.23097],
          [63.67638, 53.23103],
          [63.67559, 53.23111]
        ]
      }
    },
    {
      "type": "Feature",
      "properties": { "district": "ksk", "kind": "major" },
      "geometry": {
        "type": "LineString",
        "coordinates": [
          [63.67559, 53.23111],
          [63.67485, 53.2312],
          [63.67455, 53.23125]
        ]
      }
    },
    {
      "type": "Feature",
      "properties": { "district": "ksk", "kind": "major" },
      "geometry": {
        "type": "LineString",
        "coordinates": [
          [63.68198, 53.22925],
          [63.68092, 53.22964]
        ]
      }
    },
    {
      "type": "Feature",
      "properties": { "district": "center", "kind": "minor" },
      "geometry": {
        "type": "LineString",
        "coordinates": [
          [63.65598, 53.21799],
          [63.65757, 53.21724]
        ]
      }
    },
    {
      "type": "Feature",
      "properties": { "district": null, "kind": "major" },
      "geometry": {
        "type": "LineString",
        "coordinates": [
          [63.58084, 53.26501],
          [63.582, 53.2642],
          [63.58277, 53.26378]
        ]
      }
    },
    {
      "type": "Feature",
      "properties": { "district": "narimanovka", "kind": "minor" },
      "geometry": {
        "type": "LineString",
        "coordinates": [
          [63.62438, 53.20327],
          [63.62506, 53.20375]
        ]
      }
    },
    {
      "type": "Feature",
      "properties": { "district": null, "kind": "minor" },
      "geometry": {
        "type": "LineString",
        "coordinates": [
          [63.62717, 53.15764],
          [63.62701, 53.15663],
          [63.62719, 53.1566],
          [63.62737, 53.1566],
          [63.62754, 53.15665],
          [63.6278, 53.15683]
        ]
      }
    },
    {
      "type": "Feature",
      "properties": { "district": null, "kind": "minor" },
      "geometry": {
        "type": "LineString",
        "coordinates": [
          [63.62697, 53.15769],
          [63.62717, 53.15764],
          [63.6278, 53.15761],
          [63.6279, 53.1576],
          [63.62793, 53.15754],
          [63.6278, 53.15683],
          [63.62776, 53.15655]
        ]
      }
    },
    {
      "type": "Feature",
      "properties": { "district": null, "kind": "minor" },
      "geometry": {
        "type": "LineString",
        "coordinates": [
          [63.6264, 53.15776],
          [63.62624, 53.15752],
          [63.62619, 53.15732],
          [63.62603, 53.15668]
        ]
      }
    },
    {
      "type": "Feature",
      "properties": { "district": null, "kind": "minor" },
      "geometry": {
        "type": "LineString",
        "coordinates": [
          [63.67129, 53.17862],
          [63.67192, 53.17809],
          [63.67231, 53.17779]
        ]
      }
    },
    {
      "type": "Feature",
      "properties": { "district": null, "kind": "minor" },
      "geometry": {
        "type": "LineString",
        "coordinates": [
          [63.68397, 53.19149],
          [63.68368, 53.19064]
        ]
      }
    },
    {
      "type": "Feature",
      "properties": { "district": "kostanay-2", "kind": "minor" },
      "geometry": {
        "type": "LineString",
        "coordinates": [
          [63.57226, 53.23379],
          [63.57322, 53.23433]
        ]
      }
    },
    {
      "type": "Feature",
      "properties": { "district": "kostanay-2", "kind": "minor" },
      "geometry": {
        "type": "LineString",
        "coordinates": [
          [63.57309, 53.23325],
          [63.57405, 53.23378]
        ]
      }
    },
    {
      "type": "Feature",
      "properties": { "district": "kostanay-2", "kind": "minor" },
      "geometry": {
        "type": "LineString",
        "coordinates": [
          [63.57475, 53.23221],
          [63.57569, 53.23271]
        ]
      }
    },
    {
      "type": "Feature",
      "properties": { "district": "kostanay-2", "kind": "minor" },
      "geometry": {
        "type": "LineString",
        "coordinates": [
          [63.57246, 53.23482],
          [63.57165, 53.23433],
          [63.57165, 53.23422],
          [63.57226, 53.23379],
          [63.57309, 53.23325],
          [63.57475, 53.23221],
          [63.57586, 53.23152]
        ]
      }
    },
    {
      "type": "Feature",
      "properties": { "district": null, "kind": "minor" },
      "geometry": {
        "type": "LineString",
        "coordinates": [
          [63.57665, 53.13019],
          [63.57674, 53.13016],
          [63.57684, 53.13014],
          [63.5769, 53.13014],
          [63.57696, 53.13014],
          [63.57704, 53.13016],
          [63.57709, 53.13016],
          [63.57718, 53.13017],
          [63.57729, 53.13014],
          [63.57733, 53.1301],
          [63.57735, 53.12999],
          [63.57735, 53.12991],
          [63.57734, 53.12978],
          [63.5773, 53.12969],
          [63.57725, 53.12948],
          [63.57717, 53.12927],
          [63.57714, 53.12916],
          [63.57711, 53.12903],
          [63.57708, 53.129],
          [63.57704, 53.12898],
          [63.57699, 53.12897],
          [63.57694, 53.12898],
          [63.57675, 53.12904]
        ]
      }
    },
    {
      "type": "Feature",
      "properties": { "district": "ksk", "kind": "minor" },
      "geometry": {
        "type": "LineString",
        "coordinates": [
          [63.69037, 53.2415],
          [63.68924, 53.24204]
        ]
      }
    },
    {
      "type": "Feature",
      "properties": { "district": null, "kind": "minor" },
      "geometry": {
        "type": "LineString",
        "coordinates": [
          [63.68689, 53.20835],
          [63.68786, 53.20828],
          [63.68806, 53.20827]
        ]
      }
    },
    {
      "type": "Feature",
      "properties": { "district": "zelenstroy", "kind": "minor" },
      "geometry": {
        "type": "LineString",
        "coordinates": [
          [63.70004, 53.26832],
          [63.70054, 53.26903],
          [63.70084, 53.2694]
        ]
      }
    },
    {
      "type": "Feature",
      "properties": { "district": "amangeldy", "kind": "minor" },
      "geometry": {
        "type": "LineString",
        "coordinates": [
          [63.57925, 53.14149],
          [63.57887, 53.14148],
          [63.57763, 53.14215]
        ]
      }
    },
    {
      "type": "Feature",
      "properties": { "district": "amangeldy", "kind": "minor" },
      "geometry": {
        "type": "LineString",
        "coordinates": [
          [63.57763, 53.14215],
          [63.57755, 53.1422]
        ]
      }
    },
    {
      "type": "Feature",
      "properties": { "district": "amangeldy", "kind": "minor" },
      "geometry": {
        "type": "LineString",
        "coordinates": [
          [63.58124, 53.14075],
          [63.58016, 53.1413],
          [63.57925, 53.14149]
        ]
      }
    },
    {
      "type": "Feature",
      "properties": { "district": "amangeldy", "kind": "minor" },
      "geometry": {
        "type": "LineString",
        "coordinates": [
          [63.58008, 53.13995],
          [63.58124, 53.14075],
          [63.58164, 53.14053]
        ]
      }
    },
    {
      "type": "Feature",
      "properties": { "district": "kostanay-2", "kind": "minor" },
      "geometry": {
        "type": "LineString",
        "coordinates": [
          [63.59438, 53.23288],
          [63.59474, 53.23268],
          [63.595, 53.23249],
          [63.59502, 53.2324],
          [63.59484, 53.23228],
          [63.59442, 53.23207],
          [63.59406, 53.2319]
        ]
      }
    },
    {
      "type": "Feature",
      "properties": { "district": "kostanay-2", "kind": "minor" },
      "geometry": {
        "type": "LineString",
        "coordinates": [
          [63.60622, 53.23684],
          [63.60582, 53.23662]
        ]
      }
    },
    {
      "type": "Feature",
      "properties": { "district": "kostanay-2", "kind": "minor" },
      "geometry": {
        "type": "LineString",
        "coordinates": [
          [63.60582, 53.23662],
          [63.60547, 53.23642],
          [63.60594, 53.23602],
          [63.60617, 53.23591],
          [63.60625, 53.2359],
          [63.60648, 53.23599],
          [63.6066, 53.23609],
          [63.60646, 53.23619],
          [63.60582, 53.23662]
        ]
      }
    },
    {
      "type": "Feature",
      "properties": { "district": "kostanay-2", "kind": "minor" },
      "geometry": {
        "type": "LineString",
        "coordinates": [
          [63.60594, 53.23703],
          [63.60542, 53.23678],
          [63.60513, 53.23658],
          [63.60486, 53.23637],
          [63.60516, 53.23612],
          [63.60578, 53.2357],
          [63.6061, 53.23549],
          [63.60631, 53.23547],
          [63.60682, 53.23579],
          [63.6072, 53.23607]
        ]
      }
    },
    {
      "type": "Feature",
      "properties": { "district": "kostanay-2", "kind": "minor" },
      "geometry": {
        "type": "LineString",
        "coordinates": [
          [63.60696, 53.23843],
          [63.60678, 53.23833],
          [63.60642, 53.23814],
          [63.60581, 53.23781],
          [63.60526, 53.23752],
          [63.60518, 53.23748],
          [63.60486, 53.23731],
          [63.6044, 53.23705],
          [63.60395, 53.23678]
        ]
      }
    },
    {
      "type": "Feature",
      "properties": { "district": "kostanay-2", "kind": "minor" },
      "geometry": {
        "type": "LineString",
        "coordinates": [
          [63.60741, 53.23599],
          [63.6072, 53.23607],
          [63.60709, 53.23623]
        ]
      }
    },
    {
      "type": "Feature",
      "properties": { "district": "kostanay-2", "kind": "minor" },
      "geometry": {
        "type": "LineString",
        "coordinates": [
          [63.59935, 53.23021],
          [63.60021, 53.23065]
        ]
      }
    },
    {
      "type": "Feature",
      "properties": { "district": "kostanay-2", "kind": "minor" },
      "geometry": {
        "type": "LineString",
        "coordinates": [
          [63.60261, 53.23109],
          [63.60285, 53.23117],
          [63.60307, 53.23132],
          [63.6031, 53.23139],
          [63.60266, 53.23166],
          [63.60219, 53.23195],
          [63.60152, 53.23241]
        ]
      }
    },
    {
      "type": "Feature",
      "properties": { "district": "kostanay-2", "kind": "minor" },
      "geometry": {
        "type": "LineString",
        "coordinates": [
          [63.60034, 53.23312],
          [63.60149, 53.23239]
        ]
      }
    },
    {
      "type": "Feature",
      "properties": { "district": "kostanay-2", "kind": "minor" },
      "geometry": {
        "type": "LineString",
        "coordinates": [
          [63.60074, 53.23238],
          [63.60034, 53.23217]
        ]
      }
    },
    {
      "type": "Feature",
      "properties": { "district": "kostanay-2", "kind": "minor" },
      "geometry": {
        "type": "LineString",
        "coordinates": [
          [63.6009, 53.23227],
          [63.60054, 53.23207]
        ]
      }
    },
    {
      "type": "Feature",
      "properties": { "district": "kostanay-2", "kind": "minor" },
      "geometry": {
        "type": "LineString",
        "coordinates": [
          [63.60189, 53.23264],
          [63.60175, 53.23255],
          [63.60152, 53.23241],
          [63.60149, 53.23239],
          [63.60107, 53.23215],
          [63.60067, 53.23192]
        ]
      }
    },
    {
      "type": "Feature",
      "properties": { "district": "kostanay-2", "kind": "minor" },
      "geometry": {
        "type": "LineString",
        "coordinates": [
          [63.59967, 53.23221],
          [63.59981, 53.23212],
          [63.60048, 53.23169],
          [63.6006, 53.23167],
          [63.60125, 53.23204]
        ]
      }
    },
    {
      "type": "Feature",
      "properties": { "district": "kostanay-2", "kind": "minor" },
      "geometry": {
        "type": "LineString",
        "coordinates": [
          [63.60207, 53.2315],
          [63.6017, 53.23174],
          [63.6016, 53.23181],
          [63.60125, 53.23204],
          [63.60107, 53.23215],
          [63.6009, 53.23227],
          [63.60074, 53.23238],
          [63.6004, 53.2326],
          [63.59967, 53.23221],
          [63.59926, 53.23199]
        ]
      }
    },
    {
      "type": "Feature",
      "properties": { "district": "kostanay-2", "kind": "minor" },
      "geometry": {
        "type": "LineString",
        "coordinates": [
          [63.60243, 53.23123],
          [63.60207, 53.2315]
        ]
      }
    },
    {
      "type": "Feature",
      "properties": { "district": "kostanay-2", "kind": "minor" },
      "geometry": {
        "type": "LineString",
        "coordinates": [
          [63.60179, 53.23135],
          [63.60158, 53.23149],
          [63.60147, 53.23161],
          [63.60166, 53.23172],
          [63.6017, 53.23174]
        ]
      }
    },
    {
      "type": "Feature",
      "properties": { "district": "kostanay-2", "kind": "minor" },
      "geometry": {
        "type": "LineString",
        "coordinates": [
          [63.60245, 53.23096],
          [63.60261, 53.23109],
          [63.60243, 53.23123],
          [63.60232, 53.23122],
          [63.60219, 53.23113]
        ]
      }
    },
    {
      "type": "Feature",
      "properties": { "district": "kostanay-2", "kind": "minor" },
      "geometry": {
        "type": "LineString",
        "coordinates": [
          [63.60191, 53.23099],
          [63.60178, 53.23091]
        ]
      }
    },
    {
      "type": "Feature",
      "properties": { "district": "kostanay-2", "kind": "minor" },
      "geometry": {
        "type": "LineString",
        "coordinates": [
          [63.60204, 53.23073],
          [63.60178, 53.23091],
          [63.60147, 53.23112],
          [63.60142, 53.23116],
          [63.60179, 53.23135],
          [63.60207, 53.2315]
        ]
      }
    },
    {
      "type": "Feature",
      "properties": { "district": "kostanay-2", "kind": "minor" },
      "geometry": {
        "type": "LineString",
        "coordinates": [
          [63.60157, 53.23051],
          [63.60204, 53.23073],
          [63.60215, 53.23078],
          [63.60216, 53.23084],
          [63.60194, 53.23096],
          [63.60191, 53.23099],
          [63.60219, 53.23113],
          [63.60245, 53.23096],
          [63.60258, 53.23088]
        ]
      }
    },
    {
      "type": "Feature",
      "properties": { "district": "kostanay-2", "kind": "minor" },
      "geometry": {
        "type": "LineString",
        "coordinates": [
          [63.59999, 53.2308],
          [63.60045, 53.23106],
          [63.60058, 53.23113],
          [63.60072, 53.23109],
          [63.60157, 53.23051],
          [63.60171, 53.23042]
        ]
      }
    },
    {
      "type": "Feature",
      "properties": { "district": "kostanay-2", "kind": "minor" },
      "geometry": {
        "type": "LineString",
        "coordinates": [
          [63.60011, 53.23143],
          [63.60037, 53.23127]
        ]
      }
    },
    {
      "type": "Feature",
      "properties": { "district": "kostanay-2", "kind": "minor" },
      "geometry": {
        "type": "LineString",
        "coordinates": [
          [63.59832, 53.2315],
          [63.59886, 53.23114]
        ]
      }
    },
    {
      "type": "Feature",
      "properties": { "district": "kostanay-2", "kind": "minor" },
      "geometry": {
        "type": "LineString",
        "coordinates": [
          [63.5986, 53.23103],
          [63.59886, 53.23114],
          [63.59905, 53.2312],
          [63.59923, 53.2311],
          [63.59933, 53.23103],
          [63.59945, 53.23103],
          [63.5996, 53.2311],
          [63.59976, 53.23123]
        ]
      }
    },
    {
      "type": "Feature",
      "properties": { "district": "kostanay-2", "kind": "minor" },
      "geometry": {
        "type": "LineString",
        "coordinates": [
          [63.59809, 53.23138],
          [63.59832, 53.2315],
          [63.5985, 53.23161],
          [63.5987, 53.23169],
          [63.59883, 53.23173],
          [63.5993, 53.23145],
          [63.59963, 53.23128],
          [63.59976, 53.23123],
          [63.59997, 53.2313],
          [63.60001, 53.23134],
          [63.60011, 53.23143],
          [63.59993, 53.23155],
          [63.59941, 53.2319],
          [63.59926, 53.23199],
          [63.59883, 53.23228]
        ]
      }
    },
    {
      "type": "Feature",
      "properties": { "district": "kostanay-2", "kind": "minor" },
      "geometry": {
        "type": "LineString",
        "coordinates": [
          [63.59939, 53.2305],
          [63.5986, 53.23103],
          [63.59809, 53.23138],
          [63.59767, 53.23166]
        ]
      }
    },
    {
      "type": "Feature",
      "properties": { "district": "kostanay-2", "kind": "minor" },
      "geometry": {
        "type": "LineString",
        "coordinates": [
          [63.6002, 53.23014],
          [63.60055, 53.23033],
          [63.60061, 53.23037],
          [63.60025, 53.23063],
          [63.60021, 53.23065],
          [63.59999, 53.2308],
          [63.59939, 53.2305],
          [63.59924, 53.2304],
          [63.5992, 53.23035],
          [63.59921, 53.23031],
          [63.59935, 53.23021],
          [63.59942, 53.23016],
          [63.59959, 53.23005],
          [63.59972, 53.22997],
          [63.59981, 53.22995],
          [63.6002, 53.23014]
        ]
      }
    },
    {
      "type": "Feature",
      "properties": { "district": "kostanay-2", "kind": "minor" },
      "geometry": {
        "type": "LineString",
        "coordinates": [
          [63.59382, 53.23068],
          [63.59361, 53.2306],
          [63.59349, 53.23052],
          [63.5933, 53.23045],
          [63.59304, 53.23044],
          [63.59243, 53.23043],
          [63.59186, 53.23037],
          [63.5916, 53.23025],
          [63.59029, 53.22956]
        ]
      }
    },
    {
      "type": "Feature",
      "properties": { "district": "kostanay-2", "kind": "minor" },
      "geometry": {
        "type": "LineString",
        "coordinates": [
          [63.59246, 53.23178],
          [63.59298, 53.2314],
          [63.5934, 53.23116],
          [63.59357, 53.23097],
          [63.59382, 53.23068],
          [63.59447, 53.23022]
        ]
      }
    },
    {
      "type": "Feature",
      "properties": { "district": "kostanay-2", "kind": "minor" },
      "geometry": {
        "type": "LineString",
        "coordinates": [
          [63.59089, 53.23091],
          [63.59132, 53.23065],
          [63.5914, 53.23054],
          [63.5914, 53.23043],
          [63.59135, 53.23032],
          [63.59096, 53.23008],
          [63.59011, 53.22967]
        ]
      }
    },
    {
      "type": "Feature",
      "properties": { "district": "kostanay-2", "kind": "minor" },
      "geometry": {
        "type": "LineString",
        "coordinates": [
          [63.59784, 53.23478],
          [63.5983, 53.23453],
          [63.59857, 53.23437],
          [63.59887, 53.2341],
          [63.59907, 53.23386],
          [63.59894, 53.23353]
        ]
      }
    },
    {
      "type": "Feature",
      "properties": { "district": "kostanay-2", "kind": "minor" },
      "geometry": {
        "type": "LineString",
        "coordinates": [
          [63.58942, 53.23013],
          [63.5897, 53.23027],
          [63.59089, 53.23091],
          [63.59151, 53.23124],
          [63.59246, 53.23178],
          [63.59416, 53.23276],
          [63.59438, 53.23288],
          [63.59784, 53.23478],
          [63.59801, 53.23487],
          [63.59811, 53.23492],
          [63.5983, 53.23503]
        ]
      }
    },
    {
      "type": "Feature",
      "properties": { "district": "kzhbi", "kind": "major" },
      "geometry": {
        "type": "LineString",
        "coordinates": [
          [63.61507, 53.18193],
          [63.61487, 53.18199],
          [63.61454, 53.18207],
          [63.61397, 53.18222],
          [63.61287, 53.18251]
        ]
      }
    },
    {
      "type": "Feature",
      "properties": { "district": "kostanay-2", "kind": "minor" },
      "geometry": {
        "type": "LineString",
        "coordinates": [
          [63.61121, 53.23566],
          [63.61089, 53.23587],
          [63.6094, 53.23684],
          [63.60915, 53.23701]
        ]
      }
    },
    {
      "type": "Feature",
      "properties": { "district": "kostanay-2", "kind": "minor" },
      "geometry": {
        "type": "LineString",
        "coordinates": [
          [63.61253, 53.23482],
          [63.61209, 53.2351],
          [63.61121, 53.23566]
        ]
      }
    },
    {
      "type": "Feature",
      "properties": { "district": "kostanay-2", "kind": "minor" },
      "geometry": {
        "type": "LineString",
        "coordinates": [
          [63.61313, 53.23441],
          [63.61253, 53.23482]
        ]
      }
    },
    {
      "type": "Feature",
      "properties": { "district": "perevalovka", "kind": "minor" },
      "geometry": {
        "type": "LineString",
        "coordinates": [
          [63.66223, 53.23241],
          [63.66177, 53.23275],
          [63.66174, 53.23277],
          [63.66149, 53.23296]
        ]
      }
    },
    {
      "type": "Feature",
      "properties": { "district": "kostanay-2", "kind": "minor" },
      "geometry": {
        "type": "LineString",
        "coordinates": [
          [63.60795, 53.2366],
          [63.60816, 53.23647]
        ]
      }
    },
    {
      "type": "Feature",
      "properties": { "district": "center", "kind": "minor" },
      "geometry": {
        "type": "LineString",
        "coordinates": [
          [63.64426, 53.21754],
          [63.64408, 53.21763]
        ]
      }
    },
    {
      "type": "Feature",
      "properties": { "district": "center", "kind": "minor" },
      "geometry": {
        "type": "LineString",
        "coordinates": [
          [63.64408, 53.21763],
          [63.64269, 53.21833],
          [63.64246, 53.21845]
        ]
      }
    },
    {
      "type": "Feature",
      "properties": { "district": "center", "kind": "minor" },
      "geometry": {
        "type": "LineString",
        "coordinates": [
          [63.64426, 53.21754],
          [63.64411, 53.21743]
        ]
      }
    },
    {
      "type": "Feature",
      "properties": { "district": "center", "kind": "minor" },
      "geometry": {
        "type": "LineString",
        "coordinates": [
          [63.64526, 53.21824],
          [63.64426, 53.21754]
        ]
      }
    },
    {
      "type": "Feature",
      "properties": { "district": "center", "kind": "minor" },
      "geometry": {
        "type": "LineString",
        "coordinates": [
          [63.6422, 53.214],
          [63.64039, 53.21493]
        ]
      }
    },
    {
      "type": "Feature",
      "properties": { "district": "center", "kind": "minor" },
      "geometry": {
        "type": "LineString",
        "coordinates": [
          [63.63848, 53.21571],
          [63.64009, 53.21486],
          [63.64024, 53.21478],
          [63.64197, 53.21389],
          [63.64206, 53.21384]
        ]
      }
    },
    {
      "type": "Feature",
      "properties": { "district": "center", "kind": "minor" },
      "geometry": {
        "type": "LineString",
        "coordinates": [
          [63.64039, 53.21493],
          [63.64024, 53.21478],
          [63.64015, 53.21472]
        ]
      }
    },
    {
      "type": "Feature",
      "properties": { "district": "center", "kind": "minor" },
      "geometry": {
        "type": "LineString",
        "coordinates": [
          [63.64417, 53.21535],
          [63.64396, 53.21546]
        ]
      }
    },
    {
      "type": "Feature",
      "properties": { "district": "center", "kind": "minor" },
      "geometry": {
        "type": "LineString",
        "coordinates": [
          [63.64248, 53.21621],
          [63.64236, 53.21627],
          [63.6422, 53.21635]
        ]
      }
    },
    {
      "type": "Feature",
      "properties": { "district": "center", "kind": "minor" },
      "geometry": {
        "type": "LineString",
        "coordinates": [
          [63.6422, 53.21635],
          [63.64079, 53.21706],
          [63.64071, 53.2171],
          [63.6405, 53.21711]
        ]
      }
    },
    {
      "type": "Feature",
      "properties": { "district": "center", "kind": "minor" },
      "geometry": {
        "type": "LineString",
        "coordinates": [
          [63.64227, 53.21606],
          [63.64297, 53.21573]
        ]
      }
    },
    {
      "type": "Feature",
      "properties": { "district": "center", "kind": "minor" },
      "geometry": {
        "type": "LineString",
        "coordinates": [
          [63.64214, 53.21612],
          [63.64227, 53.21606]
        ]
      }
    },
    {
      "type": "Feature",
      "properties": { "district": "center", "kind": "minor" },
      "geometry": {
        "type": "LineString",
        "coordinates": [
          [63.6414, 53.21651],
          [63.642, 53.2162],
          [63.64214, 53.21612]
        ]
      }
    },
    {
      "type": "Feature",
      "properties": { "district": "narimanovka", "kind": "major" },
      "geometry": {
        "type": "LineString",
        "coordinates": [
          [63.61768, 53.19016],
          [63.61766, 53.19003],
          [63.61765, 53.18996],
          [63.6175, 53.18926],
          [63.61739, 53.18881],
          [63.61716, 53.18838],
          [63.61709, 53.18826],
          [63.617, 53.1881]
        ]
      }
    },
    {
      "type": "Feature",
      "properties": { "district": "narimanovka", "kind": "major" },
      "geometry": {
        "type": "LineString",
        "coordinates": [
          [63.617, 53.1881],
          [63.61661, 53.18758],
          [63.61588, 53.18662]
        ]
      }
    },
    {
      "type": "Feature",
      "properties": { "district": "kzhbi", "kind": "major" },
      "geometry": {
        "type": "LineString",
        "coordinates": [
          [63.61588, 53.18662],
          [63.61549, 53.18612]
        ]
      }
    },
    {
      "type": "Feature",
      "properties": { "district": "narimanovka", "kind": "major" },
      "geometry": {
        "type": "LineString",
        "coordinates": [
          [63.61549, 53.18612],
          [63.61527, 53.18581],
          [63.61477, 53.18513],
          [63.61451, 53.18477]
        ]
      }
    },
    {
      "type": "Feature",
      "properties": { "district": "kzhbi", "kind": "major" },
      "geometry": {
        "type": "LineString",
        "coordinates": [
          [63.59746, 53.17141],
          [63.59708, 53.17089],
          [63.59672, 53.17042]
        ]
      }
    },
    {
      "type": "Feature",
      "properties": { "district": "kzhbi", "kind": "major" },
      "geometry": {
        "type": "LineString",
        "coordinates": [
          [63.58991, 53.17106],
          [63.58979, 53.17118],
          [63.58911, 53.17181]
        ]
      }
    },
    {
      "type": "Feature",
      "properties": { "district": "kzhbi", "kind": "major" },
      "geometry": {
        "type": "LineString",
        "coordinates": [
          [63.59281, 53.16934],
          [63.59269, 53.16939],
          [63.59181, 53.16976],
          [63.59127, 53.17008],
          [63.59091, 53.17028],
          [63.59052, 53.17056],
          [63.59004, 53.17094],
          [63.58991, 53.17106]
        ]
      }
    },
    {
      "type": "Feature",
      "properties": { "district": "kzhbi", "kind": "minor" },
      "geometry": {
        "type": "LineString",
        "coordinates": [
          [63.59209, 53.17273],
          [63.59175, 53.17229],
          [63.59137, 53.17191]
        ]
      }
    },
    {
      "type": "Feature",
      "properties": { "district": "kzhbi", "kind": "major" },
      "geometry": {
        "type": "LineString",
        "coordinates": [
          [63.58911, 53.17181],
          [63.5889, 53.172]
        ]
      }
    },
    {
      "type": "Feature",
      "properties": { "district": "kostanay-2", "kind": "major" },
      "geometry": {
        "type": "LineString",
        "coordinates": [
          [63.61206, 53.24034],
          [63.61571, 53.23807],
          [63.6164, 53.23764]
        ]
      }
    },
    {
      "type": "Feature",
      "properties": { "district": "narimanovka", "kind": "minor" },
      "geometry": {
        "type": "LineString",
        "coordinates": [
          [63.64192, 53.20743],
          [63.6429, 53.20692]
        ]
      }
    },
    {
      "type": "Feature",
      "properties": { "district": "kzhbi", "kind": "minor" },
      "geometry": {
        "type": "LineString",
        "coordinates": [
          [63.58764, 53.17912],
          [63.58634, 53.17889],
          [63.58619, 53.17886],
          [63.58605, 53.17885],
          [63.58506, 53.17877]
        ]
      }
    },
    {
      "type": "Feature",
      "properties": { "district": "ksk", "kind": "major" },
      "geometry": {
        "type": "LineString",
        "coordinates": [
          [63.69107, 53.24626],
          [63.69053, 53.24587],
          [63.68957, 53.24516],
          [63.68944, 53.24507],
          [63.68806, 53.24406],
          [63.6877, 53.2438],
          [63.68726, 53.24347],
          [63.68644, 53.24287],
          [63.68588, 53.24247],
          [63.68485, 53.2417],
          [63.68435, 53.24133],
          [63.68407, 53.24113],
          [63.684, 53.24108],
          [63.68366, 53.24083]
        ]
      }
    },
    {
      "type": "Feature",
      "properties": { "district": "center", "kind": "major" },
      "geometry": {
        "type": "LineString",
        "coordinates": [
          [63.62604, 53.21985],
          [63.62728, 53.21917],
          [63.62786, 53.21889],
          [63.6292, 53.21818],
          [63.62929, 53.21813],
          [63.62951, 53.21802],
          [63.62956, 53.21799],
          [63.63044, 53.21756],
          [63.631, 53.21728],
          [63.63121, 53.21717],
          [63.63135, 53.2171],
          [63.63176, 53.21688],
          [63.63247, 53.21651],
          [63.6328, 53.21634],
          [63.63315, 53.21616],
          [63.6341, 53.21568],
          [63.63443, 53.21551],
          [63.63453, 53.21546],
          [63.63458, 53.21544],
          [63.63467, 53.21539],
          [63.63476, 53.21535],
          [63.63482, 53.21532],
          [63.63644, 53.21449],
          [63.63662, 53.2144],
          [63.63682, 53.2143],
          [63.63811, 53.21362],
          [63.63819, 53.21357],
          [63.63837, 53.21348]
        ]
      }
    },
    {
      "type": "Feature",
      "properties": { "district": "center", "kind": "major" },
      "geometry": {
        "type": "LineString",
        "coordinates": [
          [63.6257, 53.22],
          [63.62587, 53.21993],
          [63.62604, 53.21985]
        ]
      }
    },
    {
      "type": "Feature",
      "properties": { "district": "center", "kind": "minor" },
      "geometry": {
        "type": "LineString",
        "coordinates": [
          [63.62587, 53.21993],
          [63.62575, 53.21984]
        ]
      }
    },
    {
      "type": "Feature",
      "properties": { "district": "kostanay-2", "kind": "minor" },
      "geometry": {
        "type": "LineString",
        "coordinates": [
          [63.59941, 53.2319],
          [63.59981, 53.23212]
        ]
      }
    },
    {
      "type": "Feature",
      "properties": { "district": "kostanay-2", "kind": "minor" },
      "geometry": {
        "type": "LineString",
        "coordinates": [
          [63.60346, 53.23164],
          [63.60189, 53.23264]
        ]
      }
    },
    {
      "type": "Feature",
      "properties": { "district": "kostanay-2", "kind": "minor" },
      "geometry": {
        "type": "LineString",
        "coordinates": [
          [63.60008, 53.23328],
          [63.60034, 53.23312]
        ]
      }
    },
    {
      "type": "Feature",
      "properties": { "district": "kostanay-2", "kind": "minor" },
      "geometry": {
        "type": "LineString",
        "coordinates": [
          [63.59992, 53.23723],
          [63.60099, 53.23783]
        ]
      }
    },
    {
      "type": "Feature",
      "properties": { "district": "kostanay-2", "kind": "minor" },
      "geometry": {
        "type": "LineString",
        "coordinates": [
          [63.59921, 53.23684],
          [63.59992, 53.23723]
        ]
      }
    },
    {
      "type": "Feature",
      "properties": { "district": "kostanay-2", "kind": "minor" },
      "geometry": {
        "type": "LineString",
        "coordinates": [
          [63.59721, 53.23572],
          [63.59735, 53.23579],
          [63.59921, 53.23684],
          [63.59921, 53.23684]
        ]
      }
    },
    {
      "type": "Feature",
      "properties": { "district": "kostanay-2", "kind": "minor" },
      "geometry": {
        "type": "LineString",
        "coordinates": [
          [63.58836, 53.23081],
          [63.58995, 53.2317],
          [63.59135, 53.23249],
          [63.59299, 53.23338],
          [63.59351, 53.23367],
          [63.59408, 53.23398],
          [63.59464, 53.23428],
          [63.59646, 53.23529],
          [63.59711, 53.23566]
        ]
      }
    },
    {
      "type": "Feature",
      "properties": { "district": "kostanay-2", "kind": "minor" },
      "geometry": {
        "type": "LineString",
        "coordinates": [
          [63.5961, 53.23644],
          [63.5971, 53.23579],
          [63.59721, 53.23572]
        ]
      }
    },
    {
      "type": "Feature",
      "properties": { "district": "kostanay-2", "kind": "minor" },
      "geometry": {
        "type": "LineString",
        "coordinates": [
          [63.5983, 53.23503],
          [63.59736, 53.23562],
          [63.59721, 53.23572]
        ]
      }
    },
    {
      "type": "Feature",
      "properties": { "district": "kostanay-2", "kind": "minor" },
      "geometry": {
        "type": "LineString",
        "coordinates": [
          [63.59711, 53.23566],
          [63.59721, 53.23572]
        ]
      }
    },
    {
      "type": "Feature",
      "properties": { "district": "vokzal", "kind": "minor" },
      "geometry": {
        "type": "LineString",
        "coordinates": [
          [63.6151, 53.22896],
          [63.61598, 53.22958]
        ]
      }
    },
    {
      "type": "Feature",
      "properties": { "district": "center", "kind": "minor" },
      "geometry": {
        "type": "LineString",
        "coordinates": [
          [63.61962, 53.23036],
          [63.62071, 53.23113]
        ]
      }
    },
    {
      "type": "Feature",
      "properties": { "district": "vokzal", "kind": "minor" },
      "geometry": {
        "type": "LineString",
        "coordinates": [
          [63.62071, 53.23113],
          [63.62108, 53.23139]
        ]
      }
    },
    {
      "type": "Feature",
      "properties": { "district": "vokzal", "kind": "minor" },
      "geometry": {
        "type": "LineString",
        "coordinates": [
          [63.61937, 53.23018],
          [63.6195, 53.23028],
          [63.61962, 53.23036]
        ]
      }
    },
    {
      "type": "Feature",
      "properties": { "district": "center", "kind": "minor" },
      "geometry": {
        "type": "LineString",
        "coordinates": [
          [63.61567, 53.22752],
          [63.61638, 53.22803],
          [63.61719, 53.22862]
        ]
      }
    },
    {
      "type": "Feature",
      "properties": { "district": "vokzal", "kind": "minor" },
      "geometry": {
        "type": "LineString",
        "coordinates": [
          [63.61719, 53.22862],
          [63.61748, 53.22883],
          [63.61786, 53.22911],
          [63.61853, 53.22959]
        ]
      }
    },
    {
      "type": "Feature",
      "properties": { "district": "center", "kind": "minor" },
      "geometry": {
        "type": "LineString",
        "coordinates": [
          [63.61853, 53.22959],
          [63.61937, 53.23018]
        ]
      }
    },
    {
      "type": "Feature",
      "properties": { "district": "vokzal", "kind": "minor" },
      "geometry": {
        "type": "LineString",
        "coordinates": [
          [63.61941, 53.23033],
          [63.61905, 53.23052],
          [63.6182, 53.23097],
          [63.61766, 53.23121]
        ]
      }
    },
    {
      "type": "Feature",
      "properties": { "district": "center", "kind": "minor" },
      "geometry": {
        "type": "LineString",
        "coordinates": [
          [63.61969, 53.23018],
          [63.6195, 53.23028]
        ]
      }
    },
    {
      "type": "Feature",
      "properties": { "district": "vokzal", "kind": "minor" },
      "geometry": {
        "type": "LineString",
        "coordinates": [
          [63.6195, 53.23028],
          [63.61941, 53.23033]
        ]
      }
    },
    {
      "type": "Feature",
      "properties": { "district": "kzhbi", "kind": "minor" },
      "geometry": {
        "type": "LineString",
        "coordinates": [
          [63.59525, 53.18285],
          [63.59481, 53.18175]
        ]
      }
    },
    {
      "type": "Feature",
      "properties": { "district": "kzhbi", "kind": "minor" },
      "geometry": {
        "type": "LineString",
        "coordinates": [
          [63.59683, 53.18686],
          [63.59634, 53.18566],
          [63.59631, 53.18559],
          [63.59595, 53.18467],
          [63.59564, 53.18385],
          [63.5953, 53.18298],
          [63.59525, 53.18285]
        ]
      }
    },
    {
      "type": "Feature",
      "properties": { "district": "kzhbi", "kind": "minor" },
      "geometry": {
        "type": "LineString",
        "coordinates": [
          [63.59385, 53.17946],
          [63.59379, 53.17933]
        ]
      }
    },
    {
      "type": "Feature",
      "properties": { "district": "kzhbi", "kind": "minor" },
      "geometry": {
        "type": "LineString",
        "coordinates": [
          [63.58545, 53.18369],
          [63.58632, 53.18363],
          [63.58646, 53.18362],
          [63.58667, 53.18361],
          [63.58759, 53.18355],
          [63.58905, 53.18346]
        ]
      }
    },
    {
      "type": "Feature",
      "properties": { "district": "kzhbi", "kind": "minor" },
      "geometry": {
        "type": "LineString",
        "coordinates": [
          [63.58932, 53.18344],
          [63.59068, 53.18334],
          [63.59171, 53.18328],
          [63.59191, 53.18326],
          [63.59248, 53.18323],
          [63.5932, 53.18315],
          [63.594, 53.18304],
          [63.59456, 53.18295],
          [63.59501, 53.18289]
        ]
      }
    },
    {
      "type": "Feature",
      "properties": { "district": "kzhbi", "kind": "minor" },
      "geometry": {
        "type": "LineString",
        "coordinates": [
          [63.59501, 53.18289],
          [63.59525, 53.18285],
          [63.59546, 53.18283],
          [63.59674, 53.18263],
          [63.59787, 53.18245],
          [63.59805, 53.18243],
          [63.59905, 53.18228],
          [63.59926, 53.18224],
          [63.59993, 53.18208],
          [63.60042, 53.18194],
          [63.60083, 53.18183],
          [63.60119, 53.1818],
          [63.60152, 53.1818],
          [63.60204, 53.18184],
          [63.60243, 53.18185],
          [63.60278, 53.1818],
          [63.60372, 53.18156],
          [63.60416, 53.18138]
        ]
      }
    },
    {
      "type": "Feature",
      "properties": { "district": "kzhbi", "kind": "major" },
      "geometry": {
        "type": "LineString",
        "coordinates": [
          [63.60469, 53.18105],
          [63.60489, 53.18132]
        ]
      }
    },
    {
      "type": "Feature",
      "properties": { "district": "kzhbi", "kind": "major" },
      "geometry": {
        "type": "LineString",
        "coordinates": [
          [63.60227, 53.17775],
          [63.6045, 53.1808]
        ]
      }
    },
    {
      "type": "Feature",
      "properties": { "district": "narimanovka", "kind": "major" },
      "geometry": {
        "type": "LineString",
        "coordinates": [
          [63.61504, 53.1948],
          [63.6155, 53.19518],
          [63.61597, 53.19553],
          [63.61799, 53.19698],
          [63.61814, 53.19709]
        ]
      }
    },
    {
      "type": "Feature",
      "properties": { "district": "kzhbi", "kind": "major" },
      "geometry": {
        "type": "LineString",
        "coordinates": [
          [63.59986, 53.17448],
          [63.60004, 53.17473],
          [63.60012, 53.17484],
          [63.60115, 53.17624],
          [63.60215, 53.1776],
          [63.60227, 53.17775]
        ]
      }
    },
    {
      "type": "Feature",
      "properties": { "district": "kzhbi", "kind": "major" },
      "geometry": {
        "type": "LineString",
        "coordinates": [
          [63.60676, 53.18403],
          [63.60477, 53.18136]
        ]
      }
    },
    {
      "type": "Feature",
      "properties": { "district": "kzhbi", "kind": "major" },
      "geometry": {
        "type": "LineString",
        "coordinates": [
          [63.60689, 53.18421],
          [63.60682, 53.18411],
          [63.60676, 53.18403]
        ]
      }
    },
    {
      "type": "Feature",
      "properties": { "district": "kzhbi", "kind": "major" },
      "geometry": {
        "type": "LineString",
        "coordinates": [
          [63.60489, 53.18132],
          [63.60685, 53.18397],
          [63.60693, 53.18408]
        ]
      }
    },
    {
      "type": "Feature",
      "properties": { "district": "kzhbi", "kind": "major" },
      "geometry": {
        "type": "LineString",
        "coordinates": [
          [63.6045, 53.1808],
          [63.60469, 53.18105]
        ]
      }
    },
    {
      "type": "Feature",
      "properties": { "district": "kzhbi", "kind": "major" },
      "geometry": {
        "type": "LineString",
        "coordinates": [
          [63.60438, 53.18083],
          [63.60295, 53.17886],
          [63.60216, 53.17778],
          [63.60204, 53.17763]
        ]
      }
    },
    {
      "type": "Feature",
      "properties": { "district": "narimanovka", "kind": "major" },
      "geometry": {
        "type": "LineString",
        "coordinates": [
          [63.60835, 53.18619],
          [63.60796, 53.18566]
        ]
      }
    },
    {
      "type": "Feature",
      "properties": { "district": "kzhbi", "kind": "minor" },
      "geometry": {
        "type": "LineString",
        "coordinates": [
          [63.58551, 53.17348],
          [63.58565, 53.17353],
          [63.58578, 53.17358]
        ]
      }
    },
    {
      "type": "Feature",
      "properties": { "district": "narimanovka", "kind": "major" },
      "geometry": {
        "type": "LineString",
        "coordinates": [
          [63.61793, 53.1913],
          [63.61788, 53.1912],
          [63.61779, 53.19098]
        ]
      }
    },
    {
      "type": "Feature",
      "properties": { "district": "narimanovka", "kind": "major" },
      "geometry": {
        "type": "LineString",
        "coordinates": [
          [63.63319, 53.20408],
          [63.63265, 53.20387],
          [63.63085, 53.20253],
          [63.63073, 53.20244],
          [63.62889, 53.20099],
          [63.62716, 53.19975],
          [63.62707, 53.19968],
          [63.62697, 53.1996],
          [63.62608, 53.19892],
          [63.62517, 53.19832],
          [63.62503, 53.19821],
          [63.62427, 53.19765],
          [63.62389, 53.19738],
          [63.62352, 53.19706],
          [63.62285, 53.19631],
          [63.62262, 53.19604],
          [63.6223, 53.19567],
          [63.62166, 53.19498],
          [63.6214, 53.1947],
          [63.62107, 53.19435],
          [63.62068, 53.19394],
          [63.62017, 53.1934],
          [63.61999, 53.19323],
          [63.61984, 53.19309],
          [63.61949, 53.19274],
          [63.61833, 53.19169],
          [63.61793, 53.1913]
        ]
      }
    },
    {
      "type": "Feature",
      "properties": { "district": "vokzal", "kind": "minor" },
      "geometry": {
        "type": "LineString",
        "coordinates": [
          [63.63851, 53.22868],
          [63.63844, 53.22861]
        ]
      }
    },
    {
      "type": "Feature",
      "properties": { "district": "vokzal", "kind": "minor" },
      "geometry": {
        "type": "LineString",
        "coordinates": [
          [63.64084, 53.2307],
          [63.64027, 53.23018],
          [63.63986, 53.22983],
          [63.63976, 53.22975],
          [63.63925, 53.22931],
          [63.6388, 53.22893]
        ]
      }
    },
    {
      "type": "Feature",
      "properties": { "district": "vokzal", "kind": "minor" },
      "geometry": {
        "type": "LineString",
        "coordinates": [
          [63.63844, 53.22861],
          [63.63894, 53.22839],
          [63.64029, 53.22778]
        ]
      }
    },
    {
      "type": "Feature",
      "properties": { "district": "vokzal", "kind": "minor" },
      "geometry": {
        "type": "LineString",
        "coordinates": [
          [63.64029, 53.22778],
          [63.641, 53.22743],
          [63.64196, 53.22698],
          [63.64371, 53.22615]
        ]
      }
    },
    {
      "type": "Feature",
      "properties": { "district": "vokzal", "kind": "minor" },
      "geometry": {
        "type": "LineString",
        "coordinates": [
          [63.63676, 53.2294],
          [63.63708, 53.22925],
          [63.63813, 53.22875]
        ]
      }
    },
    {
      "type": "Feature",
      "properties": { "district": "ksk", "kind": "major" },
      "geometry": {
        "type": "LineString",
        "coordinates": [
          [63.68057, 53.23854],
          [63.67993, 53.23807],
          [63.67936, 53.23765],
          [63.6786, 53.2371],
          [63.67801, 53.23665],
          [63.67602, 53.23517]
        ]
      }
    },
    {
      "type": "Feature",
      "properties": { "district": "ksk", "kind": "major" },
      "geometry": {
        "type": "LineString",
        "coordinates": [
          [63.68321, 53.2405],
          [63.68264, 53.24007],
          [63.68172, 53.23938],
          [63.68152, 53.23923],
          [63.68131, 53.23908],
          [63.68071, 53.23865],
          [63.68057, 53.23854]
        ]
      }
    },
    {
      "type": "Feature",
      "properties": { "district": "ksk", "kind": "major" },
      "geometry": {
        "type": "LineString",
        "coordinates": [
          [63.68366, 53.24083],
          [63.68321, 53.2405]
        ]
      }
    },
    {
      "type": "Feature",
      "properties": { "district": "kostanay-2", "kind": "major" },
      "geometry": {
        "type": "LineString",
        "coordinates": [
          [63.60795, 53.24306],
          [63.60048, 53.24773],
          [63.59847, 53.24901],
          [63.59815, 53.24912]
        ]
      }
    },
    {
      "type": "Feature",
      "properties": { "district": "kostanay-2", "kind": "major" },
      "geometry": {
        "type": "LineString",
        "coordinates": [
          [63.6084, 53.24278],
          [63.60821, 53.24289],
          [63.60807, 53.24298],
          [63.60795, 53.24306]
        ]
      }
    },
    {
      "type": "Feature",
      "properties": { "district": "kostanay-2", "kind": "major" },
      "geometry": {
        "type": "LineString",
        "coordinates": [
          [63.60827, 53.2427],
          [63.61206, 53.24034]
        ]
      }
    },
    {
      "type": "Feature",
      "properties": { "district": "kostanay-2", "kind": "major" },
      "geometry": {
        "type": "LineString",
        "coordinates": [
          [63.60036, 53.24765],
          [63.60781, 53.24298]
        ]
      }
    },
    {
      "type": "Feature",
      "properties": { "district": "kostanay-2", "kind": "minor" },
      "geometry": {
        "type": "LineString",
        "coordinates": [
          [63.60757, 53.24248],
          [63.60784, 53.24265]
        ]
      }
    },
    {
      "type": "Feature",
      "properties": { "district": "kostanay-2", "kind": "minor" },
      "geometry": {
        "type": "LineString",
        "coordinates": [
          [63.60807, 53.24298],
          [63.60793, 53.24291],
          [63.60767, 53.24276]
        ]
      }
    },
    {
      "type": "Feature",
      "properties": { "district": "narimanovka", "kind": "minor" },
      "geometry": {
        "type": "LineString",
        "coordinates": [
          [63.61925, 53.19724],
          [63.61872, 53.19751],
          [63.61864, 53.19755],
          [63.61748, 53.19814],
          [63.61735, 53.19821],
          [63.61718, 53.1983],
          [63.61637, 53.19871],
          [63.61519, 53.19931],
          [63.61433, 53.19976],
          [63.61366, 53.20011],
          [63.61345, 53.20022],
          [63.61161, 53.20117],
          [63.61015, 53.20192],
          [63.60996, 53.20202]
        ]
      }
    },
    {
      "type": "Feature",
      "properties": { "district": "narimanovka", "kind": "minor" },
      "geometry": {
        "type": "LineString",
        "coordinates": [
          [63.6223, 53.19567],
          [63.62179, 53.19593],
          [63.62157, 53.19605],
          [63.62043, 53.19663],
          [63.61955, 53.19708],
          [63.61942, 53.19715]
        ]
      }
    },
    {
      "type": "Feature",
      "properties": { "district": "narimanovka", "kind": "major" },
      "geometry": {
        "type": "LineString",
        "coordinates": [
          [63.61814, 53.19709],
          [63.61872, 53.19751],
          [63.62009, 53.19848],
          [63.62076, 53.19895],
          [63.62217, 53.19996],
          [63.6232, 53.20067],
          [63.6237, 53.20104]
        ]
      }
    },
    {
      "type": "Feature",
      "properties": { "district": "narimanovka", "kind": "major" },
      "geometry": {
        "type": "LineString",
        "coordinates": [
          [63.61218, 53.1912],
          [63.61277, 53.19201],
          [63.61349, 53.19301],
          [63.61416, 53.1939],
          [63.61453, 53.19432],
          [63.61504, 53.1948]
        ]
      }
    },
    {
      "type": "Feature",
      "properties": { "district": "narimanovka", "kind": "major" },
      "geometry": {
        "type": "LineString",
        "coordinates": [
          [63.60936, 53.18345],
          [63.60885, 53.18359]
        ]
      }
    },
    {
      "type": "Feature",
      "properties": { "district": "kzhbi", "kind": "major" },
      "geometry": {
        "type": "LineString",
        "coordinates": [
          [63.61287, 53.18251],
          [63.61262, 53.18258],
          [63.61139, 53.18291],
          [63.61013, 53.18325],
          [63.60968, 53.18337],
          [63.60936, 53.18345]
        ]
      }
    },
    {
      "type": "Feature",
      "properties": { "district": "narimanovka", "kind": "major" },
      "geometry": {
        "type": "LineString",
        "coordinates": [
          [63.61444, 53.18467],
          [63.61385, 53.18385],
          [63.61329, 53.18304]
        ]
      }
    },
    {
      "type": "Feature",
      "properties": { "district": "kzhbi", "kind": "major" },
      "geometry": {
        "type": "LineString",
        "coordinates": [
          [63.61329, 53.18304],
          [63.61294, 53.1826],
          [63.61287, 53.18251]
        ]
      }
    },
    {
      "type": "Feature",
      "properties": { "district": "kzhbi", "kind": "major" },
      "geometry": {
        "type": "LineString",
        "coordinates": [
          [63.61451, 53.18477],
          [63.61444, 53.18467]
        ]
      }
    },
    {
      "type": "Feature",
      "properties": { "district": "narimanovka", "kind": "minor" },
      "geometry": {
        "type": "LineString",
        "coordinates": [
          [63.61437, 53.18479],
          [63.6142, 53.18478]
        ]
      }
    },
    {
      "type": "Feature",
      "properties": { "district": "narimanovka", "kind": "minor" },
      "geometry": {
        "type": "LineString",
        "coordinates": [
          [63.61451, 53.18477],
          [63.61437, 53.18479]
        ]
      }
    },
    {
      "type": "Feature",
      "properties": { "district": "narimanovka", "kind": "minor" },
      "geometry": {
        "type": "LineString",
        "coordinates": [
          [63.6121, 53.19127],
          [63.61218, 53.1912]
        ]
      }
    },
    {
      "type": "Feature",
      "properties": { "district": "narimanovka", "kind": "minor" },
      "geometry": {
        "type": "LineString",
        "coordinates": [
          [63.61199, 53.19131],
          [63.6121, 53.19127]
        ]
      }
    },
    {
      "type": "Feature",
      "properties": { "district": "narimanovka", "kind": "major" },
      "geometry": {
        "type": "LineString",
        "coordinates": [
          [63.61207, 53.19107],
          [63.61218, 53.1912]
        ]
      }
    },
    {
      "type": "Feature",
      "properties": { "district": "narimanovka", "kind": "major" },
      "geometry": {
        "type": "LineString",
        "coordinates": [
          [63.60807, 53.18563],
          [63.60846, 53.18616],
          [63.60857, 53.18631],
          [63.61118, 53.18985],
          [63.61139, 53.19014],
          [63.61207, 53.19107]
        ]
      }
    },
    {
      "type": "Feature",
      "properties": { "district": "narimanovka", "kind": "major" },
      "geometry": {
        "type": "LineString",
        "coordinates": [
          [63.61197, 53.19109],
          [63.61129, 53.19017],
          [63.61107, 53.18988],
          [63.60848, 53.18636],
          [63.60835, 53.18619]
        ]
      }
    },
    {
      "type": "Feature",
      "properties": { "district": "narimanovka", "kind": "major" },
      "geometry": {
        "type": "LineString",
        "coordinates": [
          [63.6121, 53.19127],
          [63.61197, 53.19109]
        ]
      }
    },
    {
      "type": "Feature",
      "properties": { "district": "center", "kind": "major" },
      "geometry": {
        "type": "LineString",
        "coordinates": [
          [63.64009, 53.21259],
          [63.63994, 53.21249],
          [63.6396, 53.21225],
          [63.6395, 53.21218],
          [63.63831, 53.21136],
          [63.63813, 53.21125],
          [63.63797, 53.21113],
          [63.63712, 53.21055],
          [63.63628, 53.20998],
          [63.63611, 53.20986],
          [63.63581, 53.20966],
          [63.63511, 53.20919],
          [63.63478, 53.20896],
          [63.63463, 53.20886],
          [63.63421, 53.20857],
          [63.63381, 53.2083],
          [63.6337, 53.20823]
        ]
      }
    },
    {
      "type": "Feature",
      "properties": { "district": "narimanovka", "kind": "major" },
      "geometry": {
        "type": "LineString",
        "coordinates": [
          [63.6337, 53.20823],
          [63.63303, 53.20777]
        ]
      }
    },
    {
      "type": "Feature",
      "properties": { "district": "center", "kind": "major" },
      "geometry": {
        "type": "LineString",
        "coordinates": [
          [63.63303, 53.20777],
          [63.63276, 53.20759],
          [63.63228, 53.20725]
        ]
      }
    },
    {
      "type": "Feature",
      "properties": { "district": "narimanovka", "kind": "major" },
      "geometry": {
        "type": "LineString",
        "coordinates": [
          [63.63228, 53.20725],
          [63.63111, 53.20642],
          [63.6303, 53.20587],
          [63.62926, 53.20511],
          [63.62775, 53.20404],
          [63.62775, 53.20403],
          [63.62766, 53.20397],
          [63.62755, 53.20389],
          [63.62675, 53.20332],
          [63.62603, 53.20282],
          [63.62573, 53.2026],
          [63.62484, 53.20196],
          [63.62434, 53.20161],
          [63.6242, 53.20151],
          [63.62379, 53.20122],
          [63.62372, 53.20117],
          [63.6236, 53.20108],
          [63.62229, 53.20015],
          [63.62208, 53.2],
          [63.62067, 53.199],
          [63.61999, 53.19852],
          [63.61864, 53.19755],
          [63.61838, 53.19737],
          [63.6179, 53.19702],
          [63.61588, 53.19557],
          [63.61541, 53.19522],
          [63.61495, 53.19484],
          [63.61444, 53.19435],
          [63.61406, 53.19393],
          [63.61336, 53.19301],
          [63.6121, 53.19127]
        ]
      }
    },
    {
      "type": "Feature",
      "properties": { "district": "kzhbi", "kind": "major" },
      "geometry": {
        "type": "LineString",
        "coordinates": [
          [63.60786, 53.18552],
          [63.60689, 53.18421]
        ]
      }
    },
    {
      "type": "Feature",
      "properties": { "district": "narimanovka", "kind": "major" },
      "geometry": {
        "type": "LineString",
        "coordinates": [
          [63.60796, 53.18566],
          [63.60786, 53.18552]
        ]
      }
    },
    {
      "type": "Feature",
      "properties": { "district": "kzhbi", "kind": "minor" },
      "geometry": {
        "type": "LineString",
        "coordinates": [
          [63.60737, 53.18573],
          [63.60751, 53.18579]
        ]
      }
    },
    {
      "type": "Feature",
      "properties": { "district": "zapadny", "kind": "minor" },
      "geometry": {
        "type": "LineString",
        "coordinates": [
          [63.60485, 53.18569],
          [63.60622, 53.18548],
          [63.60664, 53.18547]
        ]
      }
    },
    {
      "type": "Feature",
      "properties": { "district": "kzhbi", "kind": "minor" },
      "geometry": {
        "type": "LineString",
        "coordinates": [
          [63.60664, 53.18547],
          [63.60707, 53.18558],
          [63.60737, 53.18573]
        ]
      }
    },
    {
      "type": "Feature",
      "properties": { "district": "narimanovka", "kind": "major" },
      "geometry": {
        "type": "LineString",
        "coordinates": [
          [63.60835, 53.18619],
          [63.60822, 53.18622]
        ]
      }
    },
    {
      "type": "Feature",
      "properties": { "district": "narimanovka", "kind": "major" },
      "geometry": {
        "type": "LineString",
        "coordinates": [
          [63.60846, 53.18616],
          [63.60835, 53.18619]
        ]
      }
    },
    {
      "type": "Feature",
      "properties": { "district": "kostanay-2", "kind": "minor" },
      "geometry": {
        "type": "LineString",
        "coordinates": [
          [63.59942, 53.23429],
          [63.59961, 53.2344],
          [63.59988, 53.23454],
          [63.60007, 53.23465],
          [63.60017, 53.2347],
          [63.60039, 53.23475],
          [63.60053, 53.23478],
          [63.60064, 53.23478],
          [63.6008, 53.23478],
          [63.60119, 53.23481],
          [63.60154, 53.23482],
          [63.60176, 53.23484],
          [63.6019, 53.23486],
          [63.60204, 53.2349],
          [63.60213, 53.23495],
          [63.6023, 53.23508],
          [63.60236, 53.23516],
          [63.60244, 53.23529],
          [63.60251, 53.23554],
          [63.60261, 53.23586],
          [63.60263, 53.23593],
          [63.60263, 53.23598],
          [63.60266, 53.23603],
          [63.60277, 53.2361],
          [63.60318, 53.23636]
        ]
      }
    },
    {
      "type": "Feature",
      "properties": { "district": "kostanay-2", "kind": "minor" },
      "geometry": {
        "type": "LineString",
        "coordinates": [
          [63.60486, 53.23981],
          [63.60471, 53.23991]
        ]
      }
    },
    {
      "type": "Feature",
      "properties": { "district": "kostanay-2", "kind": "minor" },
      "geometry": {
        "type": "LineString",
        "coordinates": [
          [63.60719, 53.23539],
          [63.60703, 53.23541],
          [63.60681, 53.2354],
          [63.60646, 53.23526],
          [63.60633, 53.23527],
          [63.60424, 53.23657],
          [63.60395, 53.23678],
          [63.60365, 53.2366],
          [63.60318, 53.23636]
        ]
      }
    },
    {
      "type": "Feature",
      "properties": { "district": "zapadny", "kind": "minor" },
      "geometry": {
        "type": "LineString",
        "coordinates": [
          [63.6001, 53.1864],
          [63.60023, 53.18668],
          [63.60037, 53.18708]
        ]
      }
    },
    {
      "type": "Feature",
      "properties": { "district": "zapadny", "kind": "minor" },
      "geometry": {
        "type": "LineString",
        "coordinates": [
          [63.60037, 53.18708],
          [63.60022, 53.18711]
        ]
      }
    }
  ]
}
